product_id,product_name,category_id,brand,unit_price,unit_cost,launch_date
1,INFLATABLE POLITICAL GLOBE,5,Own Brand,0.98,0.81,2009-12-04
2,DOGGY RUBBER,9,Own Brand,0.24,0.19,2010-03-05
3,HEARTS WRAPPING TAPE,6,Own Brand,0.68,0.53,2009-12-18
4,ARMY CAMO WRAPPING TAPE,5,Own Brand,0.07,0.06,2010-08-09
5,MINI FUNKY DESIGN TAPES,6,Own Brand,0.98,0.76,2010-04-09
6,COLOURING PENCILS BROWN TUBE,9,Own Brand,0.98,0.77,2009-12-18
7,COLOURING PENCILS BROWN TUBE,9,Own Brand,1.44,1.14,2010-02-15
8,COLOURING PENCILS BROWN TUBE,9,Own Brand,1.44,1.14,2010-03-08
9,ASSTD DESIGN RACING CAR PEN,6,Own Brand,1.94,1.5,2009-12-10
10,PAPER POCKET TRAVELING FAN,9,Own Brand,0.16,0.13,2010-07-02
11,ASSORTED COLOURS SILK FAN,5,Own Brand,0.86,0.71,2009-12-07
12,SANDALWOOD FAN,5,Own Brand,0.98,0.81,2009-12-18
13,PINK PAPER PARASOL,9,Own Brand,3.39,2.68,2009-12-07
14,BLUE PAPER PARASOL,9,Own Brand,3.39,2.68,2009-12-07
15,PURPLE PAPER PARASOL,9,Own Brand,3.39,2.68,2010-04-29
16,RED PAPER PARASOL,9,Own Brand,3.39,2.68,2010-03-15
17,EDWARDIAN PARASOL BLACK,4,Own Brand,6.84,5.71,2009-12-01
18,EDWARDIAN PARASOL NATURAL,4,Own Brand,6.84,5.71,2009-12-01
19,EDWARDIAN PARASOL PINK,4,Own Brand,6.84,5.71,2009-12-08
20,BLUE POLKADOT GARDEN PARASOL,4,Own Brand,9.14,7.63,2010-05-20
21,PINK POLKADOT GARDEN PARASOL,4,Own Brand,9.14,7.63,2010-05-23
22,ICE CREAM DESIGN GARDEN PARASOL,6,Own Brand,4.54,3.52,2011-03-14
23,FAIRY CAKE DESIGN UMBRELLA,7,Own Brand,4.31,3.53,2009-12-14
24,SMALL FOLDING SCISSOR(POINTED EDGE),5,Own Brand,0.14,0.12,2010-03-25
25,ANIMAL STICKERS,9,Own Brand,0.24,0.19,2011-05-12
26,FOOD/DRINK SPONGE STICKERS,9,Own Brand,0.24,0.19,2010-02-09
27,SMALL CHINESE STYLE SCISSOR,5,Own Brand,0.48,0.4,2010-09-07
28,LARGE CHINESE STYLE SCISSOR,5,Own Brand,0.98,0.81,2010-07-01
29,MINI HIGHLIGHTER PENS,6,Own Brand,0.1,0.08,2010-04-18
30,POP ART PUSH DOWN RUBBER,9,Own Brand,0.07,0.06,2010-08-09
31,POPART WOODEN PENCILS ASST,9,Own Brand,0.05,0.04,2010-05-24
32,POP ART PEN CASE & PENS,1,Own Brand,0.98,0.79,2009-12-13
33,TEATIME ROUND PENCIL SHARPENER,9,Own Brand,0.14,0.11,2010-01-08
34,TEATIME PENCIL W STAMP ASST,9,Own Brand,0.28,0.22,2009-12-10
35,TEATIME PUSH DOWN RUBBER,9,Own Brand,0.48,0.38,2010-02-01
36,POPART COL BALLPOINT PEN ASST,9,Own Brand,0.03,0.02,2010-08-09
37,POPART RECT PENCIL SHARPENER ASST,9,Own Brand,0.14,0.11,2011-08-18
38,WRAP CAROUSEL,8,Own Brand,0.48,0.36,2010-06-16
39,WRAP PINK FAIRY CAKES,8,Own Brand,0.48,0.36,2010-03-07
40,WRAP BAD HAIR DAY,8,Own Brand,0.12,0.09,2010-03-07
41,WRAP PINK FLOCK,8,Own Brand,0.48,0.36,2010-09-15
42,WRAP ENGLISH ROSE,8,Own Brand,0.48,0.36,2009-12-01
43,WRAP SUKI AND FRIENDS,8,Own Brand,0.48,0.36,2009-12-01
44,FUNKY MONKEY GIFT BAG MEDIUM,1,Own Brand,0.48,0.39,2010-03-24
45,WRAP BLUE REINDEER,3,Own Brand,0.48,0.36,2009-12-01
46,WRAP WINTER FOREST,8,Own Brand,0.48,0.36,2009-12-01
47,WRAP 50'S CHRISTMAS,3,Own Brand,0.48,0.36,2011-08-12
48,WRAP BLIZZARD,8,Own Brand,0.48,0.36,2009-12-01
49,WRAP FOLK ART,8,Own Brand,0.48,0.36,2009-12-04
50,WRAP DAISY CARPET,8,Own Brand,0.48,0.36,2010-02-12
51,WRAP BLUE RUSSIAN FOLKART,8,Own Brand,0.48,0.36,2009-12-01
52,WRAP GREEN RUSSIAN FOLKART,8,Own Brand,0.48,0.36,2009-12-04
53,PASTEL PINK PHOTO ALBUM,5,Own Brand,0.2,0.17,2010-08-09
54,PASTEL BLUE PHOTO ALBUM,5,Own Brand,0.2,0.17,2010-07-14
55,BEIGE PHOTO ALBUM,5,Own Brand,2.24,1.85,2010-01-21
56,PINK STRAWBERRY HANDBAG,1,Own Brand,3.39,2.73,2010-09-02
57,PINK HEART RED HANDBAG,1,Own Brand,3.39,2.73,2010-01-19
58,FUNKY GIRLZ ASST MAGNETIC MEMO PAD,5,Own Brand,0.75,0.62,2010-04-16
59,CARTOON PENCIL SHARPENERS,9,Own Brand,0.07,0.06,2010-08-15
60,HOUSE SHAPE PENCIL SHARPENER,9,Own Brand,0.16,0.13,2010-01-19
61,RATTLE SNAKE EGGS,7,Own Brand,1.44,1.18,2010-08-23
62,RECYCLED PENCIL WITH RABBIT ERASER,9,Own Brand,0.24,0.19,2009-12-13
63,KITTY PENCIL ERASERS,9,Own Brand,0.24,0.19,2010-04-09
64,SLEEPING CAT ERASERS,9,Own Brand,0.24,0.19,2010-01-19
65,PARTY TIME PENCIL ERASERS,8,Own Brand,0.24,0.18,2010-03-18
66,BALLERINA HEART DECORATION.,6,Own Brand,3.39,2.63,2010-01-27
67,TRANSPARENT ACRYLIC TAPE DISPENSER,5,Own Brand,0.29,0.24,2010-01-21
68,FLOWER PENCIL/RUBBER+5 MINI PENCILS,9,Own Brand,0.48,0.38,2010-02-01
69,SWIRLY CIRCULAR RUBBERS IN BAG,1,Own Brand,0.48,0.39,2011-07-22
70,PIECE OF CAMO STATIONERY SET,5,Own Brand,0.24,0.2,2010-10-12
71,BROCADE RING PURSE,1,Own Brand,0.24,0.19,2010-08-23
72,ORIGAMI VANILLA INCENSE+FLOWER,4,Own Brand,0.34,0.28,2010-08-20
73,ORIGAMI JASMINE INCENSE+FLOWER,4,Own Brand,0.34,0.28,2010-08-20
74,ORIGAMI ROSE INCENSE+FLOWER,4,Own Brand,0.34,0.28,2010-08-20
75,ORIGAMI SANDLEWOOD INCENSE+FLOWER,4,Own Brand,1.58,1.32,2010-09-01
76,ORIGAMI VANILLA INCENSE/CANDLE SET,6,Own Brand,0.98,0.76,2011-10-11
77,ORIGAMI JASMINE INCENSE/CANDLE SET,6,Own Brand,0.98,0.76,2011-10-11
78,ORIGAMI LAVENDER INCENSE/CANDL SET,5,Own Brand,2.93,2.42,2010-09-01
79,ORIGAMI ROSE INCENSE/CANDLE SET,6,Own Brand,0.98,0.76,2011-10-11
80,ORIGAMI SANDLEWOOD INCENSE/CAND SET,5,Own Brand,2.93,2.42,2010-09-01
81,ORIGAMI ROSE INCENSE IN TUBE,5,Own Brand,0.34,0.28,2010-08-20
82,ORIGAMI SANDLEWOOD INCENSE IN TUBE,5,Own Brand,0.34,0.28,2010-08-20
83,ORIGAMI ROSE INCENSE CONES,5,Own Brand,0.34,0.28,2010-08-20
84,ORIGAMI OPIUM INCENSE CONES,5,Own Brand,0.34,0.28,2010-08-20
85,ORIGAMI SANDLEWOOD INCENSE CONES,5,Own Brand,0.34,0.28,2010-08-20
86,NAMASTE SWAGAT INCENSE,5,Own Brand,0.34,0.28,2011-06-09
87,PORCELAIN BUDAH INCENSE HOLDER,6,Own Brand,0.12,0.09,2011-09-09
88,LOVE POTION MASALA INCENSE,5,Own Brand,0.24,0.2,2010-08-23
89,DRAGONS BLOOD INCENSE,5,Own Brand,0.24,0.2,2010-09-21
90,ASSORTED INCENSE PACK,5,Own Brand,0.24,0.2,2010-05-10
91,LAVENDER INCENSE IN TIN,7,Own Brand,1.44,1.18,2010-04-08
92,VANILLA INCENSE IN TIN,7,Own Brand,0.44,0.36,2010-05-12
93,ASSORTED LAQUERED INCENSE HOLDERS,6,Own Brand,0.24,0.19,2010-08-23
94,"FLOWER FAIRY,5 SUMMER B'DRAW LINERS",4,Own Brand,2.93,2.45,2010-03-25
95,FLOWER FAIRY SUMMER BOUQUET SACHET,4,Own Brand,0.48,0.4,2010-01-15
96,FLOWER FAIRY INCENSE BOUQUET,4,Own Brand,1.94,1.62,2010-05-20
97,ASS COL SMALL SAND GECKO P'WEIGHT,5,Own Brand,0.48,0.4,2010-05-24
98,ASSTD RASTA KEY-CHAINS,5,Own Brand,0.48,0.4,2010-02-01
99,CIRCLE OF FRIENDS CANDLE HOLDER,6,Own Brand,2.93,2.27,2010-05-10
100,ESSENTIAL BALM 3.5g TIN IN ENVELOPE,7,Own Brand,0.21,0.17,2010-03-25
101,WHITE AND BLUE CERAMIC OIL BURNER,5,Own Brand,1.44,1.19,2010-08-23
102,WHITE ROUND PORCELAIN TLIGHT HOLDER,6,Own Brand,2.93,2.27,2009-12-14
103,WHITE TALL PORCELAIN T-LIGHT HOLDER,6,Own Brand,2.93,2.27,2010-12-14
104,PORCELAIN BUTTERFLY OIL BURNER,5,Own Brand,3.39,2.81,2010-06-30
105,BLUE POLKADOT PASSPORT COVER,5,Own Brand,2.42,2.0,2010-01-08
106,CHERRY BLOSSOM PASSPORT COVER,5,Own Brand,2.42,2.0,2010-07-05
107,FIRST CLASS PASSPORT COVER,5,Own Brand,2.42,2.0,2009-12-10
108,QUEEN OF THE SKIES PASSPORT COVER,5,Own Brand,2.42,2.0,2009-12-10
109,TROPICAL PASSPORT COVER,5,Own Brand,2.42,2.0,2010-03-18
110,VIPPASSPORT COVER,5,Own Brand,2.42,2.0,2009-12-10
111,BLUE SPOTTY LUGGAGE TAG,5,Own Brand,1.44,1.19,2010-01-08
112,CHERRY BLOSSOM LUGGAGE TAG,5,Own Brand,1.44,1.19,2010-01-14
113,FIRST CLASS LUGGAGE TAG,5,Own Brand,1.44,1.19,2010-05-25
114,QUEEN OF SKIES LUGGAGE TAG,5,Own Brand,1.44,1.19,2009-12-23
115,TROPICAL LUGGAGE TAG,5,Own Brand,0.94,0.78,2009-12-18
116,RED SPOTTY LUGGAGE TAG,5,Own Brand,1.44,1.19,2009-12-23
117,ECONOMY LUGGAGE TAG,5,Own Brand,1.44,1.19,2010-06-07
118,VIP LUGGAGE TAG,5,Own Brand,1.44,1.19,2009-12-23
119,BLUE SPOTTY PURSE,1,Own Brand,3.39,2.73,2009-12-07
120,FIRST CLASS HOLIDAY PURSE,1,Own Brand,3.39,2.73,2009-12-10
121,QUEEN OF THE SKIES HOLIDAY PURSE,1,Own Brand,3.39,2.73,2009-12-10
122,RED SPOTTY PURSE,1,Own Brand,3.39,2.73,2009-12-07
123,ECONOMY HOLIDAY PURSE,1,Own Brand,1.8,1.45,2010-04-29
124,DISCO BALL CHRISTMAS DECORATION,3,Own Brand,0.14,0.1,2010-10-07
125,RED HEART LUGGAGE TAG,6,Own Brand,1.44,1.12,2010-02-11
126,VIP HOLIDAY PURSE,1,Own Brand,0.2,0.16,2009-12-10
127,BLUE TEATIME PRINT BOWL,7,Own Brand,1.44,1.18,2010-07-13
128,PINK TEATIME PRINT BOWL,7,Own Brand,1.44,1.18,2010-01-31
129,GREEN POLKADOT BOWL,7,Own Brand,1.44,1.18,2009-12-14
130,BLUE SPOTTY BOWL,7,Own Brand,1.44,1.18,2009-12-17
131,RED RETROSPOT BOWL,7,Own Brand,1.44,1.18,2009-12-01
132,PINK POLKADOT BOWL,7,Own Brand,1.44,1.18,2009-12-22
133,EDWARDIAN PARASOL RED,4,Own Brand,6.84,5.71,2009-12-04
134,PINK SPOTTY CHILDS UMBRELLA,10,Own Brand,3.74,3.04,2009-12-01
135,RED RETROSPOT CHILDRENS UMBRELLA,10,Own Brand,3.74,3.04,2009-12-01
136,STRAWBERRY DREAM CHILDS UMBRELLA,10,Own Brand,3.74,3.04,2009-12-01
137,DOORMAT RED RETROSPOT,6,Own Brand,8.61,6.67,2009-12-01
138,DOLLY MIXTURE CHILDREN'S UMBRELLA,11,Own Brand,3.74,2.93,2009-12-04
139,BEAUTY SPEED EXPRESSO CUPS,7,Own Brand,0.52,0.43,2010-03-17
140,RETRO SISTERS EXPRESSO CUPS,7,Own Brand,6.84,5.61,2009-12-07
141,FLORAL ELEPHANT SOFT TOY,11,Own Brand,4.6,3.6,2009-12-09
142,FLORAL PINK MONSTER,5,Own Brand,4.31,3.57,2010-07-14
143,FLORAL BLUE MONSTER,5,Own Brand,4.6,3.81,2010-09-24
144,FLORAL SOFT CAR TOY,11,Own Brand,4.31,3.37,2009-12-02
145,MOUSEY LONG LEGS SOFT TOY,11,Own Brand,2.93,2.29,2010-09-06
146,GREEN CAT FLORAL CUSHION COVER,6,Own Brand,4.31,3.34,2010-05-26
147,PINK CAT FLORAL CUSHION COVER,6,Own Brand,4.31,3.34,2010-08-23
148,PINK PADDED MOBILE,5,Own Brand,4.89,4.05,2009-12-09
149,BLUE PADDED SOFT MOBILE,5,Own Brand,4.89,4.05,2009-12-09
150,MR ROBOT SOFT TOY,11,Own Brand,7.99,6.25,2010-06-28
151,MRS ROBOT SOFT TOY,11,Own Brand,7.99,6.25,2010-05-25
152,CRAZY DAISY HEART DECORATION,6,Own Brand,1.44,1.12,2009-12-18
153,JUMBO BAG TOYS,1,Own Brand,2.24,1.8,2009-12-01
154,JUMBO BAG WOODLAND ANIMALS,1,Own Brand,2.24,1.8,2009-12-01
155,JUMBO BAG OWLS,1,Own Brand,2.24,1.8,2009-12-08
156,POSY SHOPPER BAG,1,Own Brand,0.44,0.35,2009-12-18
157,PARTY FOOD SHOPPER BAG,8,Own Brand,1.44,1.09,2009-12-16
158,STRAWBERRY SHOPPER BAG,1,Own Brand,1.44,1.16,2009-12-16
159,RED SPOTTY SHOPPER BAG,1,Own Brand,1.44,1.16,2009-12-01
160,WOODLAND CHARLOTTE BAG,1,Own Brand,0.98,0.79,2009-12-01
161,STRAWBERRY CHARLOTTE BAG,1,Own Brand,0.98,0.79,2009-12-07
162,RED RETROSPOT CHARLOTTE BAG,1,Own Brand,0.98,0.79,2009-12-01
163,LUNCH BAG RED RETROSPOT,1,Own Brand,1.9,1.53,2009-12-01
164,LUNCH BAG WOODLAND,1,Own Brand,1.9,1.53,2009-12-10
165,LUNCH BAG BLACK SKULL.,1,Own Brand,1.9,1.53,2009-12-08
166,LUNCH BAG CARS BLUE,1,Own Brand,1.9,1.53,2009-12-01
167,RED SPOTTY CANDY BAG,1,Own Brand,1.44,1.16,2009-12-08
168,STRAWBERRY CANDY BAG,1,Own Brand,1.44,1.16,2009-12-18
169,POSY CANDY BAG,1,Own Brand,1.44,1.16,2010-04-08
170,GOLD MINI TAPE MEASURE,5,Own Brand,0.98,0.81,2010-02-22
171,SILVER MINI TAPE MEASURE,5,Own Brand,0.98,0.81,2009-12-13
172,BLACK MINI TAPE MEASURE,5,Own Brand,0.98,0.81,2011-03-07
173,GREEN MINI TAPE MEASURE,5,Own Brand,0.98,0.81,2010-01-11
174,PICCADILLY TEA SET,5,Own Brand,17.19,14.22,2009-12-04
175,KENSINGTON COFFEE SET,5,Own Brand,14.66,12.13,2010-01-25
176,ASSORTED COLOUR MINI CASES,1,Own Brand,9.14,7.36,2009-12-01
177,RED RETROSPOT MINI CASES,1,Own Brand,9.14,7.36,2009-12-01
178,FUNKY WASHING UP GLOVES ASSORTED,10,Own Brand,2.42,1.97,2009-12-07
179,BLUE POLKADOT WASHING UP GLOVES,10,Own Brand,2.42,1.97,2010-03-12
180,RETRO PINK SPOT WASHING UP GLOVES,10,Own Brand,2.42,1.97,2009-12-14
181,RETRO RED SPOTTY WASHING UP GLOVES,10,Own Brand,2.42,1.97,2009-12-14
182,BLUE PAISLEY POCKET BOOK,5,Own Brand,0.98,0.81,2010-03-05
183,GREEN FERN POCKET BOOK,5,Own Brand,0.98,0.81,2010-11-04
184,ABSTRACT CIRCLES POCKET BOOK,5,Own Brand,0.98,0.81,2010-03-05
185,CHRYSANTHEMUM POCKET BOOK,5,Own Brand,0.86,0.71,2010-03-05
186,GARDEN PATH POCKET BOOK,4,Own Brand,0.98,0.82,2010-11-04
187,BLUE PAISLEY SKETCHBOOK,9,Own Brand,4.31,3.4,2010-11-04
188,GREEN FERN SKETCHBOOK,9,Own Brand,3.39,2.68,2010-11-04
189,ABSTRACT CIRCLES SKETCHBOOK,9,Own Brand,4.31,3.4,2009-12-04
190,GARDEN PATH SKETCHBOOK,9,Own Brand,4.31,3.4,2010-11-04
191,BLUE PAISLEY JOURNAL,9,Own Brand,2.93,2.31,2010-03-05
192,GREEN FERN JOURNAL,9,Own Brand,2.42,1.91,2010-03-05
193,DAISY JOURNAL,9,Own Brand,2.93,2.31,2010-03-05
194,ABSTRACT CIRCLE JOURNAL,9,Own Brand,2.93,2.31,2010-01-22
195,CHRYSANTHEMUM JOURNAL,9,Own Brand,2.93,2.31,2010-03-26
196,GARDEN PATH JOURNAL,9,Own Brand,2.93,2.31,2010-03-05
197,GREEN FERN NOTEBOOK,9,Own Brand,1.9,1.5,2011-09-04
198,ABSTRACT CIRCLES NOTEBOOK,9,Own Brand,1.9,1.5,2010-01-22
199,CHRYSANTHEMUM NOTEBOOK,9,Own Brand,1.9,1.5,2010-06-07
200,GARDEN PATH NOTEBOOK,9,Own Brand,1.9,1.5,2010-06-07
201,BLACK EAR MUFF HEADPHONES,5,Own Brand,6.31,5.22,2009-12-07
202,GOLD EAR MUFF HEADPHONES,5,Own Brand,6.31,5.22,2010-03-04
203,CAMOUFLAGE EAR MUFF HEADPHONES,5,Own Brand,6.31,5.22,2010-03-04
204,HEART EAR MUFF HEADPHONES,6,Own Brand,6.31,4.89,2010-03-04
205,FUSCHIA RETRO BAR STOOL,5,Own Brand,45.94,38.01,2010-05-26
206,BLUE TILE HOOK,6,Own Brand,2.93,2.27,2010-03-26
207,LARGE BLUE PROVENCAL CERAMIC BALL,5,Own Brand,2.42,2.0,2010-11-23
208,SMALL BLUE PROVENCAL CERAMIC BALL,5,Own Brand,1.9,1.57,2011-08-22
209,CLEAR MILKSHAKE GLASS,5,Own Brand,2.42,2.0,2010-03-07
210,PINK MILKSHAKE GLASS,5,Own Brand,2.42,2.0,2010-02-15
211,LARGE GLASS SUNDAE DISH CLEAR,5,Own Brand,0.29,0.24,2010-03-17
212,LARGE PINK GLASS SUNDAE DISH,5,Own Brand,0.91,0.75,2011-01-17
213,SMALL PINK GLASS SUNDAE DISH,5,Own Brand,1.9,1.57,2010-02-15
214,GOLD FLOWER CUSHION COVER,6,Own Brand,7.76,6.01,2010-10-29
215,GOLD TEDDY BEAR,11,Own Brand,2.88,2.25,2009-12-05
216,SILVER TEDDY BEAR,11,Own Brand,4.31,3.37,2009-12-05
217,GLITTER BUTTERFLY CLIPS,9,Own Brand,2.93,2.31,2010-01-27
218,GLITTER HANGING BUTTERFLY STRING,6,Own Brand,2.42,1.88,2010-07-02
219,SILVER PHOTO FRAME,6,Own Brand,2.42,1.88,2010-08-27
220,GOLD PHOTO FRAME,6,Own Brand,2.42,1.88,2010-01-27
221,RED FLOCK LOVE HEART PHOTO FRAME,6,Own Brand,0.72,0.56,2010-11-23
222,FRENCH PAISLEY CUSHION COVER,6,Own Brand,0.95,0.74,2011-09-05
223,FRENCH FLORAL CUSHION COVER,6,Own Brand,0.95,0.74,2011-06-15
224,FRENCH LATTICE CUSHION COVER,6,Own Brand,0.98,0.76,2011-07-27
225,FRENCH PAISLEY CUSHION COVER,6,Own Brand,0.98,0.76,2010-09-21
226,FRENCH FLORAL CUSHION COVER,6,Own Brand,0.98,0.76,2009-12-18
227,ZINC HEART LATTICE 2 WALL PLANTER,6,Own Brand,7.3,5.66,2009-12-18
228,ZINC HEART LATTICE T-LIGHT HOLDER,6,Own Brand,1.44,1.12,2010-10-01
229,ZINC HEART LATTICE CHARGER LARGE,6,Own Brand,4.31,3.34,2011-06-21
230,ZINC HEART LATTICE DOUBLE PLANTER,6,Own Brand,0.57,0.44,2010-02-15
231,ZINC HEART LATTICE PLANTER BOWL,7,Own Brand,0.57,0.47,2010-02-15
232,ZINC HEART LATTICE TRAY OVAL,7,Own Brand,0.57,0.47,2010-02-15
233,BLUE PATCH PURSE PINK HEART,1,Own Brand,1.9,1.53,2010-02-23
234,PINK PATCH PURSE BLUE HEART,1,Own Brand,1.9,1.53,2010-02-23
235,DENIM PATCH PURSE PINK BUTTERFLY,1,Own Brand,1.9,1.53,2010-02-23
236,BLUE ROSE PATCH PURSE PINK BUTTERFL,1,Own Brand,1.9,1.53,2010-01-24
237,GOLD COSMETIC BAG PINK STAR,1,Own Brand,2.42,1.95,2009-12-10
238,PINK PATCH PENCIL CASE BLUE HEART,1,Own Brand,2.42,1.95,2009-12-10
239,BLUE PATCH PENCIL CASE PINK HEART,1,Own Brand,2.42,1.95,2010-02-23
240,DENIM PATCH PENCIL CASE BUTTERFLY,1,Own Brand,2.42,1.95,2009-12-10
241,PATCHWORK PENCIL CASE BUTTERFLY,1,Own Brand,2.42,1.95,2010-01-19
242,BLUE ROSE FABRIC MIRROR,6,Own Brand,1.44,1.12,2010-03-26
243,PINK ROSE FABRIC MIRROR,6,Own Brand,1.44,1.12,2010-05-26
244,SILVER FABRIC MIRROR,6,Own Brand,0.94,0.73,2010-11-28
245,GOLD FABRIC MIRROR,6,Own Brand,0.94,0.73,2010-07-14
246,OPULENT VELVET CANDLE IN BOX,1,Own Brand,2.42,1.95,2009-12-03
247,OPULENT VELVET SET/3 CANDLES,6,Own Brand,1.44,1.12,2010-01-12
248,BOX OF 9 PEBBLE CANDLES,1,Own Brand,2.24,1.8,2010-01-19
249,JARDIN DE FEMME SCENTED CANDLE,1,Own Brand,0.34,0.27,2010-01-21
250,SET/3 TALL GLASS CANDLE HOLDER PINK,6,Own Brand,11.44,8.87,2010-05-21
251,HANGING BAUBLE T-LIGHT HOLDER SMALL,6,Own Brand,2.93,2.27,2010-08-31
252,VINTAGE NOTEBOOK PARIS DAYS,9,Own Brand,3.39,2.68,2010-07-23
253,VINTAGE NOTEBOOK TRAVELOGUE,9,Own Brand,3.39,2.68,2010-07-23
254,VINTAGE KEEPSAKE BOX PINK FLOWER,1,Own Brand,7.3,5.88,2010-05-24
255,VINTAGE KEEPSAKE BOX PARIS DAYS,1,Own Brand,7.3,5.88,2010-10-07
256,VINTAGE KEEPSAKE BOX TRAVELOGUE,1,Own Brand,7.3,5.88,2010-10-07
257,SET/5 RED RETROSPOT LID GLASS BOWLS,7,Own Brand,3.39,2.78,2009-12-01
258,BLUE POT PLANT CANDLE,6,Own Brand,4.31,3.34,2009-12-14
259,PINK POT PLANT CANDLE,6,Own Brand,4.31,3.34,2010-04-12
260,YELLOW POT PLANT CANDLE,6,Own Brand,3.39,2.63,2010-01-21
261,SET/3 POT PLANT CANDLES,6,Own Brand,5.98,4.63,2010-01-21
262,SET/6 GARDEN GNOME T-LIGHT CANDLES,6,Own Brand,3.39,2.63,2009-12-04
263,FROG CANDLE,6,Own Brand,1.44,1.12,2009-12-04
264,SET/6 GINGERBREAD STAR T-LIGHTS,6,Own Brand,1.44,1.12,2010-06-30
265,SET/6 ANGEL T-LIGHTS WHITE/GOLD,6,Own Brand,0.48,0.37,2010-09-01
266,PORCELAIN CHERUB BELL SMALL,5,Own Brand,0.48,0.4,2010-03-29
267,PORCELAIN CHERUB BELL LARGE,5,Own Brand,1.9,1.57,2010-03-29
268,PORCELAIN T-LIGHT HOLDERS ASSORTED,6,Own Brand,1.44,1.12,2010-12-03
269,PORCELAIN HANGING BELL SMALL,6,Own Brand,1.67,1.29,2010-10-06
270,WATERMELON BATH SPONGE,2,Own Brand,1.44,1.15,2009-12-14
271,STRAWBERRY BATH SPONGE,2,Own Brand,1.44,1.15,2010-01-27
272,APPLE BATH SPONGE,2,Own Brand,1.44,1.15,2010-01-19
273,POLYESTER FILLER PAD 60x40cm,5,Own Brand,2.93,2.42,2009-12-01
274,SANDWICH BATH SPONGE,2,Own Brand,1.44,1.15,2009-12-14
275,GREY FLORAL FELTCRAFT SHOULDER BAG,1,Own Brand,4.31,3.47,2010-01-22
276,RED FLORAL FELTCRAFT SHOULDER BAG,1,Own Brand,4.31,3.47,2010-01-22
277,PINK FLORAL FELTCRAFT SHOULDER BAG,1,Own Brand,4.31,3.47,2010-04-16
278,PINK BLUE FELT CRAFT TRINKET BOX,1,Own Brand,1.44,1.16,2010-01-19
279,PINK CREAM FELT CRAFT TRINKET BOX,1,Own Brand,1.44,1.16,2010-01-19
280,12 PENCIL SMALL TUBE WOODLAND,9,Own Brand,0.75,0.59,2010-04-09
281,12 PENCILS SMALL TUBE SKULL,9,Own Brand,0.75,0.59,2010-02-03
282,12 PENCILS SMALL TUBE RED RETROSPOT,9,Own Brand,0.75,0.59,2009-12-13
283,12 PENCILS SMALL TUBE POSY,9,Own Brand,0.75,0.59,2010-01-19
284,36 PENCILS TUBE WOODLAND,9,Own Brand,1.44,1.14,2009-12-02
285,36 PENCILS TUBE SKULLS,9,Own Brand,1.44,1.14,2010-01-19
286,36 PENCILS TUBE RED RETROSPOT,9,Own Brand,1.44,1.14,2009-12-01
287,36 PENCILS TUBE POSY,9,Own Brand,1.44,1.14,2010-01-19
288,12 PENCILS TALL TUBE WOODLAND,9,Own Brand,0.98,0.77,2009-12-02
289,12 PENCILS TALL TUBE SKULLS,9,Own Brand,0.98,0.77,2010-02-09
290,12 PENCILS TALL TUBE RED RETROSPOT,9,Own Brand,0.98,0.77,2009-12-01
291,12 PENCILS TALL TUBE POSY,9,Own Brand,0.33,0.26,2009-12-18
292,HEART CALCULATOR,6,Own Brand,1.44,1.12,2009-12-04
293,BLUE CALCULATOR RULER,5,Own Brand,1.44,1.19,2010-03-24
294,SPRING FLOWER CHOPSTICKS SET/5,4,Own Brand,2.24,1.87,2010-02-01
295,JAZZ HEARTS MAGNETIC MEMO PAD,6,Own Brand,0.75,0.58,2010-01-18
296,JAZZ HEARTS PURSE NOTEBOOK,1,Own Brand,0.65,0.52,2009-12-13
297,JAZZ HEARTS ADDRESS BOOK,6,Own Brand,0.48,0.37,2010-07-27
298,ROSE DU SUD CUSHION COVER,6,Own Brand,5.69,4.41,2009-12-08
299,ROSE DU SUD OVEN GLOVE,10,Own Brand,3.39,2.75,2009-12-08
300,ROSE DU SUD COSMETICS BAG,1,Own Brand,4.89,3.94,2009-12-08
301,ROSE DU SUD WASHBAG,1,Own Brand,6.84,5.51,2010-03-02
302,ROSE DU SUD DRAWSTRING BAG,1,Own Brand,4.89,3.94,2010-01-19
303,ROSE DU SUD CHILDS APRON,7,Own Brand,4.89,4.01,2009-12-10
304,ETCHED GLASS DROPLET DECORATION,6,Own Brand,0.44,0.34,2009-12-04
305,ETCHED GLASS BIRD TREE DECORATION,6,Own Brand,1.44,1.12,2010-09-02
306,GLITTER SNOW PEAR TREE DECORATION,6,Own Brand,0.44,0.34,2010-09-13
307,ANTIQUE ALL GLASS CANDLESTICK,6,Own Brand,2.42,1.88,2010-12-15
308,SWISS CHALET TREE DECORATION,6,Own Brand,0.66,0.51,2010-08-27
309,DARK BIRD HOUSE TREE DECORATION,6,Own Brand,0.33,0.26,2010-11-29
310,LIGHT BIRD HOUSE TREE DECORATION,6,Own Brand,0.98,0.76,2010-06-17
311,RED BIRD HOUSE TREE DECORATION,6,Own Brand,0.83,0.64,2009-12-01
312,BIRD BOX CHRISTMAS TREE DECORATION,3,Own Brand,0.98,0.73,2010-10-06
313,SPACE FROG,5,Own Brand,1.44,1.19,2010-09-10
314,SPACE OWL,5,Own Brand,1.44,1.19,2010-06-28
315,NINJA RABBIT PINK,5,Own Brand,1.44,1.19,2009-12-14
316,NINJA RABBIT BLACK,5,Own Brand,1.44,1.19,2010-07-27
317,SPACE CADET RED,5,Own Brand,1.44,1.19,2010-06-23
318,SPACE CADET BLACK,5,Own Brand,1.44,1.19,2010-12-14
319,SPACE CADET WHITE,5,Own Brand,1.44,1.19,2010-06-23
320,JUMBO BAG CHARLIE AND LOLA TOYS,1,Own Brand,2.39,1.92,2009-12-18
321,REX CASH+CARRY JUMBO SHOPPER,5,Own Brand,1.09,0.9,2010-01-19
322,SET/2 RED RETROSPOT TEA TOWELS,7,Own Brand,3.39,2.78,2009-12-08
323,RED RETROSPOT SHOPPING BAG,1,Own Brand,2.93,2.36,2009-12-01
324,MODERN VINTAGE COTTON SHOPPING BAG,1,Own Brand,2.93,2.36,2009-12-16
325,RED RETROSPOT OVEN GLOVE DOUBLE,10,Own Brand,3.39,2.75,2009-12-08
326,RED SPOTTY APRON,7,Own Brand,6.84,5.61,2009-12-01
327,APRON MODERN VINTAGE COTTON,7,Own Brand,6.84,5.61,2010-09-15
328,RIBBONS PURSE,8,Own Brand,2.42,1.84,2009-12-08
329,NURSE'S BAG SOFT TOY,1,Own Brand,10.29,8.28,2009-12-14
330,TOOL BOX SOFT TOY,1,Own Brand,10.29,8.28,2009-12-14
331,DOCTOR'S BAG SOFT TOY,1,Own Brand,10.29,8.28,2009-12-14
332,PARTY INVITES WOODLAND,8,Own Brand,0.98,0.74,2010-01-07
333,PARTY INVITES DINOSAURS,8,Own Brand,0.98,0.74,2010-01-22
334,PARTY INVITES BALLOON GIRL,8,Own Brand,0.98,0.74,2010-01-27
335,PARTY INVITES FOOTBALL,8,Own Brand,0.98,0.74,2010-01-27
336,PARTY INVITES SPACEMAN,8,Own Brand,0.98,0.74,2010-02-09
337,PARTY INVITES JAZZ HEARTS,8,Own Brand,0.98,0.74,2010-01-27
338,BOOM BOX SPEAKER BOYS,1,Own Brand,6.84,5.51,2009-12-13
339,BOOM BOX SPEAKER GIRLS,1,Own Brand,6.84,5.51,2010-12-20
340,VINTAGE RED TEATIME MUG,7,Own Brand,1.44,1.18,2010-01-10
341,VINTAGE BILLBOARD LOVE/HATE MUG,7,Own Brand,1.44,1.18,2010-11-16
342,VINTAGE BILLBOARD TEA MUG,7,Own Brand,1.44,1.18,2010-04-12
343,VINTAGE BILLBOARD MUG,7,Own Brand,1.44,1.18,2010-09-30
344,VINTAGE BILLBOARD DRINK ME MUG,7,Own Brand,1.44,1.18,2010-05-04
345,SET/20 COLLAGE PAPER NAPKIN,7,Own Brand,0.98,0.8,2010-01-08
346,SET/20 WOODLAND PAPER NAPKINS,7,Own Brand,0.98,0.8,2009-12-02
347,SET/20 STRAWBERRY PAPER NAPKINS,7,Own Brand,0.98,0.8,2010-01-14
348,SET/20 RED RETROSPOT PAPER NAPKINS,7,Own Brand,0.98,0.8,2009-12-03
349,SET/20 FRUIT SALAD PAPER NAPKINS,7,Own Brand,0.98,0.8,2010-02-09
350,SET/6 COLLAGE PAPER CUPS,7,Own Brand,0.22,0.18,2010-01-08
351,SET/6 WOODLAND PAPER CUPS,7,Own Brand,0.75,0.61,2009-12-08
352,SET/6 RED SPOTTY PAPER CUPS,7,Own Brand,0.75,0.61,2009-12-03
353,SET/6 POSIES PAPER CUPS,7,Own Brand,0.75,0.61,2010-03-15
354,SET/6 FRUIT SALAD PAPER CUPS,7,Own Brand,0.48,0.39,2010-02-09
355,SET/6 GREEN SPRING PAPER CUPS,7,Own Brand,0.75,0.61,2010-03-15
356,SET/6 COLLAGE PAPER PLATES,7,Own Brand,0.45,0.37,2010-01-08
357,SET/6 WOODLAND PAPER PLATES,7,Own Brand,0.98,0.8,2009-12-08
358,SET/6 STRAWBERRY PAPER PLATES,7,Own Brand,0.98,0.8,2009-12-03
359,SET/6 RED SPOTTY PAPER PLATES,7,Own Brand,0.98,0.8,2009-12-02
360,SET/6 POSIES PAPER PLATES,7,Own Brand,0.98,0.8,2010-03-24
361,SET/6 FRUIT SALAD PAPER PLATES,7,Own Brand,0.45,0.37,2010-02-09
362,CHRISTMAS TOILET ROLL,3,Own Brand,1.44,1.07,2010-08-19
363,SET/6 STRAWBERRY PAPER CUPS,7,Own Brand,0.75,0.61,2009-12-03
364,CHARLIE AND LOLA CHARLOTTE BAG,1,Own Brand,1.9,1.53,2009-12-03
365,CREAM SLICE FLANNEL CHOCOLATE SPOT,2,Own Brand,3.39,2.7,2010-02-01
366,CREAM SLICE FLANNEL PINK SPOT,2,Own Brand,3.39,2.7,2010-02-01
367,FAIRY CAKE FLANNEL ASSORTED COLOUR,7,Own Brand,2.93,2.4,2009-12-08
368,"LARGE CAKE TOWEL, CHOCOLATE SPOTS",7,Own Brand,7.76,6.36,2010-05-10
369,LARGE CAKE TOWEL PINK SPOTS,7,Own Brand,7.76,6.36,2010-02-09
370,"SWISS ROLL TOWEL, CHOCOLATE SPOTS",2,Own Brand,3.39,2.7,2010-09-01
371,"SWISS ROLL TOWEL, PINK SPOTS",2,Own Brand,3.39,2.7,2010-05-26
372,LAVENDER SCENTED FABRIC HEART,6,Own Brand,1.44,1.12,2010-04-08
373,ROSE CARAVAN DOORSTOP,5,Own Brand,7.76,6.42,2009-12-20
374,OWL DOORSTOP,5,Own Brand,5.69,4.71,2010-01-10
375,BLOND DOLL DOORSTOP,11,Own Brand,1.44,1.13,2009-12-18
376,SET/10 RED POLKADOT PARTY CANDLES,8,Own Brand,1.44,1.09,2009-12-01
377,SET/10 PINK POLKADOT PARTY CANDLES,8,Own Brand,1.44,1.09,2009-12-08
378,SET/10 IVORY POLKADOT PARTY CANDLES,8,Own Brand,1.44,1.09,2009-12-20
379,SET/10 BLUE POLKADOT PARTY CANDLES,8,Own Brand,1.44,1.09,2009-12-08
380,SET 6 FOOTBALL CELEBRATION CANDLES,6,Own Brand,1.44,1.12,2009-12-08
381,SET OF 6 GIRLS CELEBRATION CANDLES,6,Own Brand,1.44,1.12,2009-12-08
382,COLOURFUL FISHING GNOME,5,Own Brand,6.84,5.66,2010-03-18
383,GOLD FISHING GNOME,5,Own Brand,7.99,6.61,2010-05-05
384,COLOURFUL STANDING GNOME,6,Own Brand,3.97,3.08,2010-01-08
385,GOLD STANDING GNOME,6,Own Brand,4.89,3.79,2010-05-05
386,SILVER STANDING GNOME,6,Own Brand,4.89,3.79,2010-10-07
387,VICTORIAN METAL POSTCARD CHRISTMAS,3,Own Brand,1.9,1.42,2009-12-05
388,VICTORIAN METAL POSTCARD SPRING,9,Own Brand,1.94,1.53,2009-12-23
389,PAINTED METAL PEARS ASSORTED,9,Own Brand,1.94,1.53,2009-12-05
390,BLACK RECORD COVER FRAME,6,Own Brand,4.31,3.34,2009-12-13
391,ANTIQUE GLASS HEART DECORATION,6,Own Brand,2.24,1.74,2010-09-06
392,PINK POODLE HANGING DECORATION,6,Own Brand,0.44,0.34,2010-01-31
393,ANTIQUE GLASS PLACE SETTING,7,Own Brand,1.44,1.18,2010-05-26
394,ANTIQUE GLASS RIDGED HANGING BALL,6,Own Brand,2.24,1.74,2010-10-11
395,RED SPOTTY TABLECLOTH,5,Own Brand,12.25,10.14,2009-12-06
396,RED RETROSPOT OVEN GLOVE,10,Own Brand,1.44,1.17,2009-12-14
397,RED RETROSPOT PEG BAG,1,Own Brand,2.42,1.95,2009-12-01
398,RETROSPOT CHILDRENS APRON,7,Own Brand,2.24,1.84,2009-12-01
399,RED SPOTTY WASHBAG,1,Own Brand,2.42,1.95,2009-12-23
400,MOODY GIRL DOOR HANGER,5,Own Brand,1.67,1.38,2010-11-23
401,MOODY BOY DOOR HANGER,5,Own Brand,1.06,0.88,2011-05-11
402,KEEP OUT BOYS DOOR HANGER,5,Own Brand,1.67,1.38,2010-05-10
403,TOXIC AREA DOOR HANGER,5,Own Brand,1.67,1.38,2010-04-08
404,DO NOT TOUCH MY STUFF DOOR HANGER,5,Own Brand,1.67,1.38,2010-09-09
405,HOME SWEET HOME METAL SIGN,6,Own Brand,3.39,2.63,2009-12-01
406,BEWARE OF THE CAT METAL SIGN,6,Own Brand,1.94,1.5,2009-12-01
407,COOK WITH WINE METAL SIGN,7,Own Brand,2.24,1.84,2009-12-14
408,YOU'RE CONFUSING ME METAL SIGN,6,Own Brand,1.94,1.5,2010-10-11
409,BATHROOM METAL SIGN,6,Own Brand,1.67,1.29,2009-12-18
410,PARTY METAL SIGN,8,Own Brand,1.67,1.27,2010-05-10
411,LOO ROLL METAL SIGN,6,Own Brand,1.9,1.47,2010-02-21
412,POTTERING IN THE SHED METAL SIGN,6,Own Brand,2.24,1.74,2010-02-21
413,GIN + TONIC DIET METAL SIGN,6,Own Brand,2.42,1.88,2009-12-14
414,NO JUNK MAIL METAL SIGN,6,Own Brand,1.44,1.12,2009-12-18
415,PLEASE ONE PERSON METAL SIGN,6,Own Brand,2.42,1.88,2009-12-01
416,HOME SWEET HOME BLACKBOARD,5,Own Brand,7.3,6.04,2009-12-18
417,WHITE DOVE HONEYCOMB PAPER GARLAND,8,Own Brand,1.9,1.44,2010-05-23
418,WHITE BELL HONEYCOMB PAPER GARLAND,8,Own Brand,1.78,1.35,2009-12-04
419,3D HEARTS HONEYCOMB PAPER GARLAND,8,Own Brand,3.39,2.58,2010-02-23
420,WHITE HONEYCOMB PAPER GARLAND,8,Own Brand,1.9,1.44,2010-10-13
421,PINK HEARTS PAPER GARLAND,8,Own Brand,1.9,1.44,2010-05-11
422,LARGE WHITE HONEYCOMB PAPER BELL,9,Own Brand,1.94,1.53,2010-10-01
423,WHITE BELL HONEYCOMB PAPER,9,Own Brand,1.67,1.32,2010-10-01
424,PINK HONEYCOMB PAPER FAN,9,Own Brand,0.75,0.59,2011-02-16
425,PINK HONEYCOMB PAPER BALL,9,Own Brand,2.42,1.91,2010-09-07
426,ROUND WHITE CONFETTI IN TUBE,8,Own Brand,1.9,1.44,2010-04-09
427,MULTICOLOUR CONFETTI IN TUBE,8,Own Brand,1.9,1.44,2010-04-09
428,WHITE HEART CONFETTI IN TUBE,8,Own Brand,1.9,1.44,2010-10-15
429,PINK HEART CONFETTI IN TUBE,8,Own Brand,1.9,1.44,2010-07-07
430,MULTICOLOUR HONEYCOMB PAPER GARLAND,8,Own Brand,1.9,1.44,2010-09-01
431,TROPICAL HONEYCOMB PAPER GARLAND,8,Own Brand,2.42,1.84,2010-04-18
432,DOLLY HONEYCOMB GARLAND,8,Own Brand,1.9,1.44,2010-04-09
433,BUTTERFLIES HONEYCOMB GARLAND,8,Own Brand,1.9,1.44,2010-03-24
434,DAISIES HONEYCOMB GARLAND,8,Own Brand,1.9,1.44,2010-02-01
435,MULTICOLOUR 3D BALLS GARLAND,8,Own Brand,2.93,2.23,2010-06-15
436,STRAWBERRY HONEYCOMB GARLAND,8,Own Brand,1.9,1.44,2009-12-14
437,SKULL AND CROSSBONES GARLAND,8,Own Brand,1.9,1.44,2010-01-08
438,PASTEL COLOUR HONEYCOMB FAN,5,Own Brand,0.45,0.37,2010-10-15
439,MULTICOLOUR HONEYCOMB FAN,5,Own Brand,0.6,0.5,2010-10-15
440,SET OF 72 RETROSPOT PAPER DOILIES,9,Own Brand,1.67,1.32,2009-12-01
441,SET OF 72 SKULL PAPER DOILIES,9,Own Brand,1.67,1.32,2010-01-27
442,PACK OF 72 RETROSPOT CAKE CASES,7,Own Brand,0.63,0.52,2009-12-01
443,PACK OF 72 SKULL CAKE CASES,7,Own Brand,0.63,0.52,2009-12-07
444,SET OF 72 IVORY PAPER DOILIES,9,Own Brand,1.67,1.32,2009-12-04
445,IVORY PAPER CUP CAKE CASES,7,Own Brand,0.63,0.52,2010-03-09
446,"SET 3 RETROSPOT TEA,COFFEE,SUGAR",5,Own Brand,5.69,4.71,2009-12-04
447,RED RETROSPOT ROUND CAKE TINS,7,Own Brand,11.44,9.38,2009-12-01
448,RED SPOTTY BISCUIT TIN,7,Own Brand,4.31,3.53,2009-12-01
449,SET/4 BADGES BALLOON GIRL,8,Own Brand,1.44,1.09,2010-01-08
450,SET/4 BADGES DOGS,5,Own Brand,1.44,1.19,2010-04-08
451,SET/4 BADGES CUTE CREATURES,5,Own Brand,1.44,1.19,2010-02-09
452,SET/4 BADGES BEETLES,5,Own Brand,1.44,1.19,2010-01-22
453,SET/4 BADGES WOODLAND ANIMAL,5,Own Brand,1.44,1.19,2009-12-08
454,SET/4 SKULL BADGES,5,Own Brand,1.44,1.19,2009-12-08
455,POCKET MIRROR WOODLAND,6,Own Brand,1.44,1.12,2010-01-24
456,SWEETHEART CERAMIC TRINKET BOX,1,Own Brand,1.44,1.16,2009-12-04
457,STRAWBERRY CERAMIC TRINKET BOX,1,Own Brand,1.44,1.16,2009-12-03
458,RED SPOTTY CUP,7,Own Brand,0.98,0.8,2009-12-01
459,PINK SPOTTY CUP,7,Own Brand,0.98,0.8,2009-12-01
460,BLUE POLKADOT CUP,7,Own Brand,0.98,0.8,2009-12-06
461,GREEN SPOTTY CUP,7,Own Brand,0.98,0.8,2009-12-13
462,RED RETROSPOT PLATE,7,Own Brand,1.94,1.59,2009-12-01
463,PINK SPOTTY PLATE,7,Own Brand,1.94,1.59,2009-12-01
464,BLUE POLKADOT PLATE,7,Own Brand,1.94,1.59,2009-12-06
465,GREEN SPOTTY PLATE,7,Own Brand,1.94,1.59,2009-12-14
466,RED SPOTTY BIG BOWL,7,Own Brand,5.69,4.67,2009-12-23
467,SET OF RED SALAD SERVERS,5,Own Brand,1.71,1.41,2009-12-23
468,DOOR HANGER MUM + DADS ROOM,5,Own Brand,1.67,1.38,2010-05-10
469,WOODLAND HEIGHT CHART STICKERS,9,Own Brand,3.39,2.68,2009-12-02
470,SET OF SKULL WALL STICKERS,6,Own Brand,3.39,2.63,2009-12-08
471,DINOSAUR HEIGHT CHART STICKER SET,9,Own Brand,3.39,2.68,2010-04-07
472,SET OF MEADOW FLOWER STICKERS,9,Own Brand,3.16,2.5,2009-12-07
473,SET OF PICTURE FRAME STICKERS,6,Own Brand,3.39,2.63,2011-09-28
474,"FRENCH BOTTLE , LAVENDER",7,Own Brand,1.9,1.56,2010-02-09
475,VICTORIAN SEWING BOX MEDIUM,1,Own Brand,9.14,7.36,2009-12-18
476,VICTORIAN SEWING BOX LARGE,1,Own Brand,14.66,11.8,2009-12-09
477,VICTORIAN SEWING BOX SMALL,1,Own Brand,6.84,5.51,2009-12-14
478,FIRST AID TIN,7,Own Brand,3.74,3.07,2009-12-14
479,GREEN GOOSE FEATHER CHRISTMAS TREE,3,Own Brand,3.39,2.53,2010-11-29
480,WHITE GOOSE FEATHER CHRISTMAS TREE,3,Own Brand,3.39,2.53,2010-08-23
481,GREEN GOOSE FEATHER TREE 60CM,5,Own Brand,2.24,1.85,2010-09-14
482,WHITE GOOSE FEATHER TREE 60CM,5,Own Brand,2.24,1.85,2010-11-24
483,PINK GOOSE FEATHER TREE 60CM,5,Own Brand,11.44,9.47,2009-12-04
484,VINTAGE BLUE TINSEL REEL,7,Own Brand,0.48,0.39,2010-01-11
485,ANTIQUE CREAM CUTLERY SHELF,7,Own Brand,9.77,8.01,2009-12-14
486,ANTIQUE CREAM CUTLERY CUPBOARD,7,Own Brand,14.66,12.02,2009-12-23
487,SALLE DE BAIN HOOK,6,Own Brand,1.44,1.12,2009-12-18
488,EMBOSSED HEART 3 DRAWER SHELF,6,Own Brand,14.66,11.36,2009-12-18
489,ZINC TOP 2 DOOR WOODEN SHELF,5,Own Brand,10.86,8.99,2010-01-12
490,TWO EMBOSSED HEART MINI DRAWERS,6,Own Brand,5.12,3.97,2009-12-18
491,FRENCH STYLE EMBOSSED HEART CABINET,6,Own Brand,25.24,19.56,2011-06-03
492,VINTAGE KITCHEN PRINT PUDDINGS,7,Own Brand,2.93,2.4,2009-12-14
493,VINTAGE KITCHEN PRINT FRUITS,7,Own Brand,2.93,2.4,2010-01-14
494,VINTAGE KITCHEN PRINT VEGETABLES,7,Own Brand,2.42,1.98,2010-01-14
495,VINTAGE KITCHEN PRINT SEAFOOD,7,Own Brand,2.42,1.98,2010-01-14
496,NATURAL BARK CANDLE LARGE,6,Own Brand,4.6,3.56,2009-12-15
497,NATURAL BARK CANDLE SMALL,6,Own Brand,3.45,2.67,2010-01-11
498,RETRO SPOT CANDLE SMALL,6,Own Brand,1.94,1.5,2009-12-09
499,RETRO SPOT CANDLE MEDIUM,6,Own Brand,2.42,1.88,2009-12-14
500,RETRO SPOT CANDLE LARGE,6,Own Brand,2.93,2.27,2009-12-09
501,SCENTED VELVET LOUNGE CANDLE,6,Own Brand,1.44,1.12,2010-12-03
502,STRIPEY CHOCOLATE NESTING BOXES,7,Own Brand,3.39,2.78,2010-02-09
503,LARGE STRIPES CHOCOLATE GIFT BAG,1,Own Brand,1.44,1.16,2010-04-09
504,SMALL SPOTTY CHOCOLATE GIFT BAG,1,Own Brand,0.98,0.79,2009-12-10
505,SMALL STRIPES CHOCOLATE GIFT BAG,1,Own Brand,0.98,0.79,2010-02-09
506,MIRRORED DOVE WALL DECORATION,6,Own Brand,2.42,1.88,2010-11-26
507,ETCHED GLASS COASTER,7,Own Brand,0.45,0.37,2010-12-15
508,EDWARDIAN TOILET ROLL UNIT,2,Own Brand,14.66,11.69,2009-12-23
509,ANTIQUE EDWARDIAN DRESSER,5,Own Brand,36.05,29.83,2009-12-05
510,FILIGREE WALL MIRROR ANTIQUE WHITE,6,Own Brand,18.23,14.13,2009-12-18
511,ARCHED GREY MIRROR,6,Own Brand,14.66,11.36,2010-01-18
512,SET/4 DAISY MIRROR MAGNETS,6,Own Brand,0.33,0.26,2011-08-10
513,SET/4 BUTTERFLY MIRROR MAGNETS,6,Own Brand,2.42,1.88,2010-04-30
514,LOUVRE VANITY MIRROR,6,Own Brand,9.14,7.08,2010-01-28
515,SET/4 BIRD MIRROR MAGNETS,6,Own Brand,0.33,0.26,2011-07-15
516,GLASS HEART T-LIGHT HOLDER,6,Own Brand,0.98,0.76,2010-05-26
517,SMALL GLASS HEART TRINKET POT,6,Own Brand,2.42,1.88,2010-04-13
518,GLASS SPHERE CANDLE STAND MEDIUM,6,Own Brand,6.27,4.86,2011-02-09
519,GLASS CHALICE BLUE SMALL,5,Own Brand,1.9,1.57,2010-08-26
520,GLASS CHALICE GREEN SMALL,5,Own Brand,1.9,1.57,2010-03-22
521,GLASS CHALICE GREEN LARGE,5,Own Brand,2.93,2.42,2010-03-22
522,HANGING MEDINA LANTERN LARGE,6,Own Brand,4.89,3.79,2009-12-18
523,HANGING MEDINA LANTERN SMALL,6,Own Brand,3.39,2.63,2009-12-18
524,AGED GLASS SILVER T-LIGHT HOLDER,6,Own Brand,0.75,0.58,2009-12-18
525,SKULLS WRITING SET,7,Own Brand,1.9,1.56,2009-12-08
526,BALLOONS WRITING SET,8,Own Brand,1.9,1.44,2010-01-08
527,DINOSAURS WRITING SET,7,Own Brand,1.9,1.56,2010-01-22
528,WOODLAND ANIMAL WRITING SET,7,Own Brand,1.9,1.56,2010-01-08
529,MOROCCAN BEATEN METAL DISH LARGE,5,Own Brand,14.66,12.13,2010-03-12
530,MOROCCAN BEATEN METAL MIRROR,6,Own Brand,14.66,11.36,2010-10-07
531,CLASSIC WHITE FRAME,6,Own Brand,3.39,2.63,2009-12-14
532,GOLD WASHBAG,1,Own Brand,0.15,0.12,2010-08-09
533,MARAKESH LANTERN LARGE,6,Own Brand,19.49,15.1,2010-01-18
534,CLASSIC METAL BIRDCAGE PLANT HOLDER,6,Own Brand,14.66,11.36,2009-12-07
535,KASBAH LANTERN WITH GLASS,6,Own Brand,5.35,4.15,2010-06-04
536,MOROCCAN BEATEN METAL DISH,5,Own Brand,11.44,9.47,2010-03-12
537,PINK SPOTS CHOCOLATE NESTING BOXES,7,Own Brand,3.39,2.78,2010-03-25
538,IVY HEART WREATH,6,Own Brand,7.76,6.01,2010-07-26
539,GINGHAM HEART WREATH,6,Own Brand,3.39,2.63,2010-09-06
540,CINAMMON & ORANGE WREATH,5,Own Brand,7.76,6.42,2010-07-21
541,EUCALYPTUS & PINECONE WREATH,5,Own Brand,3.39,2.81,2011-10-12
542,TOAST ITS - BEST MUM,5,Own Brand,1.44,1.19,2010-01-11
543,TOAST ITS - I LOVE YOU,5,Own Brand,1.44,1.19,2010-01-11
544,TOAST ITS - FAIRY FLOWER,4,Own Brand,1.44,1.2,2010-04-27
545,TOAST ITS - DINOSAUR,5,Own Brand,1.44,1.19,2009-12-20
546,TOAST ITS - HAPPY BIRTHDAY,8,Own Brand,1.44,1.09,2010-01-07
547,RELAX LARGE WOOD LETTERS,5,Own Brand,4.54,3.76,2011-07-18
548,JOY LARGE WOOD LETTERS,5,Own Brand,7.99,6.61,2011-03-07
549,LOVE LARGE WOOD LETTERS,5,Own Brand,14.66,12.13,2010-04-29
550,HOME SMALL WOOD LETTERS,5,Own Brand,5.69,4.71,2010-03-05
551,MIRRORED WALL ART STARS,6,Own Brand,3.39,2.63,2010-11-23
552,MIRRORED WALL ART PHOTO FRAMES,6,Own Brand,4.89,3.79,2011-03-24
553,MIRRORED WALL ART SPLODGES,6,Own Brand,1.44,1.12,2010-11-29
554,MIRRORED WALL ART POPPIES,6,Own Brand,0.92,0.71,2010-11-29
555,MIRRORED WALL ART TABLE LAMP,6,Own Brand,0.98,0.76,2010-10-31
556,MIRRORED WALL ART SNOWFLAKES,6,Own Brand,0.92,0.71,2010-11-29
557,MIRRORED WALL ART SKULLS,6,Own Brand,1.44,1.12,2010-03-07
558,LARGE CAMPHOR WOOD FIELD MUSHROOM,5,Own Brand,6.27,5.19,2010-01-18
559,LARGE TALL CAMPHOR WOOD TOADSTOOL,5,Own Brand,6.27,5.19,2011-10-05
560,SMALL CAMPHOR WOOD FIELD MUSHROOM,5,Own Brand,1.9,1.57,2010-01-18
561,SMALL TALL CAMPHOR WOOD TOADSTOOL,5,Own Brand,1.9,1.57,2011-10-05
562,CAMPHOR WOOD PORTOBELLO MUSHROOM,5,Own Brand,1.44,1.19,2011-10-05
563,WOODEN HAPPY BIRTHDAY GARLAND,8,Own Brand,3.39,2.58,2009-12-14
564,MINI WOODEN HAPPY BIRTHDAY GARLAND,8,Own Brand,1.94,1.47,2010-01-26
565,SET/4 SPRING FLOWER DECORATION,6,Own Brand,3.39,2.63,2011-03-25
566,PACK OF 12 STICKY BUNNIES,5,Own Brand,0.75,0.62,2010-01-12
567,IVORY HANGING DECORATION BUTTERFLY,6,Own Brand,0.98,0.76,2009-12-07
568,IVORY HANGING DECORATION HEART,6,Own Brand,0.83,0.64,2009-12-18
569,IVORY HANGING DECORATION EGG,7,Own Brand,0.98,0.8,2011-02-01
570,IVORY HANGING DECORATION BIRD,6,Own Brand,0.98,0.76,2010-12-17
571,FILIGRIS HEART WITH BUTTERFLY,6,Own Brand,1.44,1.12,2009-12-14
572,FRENCH EMROIDR LAVENDER SCENT HEART,6,Own Brand,2.42,1.88,2010-04-28
573,RED SPOTTY PUDDING BOWL,7,Own Brand,2.42,1.98,2010-01-08
574,BLUE SPOTTY PUDDING BOWL,7,Own Brand,2.42,1.98,2010-01-08
575,RED POLKADOT BEAKER,5,Own Brand,0.45,0.37,2010-01-26
576,BLUE POLKADOT BEAKER,5,Own Brand,0.45,0.37,2010-01-26
577,RED SPOTTY EGG CUP,7,Own Brand,1.44,1.18,2009-12-14
578,BLUE SPOTTY EGG CUP,7,Own Brand,1.44,1.18,2010-02-07
579,RED SPOTTY COFFEE MUG,7,Own Brand,2.42,1.98,2009-12-01
580,BLUE SPOTTY COFFEE MUG,7,Own Brand,2.42,1.98,2010-02-15
581,RED PUDDING SPOON,7,Own Brand,0.48,0.39,2010-06-24
582,BLUE PUDDING SPOON,7,Own Brand,0.48,0.39,2010-02-05
583,RED EGG SPOON,7,Own Brand,0.14,0.11,2009-12-14
584,BLUE EGG SPOON,7,Own Brand,0.14,0.11,2010-06-24
585,BROWN CHECK CAT DOORSTOP,5,Own Brand,4.89,4.05,2009-12-18
586,SPOTTY PINK DUCK DOORSTOP,5,Own Brand,4.89,4.05,2010-05-26
587,COUNTRY COTTAGE DOORSTOP GREEN,5,Own Brand,4.89,4.05,2010-01-14
588,GINGHAM HEART DOORSTOP RED,6,Own Brand,4.89,3.79,2009-12-18
589,VINTAGE GOLD TINSEL REEL,7,Own Brand,0.48,0.39,2010-01-11
590,SCALLOP SHELL SOAP DISH,2,Own Brand,2.42,1.93,2009-12-14
591,CLAM SHELL SMALL,5,Own Brand,2.42,2.0,2010-02-05
592,CLAM SHELL LARGE,5,Own Brand,4.31,3.57,2010-02-05
593,STARFISH SOAP DISH,2,Own Brand,2.93,2.34,2010-01-18
594,CONCH SHELL,5,Own Brand,4.31,3.57,2010-07-14
595,OYSTER TRINKET BOX,1,Own Brand,3.74,3.01,2010-07-14
596,PORCELAIN ROSE LARGE,5,Own Brand,1.44,1.19,2009-12-07
597,PORCELAIN ROSE SMALL,5,Own Brand,0.98,0.81,2010-09-06
598,WOODLAND STORAGE BOX LARGE,1,Own Brand,3.39,2.73,2009-12-01
599,WOODLAND STORAGE BOX SMALL,1,Own Brand,2.42,1.95,2009-12-01
600,SKULLS STORAGE BOX SMALL,1,Own Brand,2.42,1.95,2009-12-07
601,SET3 BOOK BOX GREEN GINGHAM FLOWER,1,Own Brand,4.89,3.94,2009-12-01
602,RED GINGHAM ROSE JEWELLERY BOX,1,Own Brand,1.9,1.53,2009-12-01
603,SET/3 RED GINGHAM ROSE STORAGE BOX,1,Own Brand,4.31,3.47,2009-12-01
604,GREEN GINGHAM FLOWER JEWELLERY BOX,1,Own Brand,1.9,1.53,2009-12-01
605,SET OF 3 CASES WOODLAND DESIGN,1,Own Brand,6.84,5.51,2009-12-01
606,24 HANGING EASTER EGGS FLORAL TUB,3,Own Brand,4.31,3.21,2010-01-18
607,TUB 24 HANGING EASTER EGGS SPOTTY,3,Own Brand,4.31,3.21,2010-01-27
608,BASKET OF TOADSTOOLS,1,Own Brand,1.44,1.16,2009-12-01
609,12 MINI TOADSTOOL PEGS,5,Own Brand,1.44,1.19,2009-12-14
610,BLUE BIRDHOUSE DECORATION,6,Own Brand,0.98,0.76,2010-04-18
611,GREEN BIRDHOUSE DECORATION,6,Own Brand,0.98,0.76,2010-03-22
612,BLUE CHALET BIRDFEEDER,4,Own Brand,4.31,3.6,2010-01-15
613,12 PINK ROSE PEG PLACE SETTINGS,7,Own Brand,1.44,1.18,2010-02-05
614,12 RED ROSE PEG PLACE SETTINGS,7,Own Brand,1.44,1.18,2009-12-04
615,12 IVORY ROSE PEG PLACE SETTINGS,7,Own Brand,1.44,1.18,2009-12-04
616,TOADSTOOL MONEY BOX,1,Own Brand,3.39,2.73,2010-03-26
617,2 PICTURE BOOK EGGS EASTER CHICKS,3,Own Brand,1.44,1.07,2010-08-27
618,2 PICTURE BOOK EGGS EASTER DUCKS,3,Own Brand,1.44,1.07,2010-08-23
619,2 PICTURE BOOK EGGS EASTER BUNNY,3,Own Brand,1.44,1.07,2010-02-22
620,BLUE EASTER EGG HUNT START POST,3,Own Brand,2.24,1.67,2010-03-26
621,"NURSERY A,B,C PAINTED LETTERS",9,Own Brand,7.76,6.13,2009-12-05
622,MIRRORED DISCO BALL,6,Own Brand,6.84,5.3,2009-12-08
623,DISCO BALL ROTATOR BATTERY OPERATED,5,Own Brand,4.89,4.05,2010-01-27
624,PINK FLOWER CROCHET FOOD COVER,4,Own Brand,4.31,3.6,2011-01-25
625,RED FLOWER CROCHET FOOD COVER,4,Own Brand,4.31,3.6,2009-12-23
626,CHERRY CROCHET FOOD COVER,5,Own Brand,4.31,3.57,2010-02-15
627,BUTTERFLY CROCHET FOOD COVER,5,Own Brand,4.31,3.57,2010-05-26
628,POLKA DOT RAFFIA FOOD COVER,5,Own Brand,4.31,3.57,2011-01-25
629,FLOWER VINE RAFFIA FOOD COVER,4,Own Brand,4.31,3.6,2010-04-13
630,STRAWBERRY RAFFIA FOOD COVER,5,Own Brand,4.31,3.57,2010-03-26
631,LADYBIRD + BEE RAFFIA FOOD COVER,4,Own Brand,4.31,3.6,2010-05-26
632,SWEETHEART CREAM STEEL TABLE RECT,6,Own Brand,22.94,17.78,2010-05-23
633,SWEETHEART CREAM STEEL FOLDIN BENCH,6,Own Brand,22.94,17.78,2010-04-30
634,STEEL SWEETHEART ROUND TABLE CREAM,6,Own Brand,17.19,13.32,2010-05-23
635,SILVER SKULL HOT WATER BOTTLE,7,Own Brand,4.31,3.53,2010-03-24
636,WHITE SKULL HOT WATER BOTTLE,7,Own Brand,4.31,3.53,2009-12-18
637,FAWN BLUE HOT WATER BOTTLE,7,Own Brand,3.39,2.78,2009-12-07
638,MUSHROOM BLUE HOT WATER BOTTLE,7,Own Brand,3.39,2.78,2009-12-08
639,CHICK GREY HOT WATER BOTTLE,7,Own Brand,3.97,3.26,2009-12-18
640,RETROSPOT HEART HOT WATER BOTTLE,7,Own Brand,5.69,4.67,2009-12-07
641,PINK HEART DOTS HOT WATER BOTTLE,7,Own Brand,4.31,3.53,2010-01-19
642,RED WHITE SCARF HOT WATER BOTTLE,7,Own Brand,4.54,3.72,2009-12-13
643,SET OF THREE VINTAGE GIFT WRAPS,8,Own Brand,2.24,1.7,2009-12-01
644,VINTAGE DESIGN GIFT TAGS,6,Own Brand,0.98,0.76,2009-12-01
645,ROTATING LEAVES T-LIGHT HOLDER,7,Own Brand,1.44,1.18,2010-07-02
646,SKULLS AND CROSSBONES WRAP,5,Own Brand,0.48,0.4,2010-03-07
647,WOODLAND CREATURES WRAP,5,Own Brand,0.48,0.4,2009-12-17
648,FANCY FONTS BIRTHDAY WRAP,8,Own Brand,0.48,0.36,2009-12-01
649,RED RETROSPOT WRAP,5,Own Brand,0.48,0.4,2009-12-01
650,BLUE POLKADOT WRAP,5,Own Brand,0.48,0.4,2009-12-20
651,PINK POLKADOT WRAP,5,Own Brand,0.48,0.4,2009-12-09
652,TOYBOX WRAP,1,Own Brand,0.48,0.39,2010-03-01
653,SKULLS GREETING CARD,8,Own Brand,0.48,0.36,2010-03-24
654,"FANCY FONT BIRTHDAY CARD,",8,Own Brand,0.48,0.36,2009-12-07
655,"ELEPHANT, BIRTHDAY CARD,",8,Own Brand,0.48,0.36,2009-12-08
656,VINTAGE KID DOLLY CARD,11,Own Brand,0.48,0.38,2010-01-26
657,COWBOYS AND INDIANS BIRTHDAY CARD,8,Own Brand,0.48,0.36,2009-12-08
658,BANK ACCOUNT GREETING CARD,8,Own Brand,0.48,0.36,2010-08-27
659,GIN & TONIC DIET GREETING CARD,8,Own Brand,0.48,0.36,2010-01-10
660,BOOZE & WOMEN GREETING CARD,8,Own Brand,0.48,0.36,2010-09-16
661,DOORMAT FANCY FONT HOME SWEET HOME,6,Own Brand,9.14,7.08,2009-12-18
662,DOORMAT SPOTTY HOME SWEET HOME,6,Own Brand,8.61,6.67,2009-12-04
663,BEWARE OF THE CAT DOORMAT,6,Own Brand,7.76,6.01,2009-12-18
664,RED RETROSPOT TRADITIONAL TEAPOT,7,Own Brand,9.14,7.49,2009-12-01
665,DAIRY MAID TRADITIONAL TEAPOT,7,Own Brand,7.99,6.55,2010-02-11
666,RED RETROSPOT TOASTRACK,5,Own Brand,3.97,3.29,2010-02-05
667,DAIRY MAID TOASTRACK,5,Own Brand,3.39,2.81,2010-11-10
668,RED RETROSPOT SUGAR JAM BOWL,7,Own Brand,2.93,2.4,2009-12-01
669,DAIRY MAID SUGAR JAM BOWL,7,Own Brand,2.42,1.98,2010-02-22
670,RETROSPOT LARGE MILK JUG,7,Own Brand,5.69,4.67,2009-12-01
671,DAIRY MAID LARGE MILK JUG,7,Own Brand,5.69,4.67,2010-02-15
672,RED RETROSPOT SMALL MILK JUG,7,Own Brand,2.93,2.4,2009-12-01
673,DAIRY MAID SMALL MILK JUG,7,Own Brand,2.42,1.98,2010-02-22
674,RED RETROSPOT PUDDING BOWL,7,Own Brand,4.89,4.01,2009-12-01
675,RED RETROSPOT BUTTER DISH,5,Own Brand,5.69,4.71,2009-12-01
676,DINOSAURS WATER TRANSFER TATTOOS,5,Own Brand,0.98,0.81,2010-01-22
677,WOODLAND WATER TRANSFER TATTOOS,5,Own Brand,0.98,0.81,2009-12-06
678,SKULLS WATER TRANSFER TATTOOS,5,Own Brand,0.98,0.81,2010-02-03
679,CERAMIC BIRDHOUSE BUTTERFLY SMALL,4,Own Brand,3.39,2.83,2010-05-10
680,CERAMIC BIRDHOUSE CRESTED TIT SMALL,4,Own Brand,3.39,2.83,2010-07-14
681,CERAMIC BIRDHOUSE FINCH BLUE ROOF,4,Own Brand,3.39,2.83,2010-03-25
682,CERAMIC BIRDHOUSE RED ROOF SMALL,4,Own Brand,3.39,2.83,2010-03-25
683,CERAMIC STRAWBERRY TRINKET TRAY,7,Own Brand,2.93,2.4,2010-02-08
684,CERAMIC STRAWBERRY MONEY BOX,1,Own Brand,2.93,2.36,2009-12-01
685,SET OF 6 FUNKY BEAKERS,5,Own Brand,3.39,2.81,2010-05-20
686,SKULL LUNCH BOX WITH CUTLERY,7,Own Brand,2.93,2.4,2009-12-08
687,STRAWBERRY LUNCH BOX WITH CUTLERY,7,Own Brand,2.93,2.4,2009-12-06
688,DINOSAUR LUNCH BOX WITH CUTLERY,7,Own Brand,2.93,2.4,2009-12-13
689,HAWAIIAN GRASS SKIRT,5,Own Brand,2.42,2.0,2010-01-07
690,RED HEART SHAPE LOVE BUCKET,6,Own Brand,3.39,2.63,2009-12-18
691,PINK HEART SHAPE LOVE BUCKET,6,Own Brand,3.39,2.63,2009-12-18
692,LETS GO SHOPPING COTTON TOTE BAG,1,Own Brand,2.59,2.08,2009-12-07
693,SAVE THE PLANET COTTON TOTE BAG,1,Own Brand,2.59,2.08,2009-12-07
694,WOODLAND DESIGN COTTON TOTE BAG,1,Own Brand,2.59,2.08,2009-12-07
695,LOLITA DESIGN COTTON TOTE BAG,1,Own Brand,2.59,2.08,2009-12-18
696,RABBIT DESIGN COTTON TOTE BAG,1,Own Brand,2.59,2.08,2009-12-14
697,SKULLS DESIGN COTTON TOTE BAG,1,Own Brand,2.59,2.08,2009-12-18
698,RETROSPOT SMALL TUBE MATCHES,5,Own Brand,1.9,1.57,2010-08-09
699,KINGS CHOICE GIANT TUBE MATCHES,5,Own Brand,2.93,2.42,2010-02-12
700,COSY HOUR GIANT TUBE MATCHES,5,Own Brand,2.93,2.42,2010-12-09
701,RETRO SPOT GIANT TUBE MATCHES,5,Own Brand,2.93,2.42,2009-12-04
702,SWALLOW GIANT TUBE MATCHES,6,Own Brand,2.93,2.27,2009-12-04
703,KINGS CHOICE CIGAR BOX MATCHES,1,Own Brand,1.22,0.98,2010-04-12
704,COSY HOUR CIGAR BOX MATCHES,1,Own Brand,1.44,1.16,2010-11-23
705,RETROSPOT CIGAR BOX MATCHES,1,Own Brand,1.44,1.16,2009-12-04
706,SET 12 LAVENDER BOTANICAL T-LIGHTS,6,Own Brand,3.39,2.63,2010-03-29
707,SET 12 PEAR BOTANICAL T-LIGHTS,6,Own Brand,3.39,2.63,2010-02-04
708,SET OF 12 LILY BOTANICAL T-LIGHTS,6,Own Brand,3.16,2.45,2010-04-18
709,SET 12 WILDFLOWER BOTANICAL T-LIGHT,6,Own Brand,3.39,2.63,2010-02-04
710,S/12 VANILLA BOTANICAL T-LIGHTS,6,Own Brand,3.39,2.63,2010-10-15
711,SET OF 12 ROSE BOTANICAL T-LIGHTS,6,Own Brand,3.39,2.63,2010-04-11
712,4 LAVENDER BOTANICAL DINNER CANDLES,6,Own Brand,3.74,2.9,2010-01-25
713,4 PEAR BOTANICAL DINNER CANDLES,6,Own Brand,1.44,1.12,2010-01-25
714,4 LILY BOTANICAL DINNER CANDLES,6,Own Brand,2.88,2.23,2011-10-11
715,4 WILDFLOWER BOTANICAL CANDLES,6,Own Brand,4.31,3.34,2010-09-17
716,4 VANILLA BOTANICAL CANDLES,6,Own Brand,4.31,3.34,2010-05-23
717,SET OF 4 ROSE BOTANICAL CANDLES,6,Own Brand,2.88,2.23,2010-04-12
718,VINTAGE UNION JACK BUNTING,8,Own Brand,9.77,7.42,2009-12-04
719,VINTAGE UNION JACK CUSHION COVER,6,Own Brand,5.69,4.41,2009-12-04
720,VINTAGE UNION JACK MEMOBOARD,5,Own Brand,11.44,9.47,2010-04-12
721,VINTAGE UNION JACK DOORSTOP,5,Own Brand,6.84,5.66,2011-03-04
722,VINTAGE UNION JACK APRON,7,Own Brand,7.99,6.55,2010-02-09
723,VINTAGE UNION JACK PENNANT,5,Own Brand,2.24,1.85,2010-07-01
724,ELEPHANT CARNIVAL POUFFE,5,Own Brand,17.19,14.22,2010-03-02
725,TRIANGULAR POUFFE VINTAGE,5,Own Brand,17.19,14.22,2010-03-02
726,FLOOR CUSHION ELEPHANT CARNIVAL,6,Own Brand,10.29,7.97,2010-11-19
727,VINTAGE PINK DECORATIVE PARASOL,4,Own Brand,14.66,12.24,2010-08-09
728,SUNFLOWER DECORATIVE PARASOL,4,Own Brand,14.66,12.24,2010-08-09
729,MADRAS NOTEBOOK MEDIUM,9,Own Brand,0.86,0.68,2011-10-06
730,ASSORTED SANSKRIT MINI NOTEBOOK,9,Own Brand,1.44,1.14,2010-03-05
731,ASSORTED TUTTI FRUTTI NOTEBOOK,9,Own Brand,2.42,1.91,2010-01-18
732,ASSORTED TUTTI FRUTTI KEYRING,10,Own Brand,0.98,0.8,2009-12-04
733,ASSORTED TUTTI FRUTTI FOB NOTEBOOK,9,Own Brand,0.98,0.77,2010-03-16
734,ASSORTED TUTTI FRUTTI KEYRING BALL,10,Own Brand,0.98,0.8,2010-06-23
735,ASSORTED TUTTI FRUTTI PEN,5,Own Brand,0.66,0.55,2010-08-23
736,ASSORTED TUTTI FRUTTI MIRROR,6,Own Brand,1.44,1.12,2010-05-18
737,ASSORTED TUTTI FRUTTI HEART BOX,1,Own Brand,1.44,1.16,2010-01-19
738,ASSORTED TUTTI FRUTTI ROUND BOX,1,Own Brand,1.9,1.53,2010-04-16
739,ASSORTED TUTTI FRUTTI LARGE PURSE,1,Own Brand,2.42,1.95,2009-12-04
740,ASSORTED TUTTI FRUTTI SMALL PURSE,1,Own Brand,1.44,1.16,2010-01-19
741,ASSORTED TUTTI FRUTTI BRACELET,10,Own Brand,0.22,0.18,2010-06-22
742,HANGING GLASS ETCHED TEALIGHT,6,Own Brand,1.9,1.47,2010-04-12
743,GLASS ETCHED T-LIGHT HOLDER MEDIUM,6,Own Brand,2.24,1.74,2009-12-14
744,GLASS ETCHED T-LIGHT HOLDER LARGE,6,Own Brand,2.42,1.88,2010-02-23
745,RIDGED GLASS FINGER BOWL,7,Own Brand,1.67,1.37,2011-02-03
746,HANGING RIDGE GLASS T-LIGHT HOLDER,6,Own Brand,1.94,1.5,2010-01-22
747,RIDGED GLASS POSY VASE,6,Own Brand,1.67,1.29,2010-01-18
748,MILK BOTTLE WITH GLASS STOPPER,7,Own Brand,7.99,6.55,2010-09-20
749,GLASS BEURRE DISH,5,Own Brand,4.54,3.76,2009-12-06
750,GLASS CAKE STAND,8,Own Brand,17.19,13.06,2009-12-23
751,VINTAGE GLASS TEA CADDY,5,Own Brand,6.84,5.66,2010-03-22
752,VINTAGE GLASS COFFEE CADDY,5,Own Brand,6.84,5.66,2010-03-22
753,RIDGED GLASS STORAGE JAR CREAM LID,1,Own Brand,4.31,3.47,2009-12-23
754,TRIANGULAR RIDGED GLASS POSY HOLDER,6,Own Brand,0.75,0.58,2010-05-26
755,RIDGED GLASS T-LIGHT HOLDER,6,Own Brand,0.75,0.58,2010-05-26
756,GLASS CAKE COVER AND PLATE,7,Own Brand,19.49,15.98,2010-01-14
757,RED STRIPE CERAMIC DRAWER KNOB,6,Own Brand,1.44,1.12,2009-12-08
758,BLUE STRIPE CERAMIC DRAWER KNOB,6,Own Brand,1.44,1.12,2009-12-08
759,BLUE SPOT CERAMIC DRAWER KNOB,6,Own Brand,1.44,1.12,2009-12-08
760,RED SPOT CERAMIC DRAWER KNOB,6,Own Brand,1.44,1.12,2009-12-06
761,WHITE SPOT RED CERAMIC DRAWER KNOB,6,Own Brand,1.44,1.12,2009-12-06
762,WHITE SPOT BLUE CERAMIC DRAWER KNOB,6,Own Brand,1.44,1.12,2009-12-06
763,RIDGED GLASS PENDANT LAMPSHADE,6,Own Brand,19.49,15.1,2009-12-09
764,BUTTERFLIES STICKERS,9,Own Brand,0.98,0.77,2009-12-14
765,FLOWERS STICKERS,9,Own Brand,0.98,0.77,2010-03-08
766,HEARTS STICKERS,6,Own Brand,0.98,0.76,2010-05-23
767,PAISLEY PATTERN STICKERS,9,Own Brand,0.98,0.77,2010-03-08
768,SKULLS STICKERS,9,Own Brand,0.98,0.77,2010-02-03
769,WOODLAND STICKERS,9,Own Brand,0.98,0.77,2009-12-08
770,GIANT MEDINA STAMPED METAL BOWL,7,Own Brand,9.77,8.01,2009-12-02
771,LARGE MEDINA STAMPED METAL BOWL,7,Own Brand,5.69,4.67,2010-02-18
772,MEDIUM MEDINA STAMPED METAL BOWL,7,Own Brand,3.39,2.78,2010-01-22
773,SMALL MEDINA STAMPED METAL BOWL,7,Own Brand,0.98,0.8,2010-01-22
774,SILVER PLATE CANDLE BOWL LARGE,7,Own Brand,4.31,3.53,2010-07-06
775,SILVER PLATE CANDLE BOWL SMALL,7,Own Brand,3.39,2.78,2010-09-24
776,SILVER VANILLA FLOWER CANDLE POT,6,Own Brand,4.31,3.34,2010-08-31
777,SILVER CANDLEPOT JARDIN,1,Own Brand,4.31,3.47,2010-04-08
778,SILVER VANILLA FLOWER CANDLE POT,6,Own Brand,4.31,3.34,2010-07-06
779,SILVER LATTICE VANILLA CANDLE POT,6,Own Brand,4.31,3.34,2009-12-23
780,SMALL HAMMERED SILVER CANDLEPOT,6,Own Brand,3.39,2.63,2009-12-09
781,SMALL REGAL SILVER CANDLEPOT,6,Own Brand,3.39,2.63,2011-06-24
782,SMALL SILVER FLOWER CANDLE POT,6,Own Brand,3.39,2.63,2011-08-22
783,SMALL SILVER TRELLIS CANDLEPOT,6,Own Brand,3.39,2.63,2009-12-23
784,SET 5 MINI DOUGHNUT FRIDGE MAGNET,5,Own Brand,1.94,1.61,2009-12-07
785,MOCK LOBSTER FRIDGE MAGNET,5,Own Brand,0.45,0.37,2011-03-18
786,SET 5 MINI CHOCOLATE FRIDGE MAGNETS,5,Own Brand,1.94,1.61,2009-12-15
787,BIG DOUGHNUT FRIDGE MAGNETS,5,Own Brand,0.98,0.81,2009-12-03
788,SET 5 MINI GATEAUX FRIDGE MAGNETS,5,Own Brand,1.94,1.61,2009-12-15
789,BAG 125g SWIRLY MARBLES,1,Own Brand,0.48,0.39,2010-02-09
790,BAG 250g SWIRLY MARBLES,1,Own Brand,0.98,0.79,2010-01-18
791,BAG 500g SWIRLY MARBLES,1,Own Brand,1.9,1.53,2010-09-10
792,FOLDING UMBRELLA RED/WHITE POLKADOT,10,Own Brand,5.69,4.62,2009-12-07
793,FOLDING UMBRELLA BLACKBLUE POLKADOT,10,Own Brand,5.69,4.62,2009-12-07
794,FOLDING UMBRELLA CREAM/MULTI SPOT,10,Own Brand,5.69,4.62,2010-01-08
795,FOLDING UMBRELLA CHOCOLATE POLKADOT,10,Own Brand,5.69,4.62,2010-02-08
796,FOLDING UMBRELLA PINKWHITE POLKADOT,10,Own Brand,5.69,4.62,2010-05-23
797,FOLDING UMBRELLA WHITE/RED SPOT,10,Own Brand,5.69,4.62,2010-05-23
798,CITRONELLA CANDLE FLOWERPOT,6,Own Brand,2.42,1.88,2010-07-28
799,CITRONELLA CANDLE GARDEN POT,6,Own Brand,1.44,1.12,2010-05-20
800,GIRLS VINTAGE TIN SEASIDE BUCKET,7,Own Brand,2.93,2.4,2010-01-20
801,BOYS VINTAGE TIN SEASIDE BUCKET,7,Own Brand,2.93,2.4,2010-01-20
802,EASTER TIN BUCKET,3,Own Brand,2.93,2.18,2009-12-16
803,RED METAL BEACH SPADE,5,Own Brand,1.44,1.19,2010-01-08
804,LOVELY BONBON STICKER SHEET,9,Own Brand,0.98,0.77,2009-12-13
805,CAKE SHOP STICKER SHEET,7,Own Brand,0.98,0.8,2009-12-13
806,CANDY SHOP STICKER SHEET,9,Own Brand,0.98,0.77,2010-03-03
807,SWEET PUDDING STICKER SHEET,9,Own Brand,0.98,0.77,2010-03-07
808,ALPHABET HEARTS STICKER SHEET,6,Own Brand,0.98,0.76,2010-03-09
809,PANDA AND BUNNIES STICKER SHEET,9,Own Brand,0.98,0.77,2010-03-18
810,SWEETIES STICKERS,9,Own Brand,0.98,0.77,2010-03-07
811,MULTI HEARTS STICKERS,6,Own Brand,0.98,0.76,2010-03-08
812,GLASS STAR FROSTED T-LIGHT HOLDER,6,Own Brand,5.69,4.41,2009-12-18
813,RED TOADSTOOL LED NIGHT LIGHT,6,Own Brand,1.9,1.47,2009-12-01
814,RED HANGING METAL STAR TLIGHT HLDR,6,Own Brand,4.31,3.34,2010-07-26
815,RED HANGING HEART T-LIGHT HOLDER,6,Own Brand,3.39,2.63,2009-12-01
816,SMALL MARAKESH LANTERN ON STICK,6,Own Brand,4.31,3.34,2010-01-27
817,TWO DOOR CURIO CABINET,6,Own Brand,14.66,11.36,2009-12-04
818,GOLD SCROLL GLASS T-LIGHT HOLDER,6,Own Brand,2.42,1.88,2009-12-18
819,SET 3 WICKER LOG BASKETS,1,Own Brand,22.94,18.47,2010-01-18
820,COSY SLIPPER SHOES SMALL RED,10,Own Brand,3.39,2.75,2009-12-23
821,COSY SLIPPER SHOES SMALL GREEN,10,Own Brand,3.39,2.75,2009-12-23
822,COSY SLIPPER SHOES LARGE RED,10,Own Brand,3.39,2.75,2009-12-10
823,COSY SLIPPER SHOES LARGE GREEN,10,Own Brand,3.39,2.75,2009-12-10
824,LARGE ROUND WICKER PLATTER,5,Own Brand,6.84,5.66,2010-06-30
825,STAR PORTABLE TABLE LIGHT,6,Own Brand,3.39,2.63,2009-12-04
826,SNOWFLAKE PORTABLE TABLE LIGHT,6,Own Brand,3.39,2.63,2009-12-04
827,GAOLERS KEYS DECORATIVE GARDEN,4,Own Brand,4.31,3.6,2010-05-21
828,SMALL RED RETROSPOT WINDMILL,4,Own Brand,1.44,1.2,2010-01-08
829,SMALL SKULL WINDMILL,4,Own Brand,1.44,1.2,2010-01-08
830,LARGE RED RETROSPOT WINDMILL,4,Own Brand,2.42,2.02,2010-01-08
831,LARGE SKULL WINDMILL,4,Own Brand,2.42,2.02,2010-01-08
832,GLASS CAKE STAND MIRRORED BASE,8,Own Brand,17.19,13.06,2009-12-05
833,HOME BUILDING BLOCK WORD,5,Own Brand,6.84,5.66,2009-12-02
834,LOVE BUILDING BLOCK WORD,5,Own Brand,6.84,5.66,2010-01-18
835,BATH BUILDING BLOCK WORD,2,Own Brand,6.84,5.45,2009-12-14
836,WOOD AND GLASS MEDICINE CABINET,6,Own Brand,34.44,26.69,2010-01-18
837,VINTAGE WOODEN BAR STOOL,5,Own Brand,34.44,28.5,2010-02-08
838,VINTAGE WOODEN PLATE RACK,7,Own Brand,43.06,35.31,2009-12-18
839,HANGING METAL BIRD BATH,6,Own Brand,9.14,7.08,2010-02-01
840,WALL MOUNTED VINTAGE ORGANISER,6,Own Brand,17.19,13.32,2009-12-18
841,VINTAGE POST OFFICE CABINET,6,Own Brand,91.94,71.25,2010-02-15
842,OPEN CLOSED METAL SIGN,6,Own Brand,5.69,4.41,2009-12-05
843,DECORATIVE ROSE BATHROOM BOTTLE,7,Own Brand,1.44,1.18,2011-10-06
844,DECORATIVE CATS BATHROOM BOTTLE,7,Own Brand,1.44,1.18,2010-09-21
845,DECORATIVE FLORE BATHROOM BOTTLE,7,Own Brand,1.44,1.18,2010-03-25
846,RECIPE BOX WITH METAL HEART,1,Own Brand,9.14,7.36,2010-05-10
847,MA CAMPAGNE 4 DRAWER WALL SHELF,6,Own Brand,17.19,13.32,2009-12-18
848,MA CAMPAGNE CUTLERY BOX,7,Own Brand,17.19,14.1,2010-04-13
849,SHOE SHINE BOX,1,Own Brand,11.44,9.21,2009-12-23
850,RAIN PONCHO,5,Own Brand,0.98,0.81,2009-12-10
851,POLKADOT RAIN HAT,10,Own Brand,0.48,0.39,2009-12-23
852,RAIN PONCHO RETROSPOT,5,Own Brand,0.98,0.81,2010-04-11
853,KIDS RAIN MAC BLUE,5,Own Brand,0.98,0.81,2009-12-01
854,KIDS RAIN MAC PINK,5,Own Brand,0.98,0.81,2009-12-01
855,VINTAGE SNAP CARDS,5,Own Brand,0.98,0.81,2010-02-01
856,VINTAGE HEADS AND TAILS CARD GAME,9,Own Brand,1.44,1.14,2009-12-02
857,CHRISTMAS TREE DECORATION WITH BELL,3,Own Brand,0.48,0.36,2010-10-07
858,CHRISTMAS TREE HEART DECORATION,3,Own Brand,0.48,0.36,2010-07-16
859,CHRISTMAS TREE STAR DECORATION,3,Own Brand,0.48,0.36,2010-10-07
860,WHITE CHRISTMAS TREE DECORATION,3,Own Brand,0.48,0.36,2010-08-10
861,WHITE CHRISTMAS HEART DECORATION,3,Own Brand,0.48,0.36,2009-12-07
862,WHITE CHRISTMAS STAR DECORATION,3,Own Brand,0.48,0.36,2010-08-10
863,"CHRISTMAS GARLAND STARS,TREES",3,Own Brand,4.31,3.21,2010-10-07
864,CHRISTMAS HANGING TREE WITH BELL,3,Own Brand,1.44,1.07,2010-09-27
865,CHRISTMAS HANGING STAR WITH BELL,3,Own Brand,1.44,1.07,2010-09-27
866,CHRISTMAS HANGING HEART WITH BELL,3,Own Brand,1.44,1.07,2010-09-21
867,GARLAND WITH HEARTS AND BELLS,8,Own Brand,5.69,4.32,2010-09-06
868,GARLAND WITH STARS AND BELLS,8,Own Brand,5.69,4.32,2010-09-27
869,HEART T-LIGHT HOLDER,6,Own Brand,1.67,1.29,2010-09-27
870,STAR T-LIGHT HOLDER,6,Own Brand,1.67,1.29,2010-09-27
871,CHRISTMAS TREE T-LIGHT HOLDER,3,Own Brand,1.67,1.24,2010-09-27
872,GLITTER CHRISTMAS TREE,3,Own Brand,0.72,0.54,2010-12-05
873,GLITTER CHRISTMAS HEART,3,Own Brand,0.98,0.73,2010-10-07
874,GLITTER CHRISTMAS STAR,3,Own Brand,0.98,0.73,2010-10-07
875,GLITTER HEART GARLAND WITH BELLS,8,Own Brand,4.31,3.28,2010-10-07
876,GLITTER STAR GARLAND WITH BELLS,8,Own Brand,4.31,3.28,2010-10-12
877,PAINTED METAL HEART WITH HOLLY BELL,6,Own Brand,1.67,1.29,2010-08-23
878,PAINTED METAL STAR WITH HOLLY BELLS,9,Own Brand,1.67,1.32,2010-08-23
879,PAINTED METAL TREE WITH HOLLY BELLS,9,Own Brand,1.67,1.32,2010-10-05
880,EIGHT PIECE DINOSAUR SET,5,Own Brand,1.44,1.19,2009-12-02
881,EIGHT PIECE CREEPY CRAWLIE SET,5,Own Brand,1.44,1.19,2010-07-26
882,EIGHT PIECE SNAKE SET,5,Own Brand,1.44,1.19,2010-09-22
883,DINOSAUR KEYRINGS ASSORTED,10,Own Brand,0.24,0.19,2009-12-10
884,ASSORTED CREEPY CRAWLIES,5,Own Brand,0.48,0.4,2010-03-16
885,CHOCOLATE CALCULATOR,5,Own Brand,1.9,1.57,2010-01-15
886,CAMOUFLAGE LED TORCH,5,Own Brand,1.94,1.61,2010-01-11
887,GINGHAM OVEN GLOVE RED HEART,6,Own Brand,4.31,3.34,2009-12-18
888,CROSS STITCH ALPHABET CUSHION COVER,6,Own Brand,6.84,5.3,2009-12-14
889,BABY MOUSE RED GINGHAM DRESS,5,Own Brand,4.89,4.05,2009-12-02
890,PINK HEART CANDY BUTTON CALCULATOR,6,Own Brand,2.93,2.27,2009-12-14
891,RED RETROSPOT CAKE STAND,8,Own Brand,12.59,9.57,2009-12-01
892,RED RETROSPOT MUG,7,Own Brand,3.39,2.78,2009-12-01
893,DAIRY MAID STRIPE MUG,7,Own Brand,3.39,2.78,2010-02-09
894,PINK DIAMANTE PEN IN GIFT BOX,1,Own Brand,5.69,4.58,2010-10-13
895,UNION JACK FLAG PASSPORT COVER,5,Own Brand,2.42,2.0,2010-06-22
896,PINK UNION JACK PASSPORT COVER,5,Own Brand,2.42,2.0,2010-07-05
897,UNION JACK FLAG LUGGAGE TAG,5,Own Brand,1.44,1.19,2010-04-08
898,PINK UNION JACK LUGGAGE TAG,5,Own Brand,1.44,1.19,2010-07-05
899,POTTING SHED TEA MUG,7,Own Brand,1.44,1.18,2010-06-30
900,I CAN ONLY PLEASE ONE PERSON MUG,7,Own Brand,1.44,1.18,2010-09-16
901,SAVE THE PLANET MUG,7,Own Brand,1.44,1.18,2009-12-01
902,GLAMOROUS MUG,7,Own Brand,1.44,1.18,2010-03-07
903,IF YOU CAN'T STAND THE HEAT MUG,7,Own Brand,1.44,1.18,2010-03-07
904,GIN AND TONIC MUG,7,Own Brand,1.44,1.18,2009-12-07
905,KINGS CHOICE MUG,7,Own Brand,1.44,1.18,2010-03-02
906,POTTERING MUG,7,Own Brand,1.44,1.18,2011-05-17
907,HOME SWEET HOME MUG,7,Own Brand,1.44,1.18,2009-12-01
908,PACK OF 6 SANDCASTLE FLAGS ASSORTED,5,Own Brand,0.98,0.81,2010-04-12
909,HEARTS GIFT TAPE,6,Own Brand,0.75,0.58,2010-01-26
910,RED RETROSPOT TAPE,5,Own Brand,0.75,0.62,2009-12-03
911,CUTE CATS TAPE,5,Own Brand,0.75,0.62,2010-01-31
912,SKULLS TAPE,5,Own Brand,0.75,0.62,2009-12-03
913,STARS GIFT TAPE,5,Own Brand,0.75,0.62,2009-12-03
914,CAKES AND BOWS GIFT TAPE,7,Own Brand,0.75,0.61,2009-12-03
915,BINGO SET,11,Own Brand,4.31,3.37,2009-12-03
916,WOODEN BOX OF DOMINOES,1,Own Brand,1.44,1.16,2009-12-03
917,S/6 WOODEN SKITTLES IN COTTON BAG,1,Own Brand,3.39,2.73,2009-12-01
918,TRADITIONAL WOODEN SKIPPING ROPE,11,Own Brand,1.44,1.13,2009-12-01
919,TRADITIONAL WOODEN CATCH CUP GAME,7,Own Brand,1.44,1.18,2009-12-03
920,POTTING SHED SEED ENVELOPES,7,Own Brand,1.44,1.18,2010-01-22
921,POTTING SHED SOW 'N' GROW SET,7,Own Brand,4.89,4.01,2009-12-01
922,POTTING SHED TWINE,7,Own Brand,2.42,1.98,2009-12-01
923,POTTING SHED CANDLE CITRONELLA,7,Own Brand,3.39,2.78,2010-06-30
924,POTTING SHED ROSE CANDLE,7,Own Brand,3.39,2.78,2010-06-30
925,"KEY FOB , GARAGE DESIGN",6,Own Brand,0.75,0.58,2010-05-11
926,"KEY FOB , SHED",5,Own Brand,0.75,0.62,2010-09-21
927,"KEY FOB , BACK DOOR",5,Own Brand,0.75,0.62,2010-09-21
928,"KEY FOB , FRONT DOOR",5,Own Brand,0.75,0.62,2010-05-11
929,MAN FLU METAL SIGN,6,Own Brand,2.42,1.88,2010-02-21
930,MORE BUTTER METAL SIGN,6,Own Brand,2.42,1.88,2010-11-09
931,PHARMACIE FIRST AID TIN,7,Own Brand,7.76,6.36,2010-02-15
932,I'M ON HOLIDAY METAL SIGN,6,Own Brand,2.42,1.88,2010-02-22
933,CHOCOLATE THIS WAY METAL SIGN,6,Own Brand,2.42,1.88,2009-12-07
934,WAY OUT METAL SIGN,6,Own Brand,1.9,1.47,2009-12-23
935,GARDEN METAL SIGN,6,Own Brand,1.9,1.47,2009-12-18
936,VINTAGE SNAKES & LADDERS,11,Own Brand,4.31,3.37,2009-12-03
937,VINTAGE SEASIDE JIGSAW PUZZLES,11,Own Brand,4.31,3.37,2009-12-03
938,BLUE HARMONICA IN BOX,1,Own Brand,1.44,1.16,2010-03-18
939,RED HARMONICA IN BOX,1,Own Brand,1.44,1.16,2010-03-18
940,SET 12 RETRO WHITE CHALK STICKS,9,Own Brand,0.48,0.38,2009-12-09
941,SET 12 KIDS WHITE CHALK STICKS,9,Own Brand,0.48,0.38,2010-03-12
942,SET 12 KIDS COLOUR CHALK STICKS,9,Own Brand,0.48,0.38,2009-12-14
943,UNION STRIPE WITH FRINGE HAMMOCK,10,Own Brand,9.14,7.43,2010-04-12
944,RED/CREAM STRIPE FRINGE HAMMOCK,10,Own Brand,9.14,7.43,2010-01-27
945,BLUE/CREAM STRIPE FRINGE HAMMOCK,10,Own Brand,9.14,7.43,2010-05-11
946,UNION STRIPE CUSHION COVER,6,Own Brand,1.44,1.12,2010-04-12
947,RED/CREAM STRIPE CUSHION COVER,6,Own Brand,1.44,1.12,2010-11-12
948,BLUE/CREAM STRIPE CUSHION COVER,6,Own Brand,1.44,1.12,2010-11-12
949,JUMBO BAG SCANDINAVIAN PAISLEY,1,Own Brand,2.24,1.8,2009-12-01
950,JUMBO BAG PINK VINTAGE PAISLEY,1,Own Brand,2.24,1.8,2009-12-01
951,JUMBO STORAGE BAG SKULLS,1,Own Brand,2.24,1.8,2009-12-07
952,JUMBO STORAGE BAG SUKI,1,Own Brand,2.24,1.8,2009-12-01
953,SCANDINAVIAN PAISLEY PICNIC BAG,1,Own Brand,3.39,2.73,2010-01-26
954,PINK VINTAGE PAISLEY PICNIC BAG,1,Own Brand,2.93,2.36,2010-01-26
955,SKULL SHOULDER BAG,1,Own Brand,1.9,1.53,2009-12-03
956,SUKI SHOULDER BAG,1,Own Brand,1.9,1.53,2009-12-02
957,RED RETROSPOT PICNIC BAG,1,Own Brand,3.39,2.73,2010-01-12
958,STRAWBERRY PICNIC BAG,1,Own Brand,3.39,2.73,2010-01-08
959,SKULLS DESIGN FLANNEL,6,Own Brand,0.98,0.76,2010-01-31
960,CAKES AND RABBITS DESIGN FLANNEL,7,Own Brand,0.98,0.8,2009-12-10
961,KITTENS DESIGN FLANNEL,6,Own Brand,0.98,0.76,2009-12-10
962,STRAWBERRIES DESIGN FLANNEL,6,Own Brand,0.98,0.76,2009-12-10
963,PARTY TIME DESIGN FLANNEL,8,Own Brand,0.98,0.74,2009-12-18
964,SET OF 6 HEART CHOPSTICKS,6,Own Brand,1.44,1.12,2010-04-29
965,SET OF 6 CAKE CHOPSTICKS,7,Own Brand,1.44,1.18,2011-02-16
966,SET OF 6 STRAWBERRY CHOPSTICKS,5,Own Brand,1.44,1.19,2010-01-07
967,DOORMAT UNION JACK GUNS AND ROSES,6,Own Brand,9.14,7.08,2009-12-04
968,PACK OF 12 SKULL TISSUES,2,Own Brand,0.33,0.26,2010-03-24
969,SET OF 36 DINOSAUR PAPER DOILIES,9,Own Brand,1.67,1.32,2010-01-22
970,SET OF 36 MUSHROOM PAPER DOILIES,9,Own Brand,1.67,1.32,2009-12-07
971,SET OF 36 PAISLEY FLOWER DOILIES,4,Own Brand,1.67,1.39,2009-12-20
972,PACK OF 60 DINOSAUR CAKE CASES,7,Own Brand,0.63,0.52,2009-12-20
973,PACK OF 60 MUSHROOM CAKE CASES,7,Own Brand,0.63,0.52,2009-12-01
974,PACK OF 60 PINK PAISLEY CAKE CASES,7,Own Brand,0.63,0.52,2009-12-20
975,PACK OF 12 RED RETROSPOT TISSUES,2,Own Brand,0.33,0.26,2009-12-21
976,PACK OF 12 WOODLAND TISSUES,2,Own Brand,0.33,0.26,2009-12-13
977,PACK OF 12 SUKI TISSUES,2,Own Brand,0.33,0.26,2010-04-28
978,PACK OF 12 BLUE PAISLEY TISSUES,2,Own Brand,0.33,0.26,2010-01-08
979,PACK OF 12 PINK PAISLEY TISSUES,2,Own Brand,0.33,0.26,2010-01-08
980,PACK OF 12 HEARTS DESIGN TISSUES,6,Own Brand,0.33,0.26,2009-12-18
981,PACK OF 12 PINK POLKADOT TISSUES,2,Own Brand,0.33,0.26,2010-01-07
982,PACK OF 6 SKULL PAPER CUPS,7,Own Brand,0.75,0.61,2009-12-08
983,PACK OF 6 SKULL PAPER PLATES,7,Own Brand,0.98,0.8,2009-12-08
984,PACK OF 20 SKULL PAPER NAPKINS,7,Own Brand,0.98,0.8,2009-12-08
985,MODERN FLORAL STATIONERY SET,5,Own Brand,1.44,1.19,2010-04-11
986,BOHEMIAN COLLAGE STATIONERY SET,5,Own Brand,1.44,1.19,2011-01-07
987,VINTAGE PAISLEY STATIONERY SET,5,Own Brand,1.44,1.19,2010-04-11
988,FLORAL FOLK STATIONERY SET,5,Own Brand,1.44,1.19,2009-12-14
989,BLUE FELT EASTER EGG BASKET,3,Own Brand,1.9,1.42,2010-01-12
990,EMPIRE BIRTHDAY CARD,8,Own Brand,0.48,0.36,2010-02-01
991,RAINY LADIES BIRTHDAY CARD,8,Own Brand,0.48,0.36,2009-12-13
992,RING OF ROSES BIRTHDAY CARD,8,Own Brand,0.48,0.36,2009-12-08
993,BANQUET BIRTHDAY CARD,8,Own Brand,0.48,0.36,2010-01-27
994,TEA PARTY BIRTHDAY CARD,8,Own Brand,0.48,0.36,2009-12-08
995,PENNY FARTHING BIRTHDAY CARD,8,Own Brand,0.48,0.36,2009-12-10
996,SPACEBOY BIRTHDAY CARD,8,Own Brand,0.48,0.36,2009-12-08
997,SWALLOWS GREETING CARD,8,Own Brand,0.48,0.36,2010-01-10
998,BOTANICAL LAVENDER BIRTHDAY CARD,8,Own Brand,0.48,0.36,2009-12-23
999,BOTANICAL LILY GREETING CARD,8,Own Brand,0.48,0.36,2009-12-07
1000,BOTANICAL ROSE GREETING CARD,8,Own Brand,0.48,0.36,2009-12-07
1001,ROBIN CHRISTMAS CARD,3,Own Brand,0.48,0.36,2009-12-14
1002,VINTAGE CARAVAN GREETING CARD,8,Own Brand,0.48,0.36,2010-01-08
1003,DINOSAUR BIRTHDAY CARD,8,Own Brand,0.48,0.36,2009-12-07
1004,ROBOT BIRTHDAY CARD,8,Own Brand,0.48,0.36,2009-12-13
1005,BOTANICAL LAVENDER GIFT WRAP,8,Own Brand,0.48,0.36,2010-02-04
1006,BOTANICAL LILY GIFT WRAP,8,Own Brand,0.48,0.36,2010-05-23
1007,BOTANICAL ROSE GIFT WRAP,8,Own Brand,0.48,0.36,2010-02-04
1008,"RECORD FRAME 7"" SINGLE SIZE",6,Own Brand,2.93,2.27,2010-01-08
1009,CHRISTMAS CARD SINGING ANGEL,3,Own Brand,0.48,0.36,2009-12-14
1010,CHRISTMAS CARD SCREEN PRINT,3,Own Brand,0.48,0.36,2010-10-19
1011,CHRISTMAS CARD STACK OF PRESENTS,3,Own Brand,0.48,0.36,2009-12-14
1012,SPACEBOY GIFT WRAP,8,Own Brand,0.48,0.36,2009-12-14
1013,TEA PARTY WRAPPING PAPER,8,Own Brand,0.48,0.36,2009-12-23
1014,EMPIRE GIFT WRAP,8,Own Brand,0.48,0.36,2009-12-05
1015,BIRTHDAY BANQUET GIFT WRAP,8,Own Brand,0.48,0.36,2010-02-01
1016,WRAP CHRISTMAS SCREEN PRINT,3,Own Brand,0.22,0.16,2009-12-04
1017,PINK PAISLEY ROSE GIFT WRAP,8,Own Brand,0.48,0.36,2010-02-01
1018,BLUE SCANDINAVIAN PAISLEY WRAP,5,Own Brand,0.48,0.4,2009-12-01
1019,VINTAGE CARAVAN GIFT WRAP,8,Own Brand,0.48,0.36,2009-12-04
1020,EMPIRE DESIGN ROSETTE,6,Own Brand,1.44,1.12,2011-02-08
1021,MINI CAKE STAND HANGING HEARTS,8,Own Brand,1.9,1.44,2010-01-27
1022,MINI CAKE STAND HANGING STRAWBERY,8,Own Brand,1.9,1.44,2009-12-03
1023,CERAMIC PLATE LOVE HEART DESIGN,7,Own Brand,1.71,1.4,2010-01-27
1024,CERAMIC PLATE STRAWBERRY DESIGN,7,Own Brand,1.71,1.4,2010-03-01
1025,CERAMIC LOVE HEARTS DESIGN MUG,7,Own Brand,1.71,1.4,2010-01-31
1026,CERAMIC STRAWBERRY DESIGN MUG,7,Own Brand,1.71,1.4,2009-12-03
1027,LARGE CAKE STAND HANGING HEARTS,8,Own Brand,11.44,8.69,2010-02-09
1028,LARGE CAKE STAND HANGING STRAWBERY,8,Own Brand,11.44,8.69,2009-12-08
1029,CERAMIC BOWL WITH LOVE HEART DESIGN,7,Own Brand,3.39,2.78,2010-01-31
1030,CERAMIC BOWL WITH STRAWBERRY DESIGN,7,Own Brand,3.39,2.78,2010-01-31
1031,PINK DOUGHNUT TRINKET POT,5,Own Brand,1.9,1.57,2009-12-01
1032,CHRISTMAS PUDDING TRINKET POT,3,Own Brand,1.56,1.16,2009-12-01
1033,LOVE HEART TRINKET POT,6,Own Brand,0.45,0.35,2010-03-25
1034,CHOC TRUFFLE GOLD TRINKET POT,5,Own Brand,1.9,1.57,2009-12-08
1035,BLACK PIRATE TREASURE CHEST,5,Own Brand,1.9,1.57,2010-06-24
1036,BROWN PIRATE TREASURE CHEST,5,Own Brand,1.9,1.57,2010-05-05
1037,SMALL RED RETROSPOT MUG IN BOX,7,Own Brand,4.31,3.53,2009-12-02
1038,SMALL WHITE RETROSPOT MUG IN BOX,7,Own Brand,4.31,3.53,2009-12-01
1039,RED RETROSPOT TEA CUP AND SAUCER,7,Own Brand,4.31,3.53,2009-12-01
1040,RED RETROSPOT STORAGE JAR,1,Own Brand,4.31,3.47,2009-12-01
1041,6 RIBBONS SHIMMERING PINKS,8,Own Brand,1.9,1.44,2010-02-03
1042,6 RIBBONS ELEGANT CHRISTMAS,3,Own Brand,1.9,1.42,2009-12-14
1043,6 RIBBONS EMPIRE,8,Own Brand,1.9,1.44,2009-12-14
1044,6 RIBBONS RUSTIC CHARM,8,Own Brand,1.9,1.44,2009-12-01
1045,RIBBON REEL LACE DESIGN,8,Own Brand,2.42,1.84,2009-12-02
1046,RIBBON REEL HEARTS DESIGN,8,Own Brand,1.9,1.44,2010-01-22
1047,RIBBON REEL POLKADOTS,8,Own Brand,1.9,1.44,2010-02-01
1048,RIBBON REEL FLORA + FAUNA,8,Own Brand,1.9,1.44,2010-04-22
1049,RIBBON REEL STRIPES DESIGN,8,Own Brand,1.9,1.44,2009-12-02
1050,PAPER CHAIN KIT RETRO SPOT,9,Own Brand,3.39,2.68,2009-12-01
1051,PAPER CHAIN KIT EMPIRE,9,Own Brand,3.39,2.68,2009-12-05
1052,PAPER CHAIN KIT SKULLS,9,Own Brand,3.39,2.68,2010-01-11
1053,PAPER CHAIN KIT 50'S CHRISTMAS,3,Own Brand,3.39,2.53,2010-01-11
1054,PAPER BUNTING WHITE LACE,8,Own Brand,3.39,2.58,2009-12-01
1055,PAPER BUNTING COLOURED LACE,8,Own Brand,3.39,2.58,2010-02-03
1056,PAPER BUNTING VINTAGE PAISLEY,8,Own Brand,3.39,2.58,2010-02-23
1057,PAPER BUNTING RETROSPOT,8,Own Brand,3.39,2.58,2009-12-01
1058,EMPIRE TISSUE BOX,1,Own Brand,1.44,1.16,2009-12-23
1059,BLUE PAISLEY TISSUE BOX,1,Own Brand,1.44,1.16,2009-12-23
1060,MOTORING TISSUE BOX,1,Own Brand,1.22,0.98,2009-12-10
1061,RED RETROSPOT TISSUE BOX,1,Own Brand,1.44,1.16,2010-02-15
1062,LADS ONLY TISSUE BOX,1,Own Brand,1.44,1.16,2010-09-16
1063,PINK PAISLEY SQUARE TISSUE BOX,1,Own Brand,1.44,1.16,2009-12-18
1064,SWALLOW SQUARE TISSUE BOX,1,Own Brand,1.44,1.16,2009-12-18
1065,BOUDOIR SQUARE TISSUE BOX,1,Own Brand,1.44,1.16,2009-12-07
1066,CARAVAN SQUARE TISSUE BOX,1,Own Brand,1.44,1.16,2010-06-30
1067,SKULLS SQUARE TISSUE BOX,1,Own Brand,0.94,0.76,2009-12-07
1068,MIRROR MOSAIC T-LIGHT HOLDER,6,Own Brand,1.9,1.47,2009-12-04
1069,MIRROR MOSAIC T-LIGHT HOLDER ROUND,6,Own Brand,1.9,1.47,2010-10-07
1070,MIRROR MOSAIC GOBLET CANDLE HOLDER,6,Own Brand,4.89,3.79,2009-12-07
1071,MIRROR MOSAIC HURRICANE LAMP,6,Own Brand,7.76,6.01,2010-05-10
1072,PIZZA PLATE IN BOX,7,Own Brand,4.31,3.53,2010-02-15
1073,PING! MICROWAVE PLATE,7,Own Brand,4.31,3.53,2010-09-09
1074,FULL ENGLISH BREAKFAST PLATE,7,Own Brand,4.31,3.53,2010-03-12
1075,BIRD HOUSE HOT WATER BOTTLE,7,Own Brand,2.93,2.4,2010-01-19
1076,SCOTTIE DOG HOT WATER BOTTLE,7,Own Brand,5.69,4.67,2009-12-01
1077,CHOCOLATE HOT WATER BOTTLE,7,Own Brand,5.69,4.67,2010-03-04
1078,GREY HEART HOT WATER BOTTLE,7,Own Brand,4.31,3.53,2009-12-01
1079,HOT WATER BOTTLE TEA AND SYMPATHY,7,Own Brand,4.54,3.72,2009-12-01
1080,METAL SIGN EMPIRE TEA,6,Own Brand,3.39,2.63,2010-02-01
1081,METAL SIGN HIS DINNER IS SERVED,6,Own Brand,3.39,2.63,2009-12-01
1082,METAL SIGN HER DINNER IS SERVED,6,Own Brand,3.39,2.63,2009-12-01
1083,JOY WOODEN BLOCK LETTERS,5,Own Brand,5.69,4.71,2010-10-07
1084,PEACE WOODEN BLOCK LETTERS,5,Own Brand,7.99,6.61,2010-04-27
1085,WELCOME WOODEN BLOCK LETTERS,5,Own Brand,11.44,9.47,2010-01-15
1086,NOEL WOODEN BLOCK LETTERS,5,Own Brand,6.84,5.66,2010-04-27
1087,SET OF 2 FANCY FONT TEA TOWELS,7,Own Brand,3.39,2.78,2010-01-14
1088,PING MICROWAVE APRON,7,Own Brand,2.24,1.84,2010-09-17
1089,SET OF 2 TEA TOWELS PING MICROWAVE,7,Own Brand,3.39,2.78,2010-06-17
1090,UNION JACK HOT WATER BOTTLE,7,Own Brand,6.84,5.61,2009-12-03
1091,PARTY CONES CARNIVAL ASSORTED,8,Own Brand,1.44,1.09,2009-12-04
1092,PARTY CONES CANDY ASSORTED,8,Own Brand,1.44,1.09,2009-12-04
1093,PARTY CONES CANDY TREE DECORATION,8,Own Brand,0.98,0.74,2010-01-27
1094,PARTY CONE CHRISTMAS DECORATION,3,Own Brand,0.98,0.73,2009-12-01
1095,FOOD CONTAINER SET 3 LOVE HEART,6,Own Brand,2.24,1.74,2009-12-02
1096,RED LOVE HEART SHAPE CUP,7,Own Brand,0.98,0.8,2010-01-07
1097,PINK LOVE HEART SHAPE CUP,7,Own Brand,0.98,0.8,2010-01-07
1098,MINI LADLE LOVE HEART RED,6,Own Brand,0.48,0.37,2010-03-02
1099,LADLE LOVE HEART PINK,6,Own Brand,0.48,0.37,2009-12-07
1100,LOVE HEART SOCK HANGER,6,Own Brand,1.9,1.47,2010-01-22
1101,BATHROOM SET LOVE HEART DESIGN,6,Own Brand,3.39,2.63,2010-02-09
1102,BAKING SET 9 PIECE RETROSPOT,7,Own Brand,5.69,4.67,2009-12-01
1103,RETROSPOT TEA SET CERAMIC 11 PC,5,Own Brand,5.69,4.71,2009-12-01
1104,CHRISTMAS CRAFT TREE TOP ANGEL,3,Own Brand,2.42,1.8,2010-11-17
1105,CHRISTMAS CRAFT WHITE FAIRY,3,Own Brand,1.67,1.24,2010-11-17
1106,CHRISTMAS CRAFT HEART DECORATIONS,3,Own Brand,2.42,1.8,2010-09-06
1107,CHRISTMAS CRAFT LITTLE FRIENDS,3,Own Brand,2.42,1.8,2010-11-17
1108,CHRISTMAS CRAFT HEART STOCKING,3,Own Brand,2.42,1.8,2010-05-06
1109,EASTER CRAFT IVY WREATH WITH CHICK,3,Own Brand,1.9,1.42,2009-12-18
1110,FELTCRAFT BUTTERFLY HEARTS,6,Own Brand,1.67,1.29,2009-12-08
1111,EASTER CRAFT 4 CHICKS,3,Own Brand,2.24,1.67,2009-12-18
1112,FELTCRAFT 6 FLOWER FRIENDS,9,Own Brand,2.42,1.91,2009-12-02
1113,3 STRIPEY MICE FELTCRAFT,9,Own Brand,2.24,1.77,2009-12-07
1114,PLACE SETTING WHITE HEART,7,Own Brand,0.48,0.39,2009-12-04
1115,PLACE SETTING WHITE STAR,7,Own Brand,0.48,0.39,2010-03-09
1116,ANGEL DECORATION STARS ON DRESS,6,Own Brand,0.48,0.37,2010-11-26
1117,ANGEL DECORATION 3 BUTTONS,6,Own Brand,0.48,0.37,2010-10-07
1118,STAR DECORATION RUSTIC,6,Own Brand,0.48,0.37,2010-09-13
1119,HEART DECORATION WITH PEARLS,6,Own Brand,0.98,0.76,2010-09-21
1120,ANGEL DECORATION WITH LACE PADDED,6,Own Brand,0.98,0.76,2010-09-01
1121,3 HEARTS HANGING DECORATION RUSTIC,6,Own Brand,3.39,2.63,2010-07-26
1122,HEART DECORATION RUSTIC HANGING,6,Own Brand,0.75,0.58,2010-05-24
1123,HEART GARLAND RUSTIC PADDED,8,Own Brand,3.39,2.58,2009-12-04
1124,HEART STRING MEMO HOLDER HANGING,6,Own Brand,0.91,0.71,2009-12-04
1125,STRING OF STARS CARD HOLDER,6,Own Brand,3.39,2.63,2010-09-21
1126,"DIAMANTE HEART SHAPED WALL MIRROR,",6,Own Brand,14.66,11.36,2010-11-10
1127,OVAL WALL MIRROR DIAMANTE,6,Own Brand,11.44,8.87,2011-10-28
1128,ORGANISER WOOD ANTIQUE WHITE,5,Own Brand,9.77,8.08,2010-02-09
1129,FAMILY ALBUM WHITE PICTURE FRAME,6,Own Brand,9.77,7.57,2010-04-16
1130,PICTURE FRAME WOOD TRIPLE PORTRAIT,6,Own Brand,7.76,6.01,2010-04-21
1131,3 HOOK PHOTO SHELF ANTIQUE WHITE,6,Own Brand,9.77,7.57,2009-12-18
1132,METAL SHELF WITH RAIL,5,Own Brand,9.77,8.08,2009-12-08
1133,METAL 4 HOOK HANGER FRENCH CHATEAU,6,Own Brand,3.39,2.63,2010-01-14
1134,PHOTO CUBE,5,Own Brand,1.9,1.57,2010-04-28
1135,PINK OWL SOFT TOY,11,Own Brand,3.39,2.65,2010-04-27
1136,BLUE OWL SOFT TOY,11,Own Brand,3.39,2.65,2010-01-10
1137,5 HOOK BLACKBOARD ORGANISER,6,Own Brand,11.44,8.87,2009-12-23
1138,VICTORIAN GLASS HANGING T-LIGHT,6,Own Brand,1.44,1.12,2009-12-07
1139,SET 10 LIGHTS NIGHT OWL,6,Own Brand,7.76,6.01,2009-12-04
1140,RETRO SPOT LAMP,6,Own Brand,11.44,8.87,2009-12-01
1141,SNOWSTORM PHOTO FRAME FRIDGE MAGNET,6,Own Brand,0.98,0.76,2009-12-04
1142,CAKE STAND VICTORIAN FILIGREE SMALL,8,Own Brand,5.69,4.32,2010-11-10
1143,CAKE STAND VICTORIAN FILIGREE MED,8,Own Brand,7.76,5.9,2010-11-10
1144,CAKE STAND VICTORIAN FILIGREE LARGE,8,Own Brand,9.77,7.42,2010-09-06
1145,SLATE TILE NATURAL HANGING,6,Own Brand,1.9,1.47,2010-02-12
1146,RED STAR CARD HOLDER,6,Own Brand,2.93,2.27,2010-09-27
1147,GREEN CHRISTMAS TREE CARD HOLDER,3,Own Brand,4.89,3.64,2009-12-04
1148,BLACK HEART CARD HOLDER,6,Own Brand,4.54,3.52,2010-05-10
1149,CREAM HEART CARD HOLDER,6,Own Brand,4.54,3.52,2009-12-09
1150,LOCAL CAFE MUG,7,Own Brand,2.42,1.98,2010-04-28
1151,IVORY DINER WALL CLOCK,6,Own Brand,9.77,7.57,2010-04-21
1152,BLUE DINER WALL CLOCK,6,Own Brand,9.77,7.57,2009-12-09
1153,RED DINER WALL CLOCK,6,Own Brand,9.77,7.57,2009-12-18
1154,BLACK DINER WALL CLOCK,6,Own Brand,9.77,7.57,2009-12-07
1155,LARGE HEART MEASURING SPOONS,7,Own Brand,1.9,1.56,2010-01-15
1156,SMALL HEART MEASURING SPOONS,7,Own Brand,0.98,0.8,2010-01-15
1157,SMALL POPCORN HOLDER,6,Own Brand,0.98,0.76,2009-12-01
1158,LARGE POPCORN HOLDER,6,Own Brand,1.9,1.47,2009-12-02
1159,FRYING PAN RED RETROSPOT,5,Own Brand,4.89,4.05,2009-12-18
1160,FRYING PAN PINK POLKADOT,5,Own Brand,4.89,4.05,2009-12-07
1161,FRYING PAN BLUE POLKADOT,5,Own Brand,4.89,4.05,2010-01-27
1162,MILK PAN PINK RETROSPOT,5,Own Brand,4.31,3.57,2009-12-07
1163,MILK PAN RED RETROSPOT,5,Own Brand,4.31,3.57,2009-12-18
1164,MILK PAN BLUE POLKADOT,5,Own Brand,4.31,3.57,2010-01-07
1165,FRYING PAN UNION FLAG,5,Own Brand,4.89,4.05,2010-02-22
1166,WOOD STAMP SET THANK YOU,5,Own Brand,0.95,0.79,2009-12-03
1167,WOOD STAMP SET HAPPY BIRTHDAY,8,Own Brand,0.95,0.72,2009-12-03
1168,WOOD STAMP SET BEST WISHES,5,Own Brand,0.95,0.79,2009-12-03
1169,WOOD STAMP SET FLOWERS,4,Own Brand,0.95,0.79,2009-12-02
1170,FOUR HOOK WHITE LOVEBIRDS,6,Own Brand,2.42,1.88,2009-12-06
1171,CANDLE PLATE LACE WHITE,7,Own Brand,2.93,2.4,2009-12-23
1172,CAKE STAND WHITE TWO TIER LACE,8,Own Brand,9.77,7.42,2009-12-04
1173,T-LIGHT HOLDER WHITE LACE,6,Own Brand,0.98,0.76,2010-07-01
1174,T-LIGHT HOLDER HANGING LACE,6,Own Brand,1.33,1.03,2010-01-21
1175,CAKE STAND LACE WHITE,8,Own Brand,4.89,3.72,2009-12-04
1176,LOVEBIRD HANGING DECORATION WHITE,6,Own Brand,0.98,0.76,2009-12-07
1177,CAKE STAND LOVEBIRD 2 TIER WHITE,8,Own Brand,11.44,8.69,2009-12-04
1178,CAKE STAND LOVEBIRD 2 TIER PINK,8,Own Brand,11.44,8.69,2010-01-19
1179,CAKE PLATE LOVEBIRD WHITE,7,Own Brand,5.69,4.67,2009-12-04
1180,CAKE PLATE LOVEBIRD PINK,7,Own Brand,5.69,4.67,2009-12-04
1181,WHITE LOVEBIRD LANTERN,6,Own Brand,3.39,2.63,2009-12-07
1182,HANGING HEART MIRROR DECORATION,6,Own Brand,0.75,0.58,2010-10-07
1183,BUNNY WOODEN PAINTED WITH BIRD,9,Own Brand,0.98,0.77,2010-03-18
1184,BUNNY WOODEN PAINTED WITH FLOWER,9,Own Brand,0.98,0.77,2009-12-07
1185,JIGSAW TREE WITH WATERING CAN,4,Own Brand,0.98,0.82,2010-01-14
1186,JIGSAW TREE WITH BIRDHOUSE,4,Own Brand,1.67,1.39,2009-12-10
1187,JIGSAW TOADSTOOLS 3 PIECE,5,Own Brand,1.9,1.57,2009-12-01
1188,JIGSAW RABBIT AND BIRDHOUSE,4,Own Brand,1.9,1.59,2009-12-09
1189,CAKE STAND 3 TIER MAGIC GARDEN,8,Own Brand,14.66,11.14,2009-12-18
1190,GARLAND WOODEN HAPPY EASTER,3,Own Brand,1.44,1.07,2010-02-22
1191,"HOOK, 5 HANGER , MAGIC TOADSTOOL",6,Own Brand,1.9,1.47,2009-12-14
1192,5 HOOK HANGER RED MAGIC TOADSTOOL,6,Own Brand,1.9,1.47,2009-12-14
1193,3 HOOK HANGER MAGIC GARDEN,6,Own Brand,2.24,1.74,2009-12-14
1194,"HOOK, 1 HANGER ,MAGIC GARDEN",6,Own Brand,0.98,0.76,2009-12-14
1195,"GARLAND, MAGIC GARDEN 1.8M",8,Own Brand,2.24,1.7,2010-01-27
1196,BUNNY DECORATION MAGIC GARDEN,6,Own Brand,0.98,0.76,2010-02-22
1197,DECORATION PINK CHICK MAGIC GARDEN,6,Own Brand,0.98,0.76,2010-04-30
1198,DECORATION WHITE CHICK MAGIC GARDEN,6,Own Brand,0.98,0.76,2010-02-09
1199,DECORATION BUTTERFLY MAGIC GARDEN,6,Own Brand,0.98,0.76,2010-08-23
1200,BIRDHOUSE DECORATION MAGIC GARDEN,6,Own Brand,1.44,1.12,2010-01-14
1201,BIRDCAGE DECORATION TEALIGHT HOLDER,6,Own Brand,1.44,1.12,2010-01-11
1202,6 CROCHET STRAWBERRIES,5,Own Brand,1.44,1.19,2009-12-06
1203,FELT TOADSTOOL LARGE,5,Own Brand,1.44,1.19,2009-12-01
1204,FELT TOADSTOOL SMALL,5,Own Brand,0.98,0.81,2009-12-01
1205,FELT FARM ANIMAL CHICKEN,5,Own Brand,1.44,1.19,2009-12-07
1206,FELT FARM ANIMAL SHEEP,5,Own Brand,1.44,1.19,2011-02-04
1207,FELT FARM ANIMAL RABBIT,5,Own Brand,1.44,1.19,2010-01-27
1208,FELT FARM ANIMAL HEN,5,Own Brand,1.44,1.19,2010-01-27
1209,FELT EGG COSY BLUE RABBIT,7,Own Brand,0.98,0.8,2010-01-08
1210,FELT EGG COSY WHITE RABBIT,7,Own Brand,0.98,0.8,2010-01-19
1211,FELT EGG COSY CHICKEN,7,Own Brand,0.98,0.8,2010-01-13
1212,FELT EGG COSY LADYBIRD,7,Own Brand,0.83,0.68,2010-01-08
1213,FELT FARM ANIMAL WHITE BUNNY,5,Own Brand,0.98,0.81,2010-02-15
1214,EASTER DECORATION NATURAL CHICK,3,Own Brand,0.75,0.56,2010-02-09
1215,EASTER DECORATION HANGING BUNNY,3,Own Brand,0.75,0.56,2011-03-04
1216,EASTER DECORATION EGG BUNNY,3,Own Brand,1.44,1.07,2009-12-07
1217,EASTER DECORATION SITTING BUNNY,3,Own Brand,0.98,0.73,2011-02-04
1218,EGG CUP NATURAL CHICKEN,7,Own Brand,1.44,1.18,2010-02-09
1219,HAPPY EASTER HANGING DECORATION,3,Own Brand,4.31,3.21,2010-01-27
1220,FELTCRAFT DOLL ROSIE,9,Own Brand,3.39,2.68,2009-12-02
1221,FELTCRAFT DOLL MARIA,9,Own Brand,3.39,2.68,2010-02-01
1222,FELTCRAFT DOLL MOLLY,9,Own Brand,3.39,2.68,2009-12-02
1223,FELTCRAFT DOLL EMILY,9,Own Brand,3.39,2.68,2010-02-01
1224,WEEKEND BAG VINTAGE ROSE PAISLEY,1,Own Brand,9.77,7.86,2009-12-03
1225,WASH BAG VINTAGE ROSE PAISLEY,1,Own Brand,2.93,2.36,2009-12-08
1226,COSMETIC BAG VINTAGE ROSE PAISLEY,1,Own Brand,2.42,1.95,2009-12-08
1227,OVERNIGHT BAG VINTAGE ROSE PAISLEY,1,Own Brand,5.69,4.58,2009-12-08
1228,POCKET BAG BLUE PAISLEY RED SPOT,1,Own Brand,1.44,1.16,2009-12-23
1229,POCKET BAG PINK PAISELY BROWN SPOT,1,Own Brand,1.44,1.16,2010-01-19
1230,EASTER TREE YELLOW BIRDS,3,Own Brand,6.84,5.1,2010-01-08
1231,12 EGG HOUSE PAINTED WOOD,7,Own Brand,14.66,12.02,2009-12-18
1232,6 EGG HOUSE PAINTED WOOD,7,Own Brand,9.14,7.49,2009-12-07
1233,HEN HOUSE DECORATION,6,Own Brand,1.9,1.47,2010-05-06
1234,"DECORATION HEN ON NEST, HANGING",6,Own Brand,1.9,1.47,2009-12-18
1235,"DECORATION , WOBBLY RABBIT , METAL",6,Own Brand,1.9,1.47,2010-08-23
1236,"DECORATION , WOBBLY CHICKEN, METAL",6,Own Brand,1.9,1.47,2010-04-09
1237,HANGING METAL RABBIT DECORATION,6,Own Brand,1.44,1.12,2011-03-04
1238,HANGING METAL CHICKEN DECORATION,6,Own Brand,1.44,1.12,2011-03-04
1239,HANGING CHICK CREAM DECORATION,6,Own Brand,1.67,1.29,2010-03-12
1240,"SPRING DEC , HANGING CHICK YELLOW",6,Own Brand,1.44,1.12,2009-12-18
1241,"SPRING DEC , HANGING CHICK GREEN",6,Own Brand,1.67,1.29,2010-02-09
1242,HEART FILIGREE DOVE SMALL,6,Own Brand,1.44,1.12,2009-12-02
1243,HEART FILIGREE DOVE LARGE,6,Own Brand,1.9,1.47,2009-12-04
1244,HEART IVORY TRELLIS LARGE,6,Own Brand,1.9,1.47,2010-03-26
1245,HEART IVORY TRELLIS SMALL,6,Own Brand,1.44,1.12,2009-12-07
1246,PIG KEYRING WITH LIGHT & SOUND,6,Own Brand,1.44,1.12,2009-12-04
1247,COFFEE MUG DOG + BALL DESIGN,7,Own Brand,2.93,2.4,2010-01-19
1248,COFFEE MUG CAT + BIRD DESIGN,7,Own Brand,2.93,2.4,2009-12-07
1249,COFFEE MUG PEARS DESIGN,7,Own Brand,2.93,2.4,2009-12-13
1250,COFFEE MUG APPLES DESIGN,7,Own Brand,2.93,2.4,2009-12-13
1251,COFFEE MUG BLUE PAISLEY DESIGN,7,Own Brand,2.93,2.4,2009-12-08
1252,COFFEE MUG PINK PAISLEY DESIGN,7,Own Brand,2.93,2.4,2009-12-08
1253,SILVER MUG BONE CHINA TREE OF LIFE,7,Own Brand,2.07,1.7,2010-08-27
1254,GOLD MUG BONE CHINA TREE OF LIFE,7,Own Brand,2.07,1.7,2010-08-27
1255,TEA COSY BLUE STRIPE,5,Own Brand,2.93,2.42,2010-01-19
1256,TEA COSY RED STRIPE,5,Own Brand,2.93,2.42,2009-12-23
1257,IVORY KNITTED MUG COSY,7,Own Brand,1.9,1.56,2010-11-19
1258,OFFICE MUG WARMER BLACK+SILVER,7,Own Brand,3.39,2.78,2009-12-10
1259,OFFICE MUG WARMER POLKADOT,7,Own Brand,3.39,2.78,2009-12-10
1260,OFFICE MUG WARMER PINK,7,Own Brand,3.39,2.78,2009-12-07
1261,OFFICE MUG WARMER CHOC+BLUE,7,Own Brand,3.39,2.78,2009-12-07
1262,200 RED + WHITE BENDY STRAWS,5,Own Brand,1.44,1.19,2010-03-17
1263,200 BENDY SKULL STRAWS,5,Own Brand,1.44,1.19,2010-04-15
1264,FIVE CATS HANGING DECORATION,6,Own Brand,3.39,2.63,2009-12-07
1265,FIVE HEART HANGING DECORATION,6,Own Brand,3.39,2.63,2009-12-07
1266,HAIRCLIPS FORTIES FABRIC ASSORTED,5,Own Brand,0.75,0.62,2009-12-01
1267,BIRDS MOBILE VINTAGE DESIGN,6,Own Brand,6.84,5.3,2009-12-21
1268,BIRD DECORATION RED RETROSPOT,6,Own Brand,0.98,0.76,2009-12-01
1269,BIRD DECORATION GREEN POLKADOT,6,Own Brand,0.98,0.76,2010-02-03
1270,PINK POLKADOT KIDS BAG,1,Own Brand,3.97,3.2,2009-12-04
1271,BLUE POLKADOT KIDS BAG,1,Own Brand,2.24,1.8,2009-12-04
1272,MOBILE VINTAGE HEARTS,6,Own Brand,5.69,4.41,2009-12-02
1273,ROUND SNACK BOXES SET OF4 WOODLAND,1,Own Brand,3.39,2.73,2010-01-07
1274,ROUND SNACK BOXES SET OF 4 SKULLS,1,Own Brand,3.39,2.73,2010-03-07
1275,ROUND SNACK BOXES SET OF 4 FRUITS,1,Own Brand,3.39,2.73,2010-01-07
1276,ROUND CONTAINER SET OF 5 RETROSPOT,5,Own Brand,1.9,1.57,2010-01-12
1277,72 ROUND PINK DOILIES,5,Own Brand,1.67,1.38,2009-12-23
1278,WOODLAND PARTY BAG + STICKER SET,8,Own Brand,1.9,1.44,2009-12-03
1279,SKULLS PARTY BAG + STICKER SET,8,Own Brand,1.9,1.44,2009-12-14
1280,RETROSPOT PARTY BAG + STICKER SET,8,Own Brand,1.9,1.44,2009-12-01
1281,DINOSAUR PARTY BAG + STICKER SET,8,Own Brand,1.9,1.44,2009-12-23
1282,HEART DECORATION PAINTED ZINC,6,Own Brand,0.63,0.49,2009-12-02
1283,DOVE DECORATION PAINTED ZINC,6,Own Brand,0.69,0.53,2009-12-02
1284,ANGEL DECORATION PAINTED ZINC,6,Own Brand,0.75,0.58,2009-12-02
1285,STAR DECORATION PAINTED ZINC,6,Own Brand,0.75,0.58,2010-02-22
1286,CHRISTMAS TREE PAINTED ZINC,3,Own Brand,0.22,0.16,2010-02-22
1287,NOEL GARLAND PAINTED ZINC,8,Own Brand,0.45,0.34,2010-05-06
1288,LOVE GARLAND PAINTED ZINC,8,Own Brand,1.9,1.44,2009-12-07
1289,HOME GARLAND PAINTED ZINC,8,Own Brand,1.9,1.44,2009-12-07
1290,PARTY PIZZA DISH RED RETROSPOT,8,Own Brand,0.98,0.74,2009-12-02
1291,PARTY PIZZA DISH PINK POLKADOT,8,Own Brand,0.98,0.74,2009-12-14
1292,PARTY PIZZA DISH BLUE POLKADOT,8,Own Brand,0.98,0.74,2010-04-21
1293,PARTY PIZZA DISH GREEN POLKADOT,8,Own Brand,0.98,0.74,2010-04-21
1294,PIZZA SLICE DISH,5,Own Brand,1.44,1.19,2009-12-23
1295,TEA BAG PLATE RED RETROSPOT,7,Own Brand,0.98,0.8,2009-12-04
1296,DOG BOWL CHASING BALL DESIGN,7,Own Brand,4.31,3.53,2009-12-20
1297,ILLUSTRATED CAT BOWL,7,Own Brand,2.93,2.4,2009-12-20
1298,LUNCH BOX WITH CUTLERY RETROSPOT,7,Own Brand,2.93,2.4,2009-12-01
1299,LUNCH BOX WITH CUTLERY FAIRY CAKES,7,Own Brand,2.93,2.4,2009-12-01
1300,RETROSPOT PADDED SEAT CUSHION,6,Own Brand,4.31,3.34,2009-12-09
1301,CHARLOTTE BAG SUKI DESIGN,1,Own Brand,0.98,0.79,2009-12-01
1302,CHARLOTTE BAG PINK POLKADOT,1,Own Brand,0.98,0.79,2009-12-01
1303,KINGS CHOICE BISCUIT TIN,7,Own Brand,4.89,4.01,2010-01-07
1304,KINGS CHOICE TEA CADDY,5,Own Brand,3.39,2.81,2010-01-07
1305,GLASS JAR KINGS CHOICE,1,Own Brand,3.39,2.73,2010-03-23
1306,GLASS JAR ENGLISH CONFECTIONERY,1,Own Brand,3.39,2.73,2010-04-12
1307,GLASS JAR DAISY FRESH COTTON WOOL,1,Own Brand,3.39,2.73,2010-06-29
1308,GLASS JAR PEACOCK BATH SALTS,1,Own Brand,3.39,2.73,2010-03-25
1309,GLASS JAR MARMALADE,1,Own Brand,3.39,2.73,2010-05-12
1310,GLASS JAR DIGESTIVE BISCUITS,1,Own Brand,3.39,2.73,2010-04-07
1311,DOORMAT RESPECTABLE HOUSE,6,Own Brand,9.14,7.08,2010-02-16
1312,DOORMAT AIRMAIL,6,Own Brand,8.61,6.67,2010-01-22
1313,CHILDRENS APRON SPACEBOY DESIGN,7,Own Brand,2.24,1.84,2010-01-19
1314,AIRLINE BAG VINTAGE TOKYO 78,1,Own Brand,4.89,3.94,2010-02-18
1315,AIRLINE BAG VINTAGE WORLD CHAMPION,1,Own Brand,4.89,3.94,2010-02-18
1316,AIRLINE BAG VINTAGE JET SET RED,1,Own Brand,4.89,3.94,2010-02-22
1317,AIRLINE BAG VINTAGE JET SET BROWN,1,Own Brand,4.89,3.94,2010-03-02
1318,AIRLINE BAG VINTAGE JET SET WHITE,1,Own Brand,4.89,3.94,2010-03-02
1319,BOTTLE BAG RETROSPOT,7,Own Brand,2.42,1.98,2010-02-09
1320,WALL TIDY RETROSPOT,6,Own Brand,2.42,1.88,2010-02-07
1321,RECYCLING BAG RETROSPOT,1,Own Brand,2.42,1.95,2010-02-09
1322,TOY TIDY SPACEBOY,11,Own Brand,2.42,1.89,2010-02-07
1323,TOY TIDY PINK RETROSPOT,11,Own Brand,2.42,1.89,2010-02-07
1324,LUNCH BAG SPACEBOY DESIGN,1,Own Brand,1.9,1.53,2010-02-03
1325,LUNCH BAG SUKI DESIGN,1,Own Brand,1.9,1.53,2010-02-03
1326,LUNCH BAG PINK POLKADOT,1,Own Brand,1.9,1.53,2010-02-03
1327,JUMBO BAG SPACEBOY DESIGN,1,Own Brand,2.24,1.8,2010-02-07
1328,JUMBO BAG PINK POLKADOT,1,Own Brand,2.24,1.8,2010-02-07
1329,PAPERWEIGHT SAVE THE PLANET,9,Own Brand,2.93,2.31,2010-04-01
1330,PAPERWEIGHT CHILDHOOD MEMORIES,9,Own Brand,2.93,2.31,2010-03-26
1331,PAPERWEIGHT HOME SWEET HOME,9,Own Brand,2.93,2.31,2010-09-09
1332,PAPERWEIGHT VINTAGE COLLAGE,9,Own Brand,2.93,2.31,2010-03-26
1333,PAPERWEIGHT KINGS CHOICE,9,Own Brand,1.96,1.55,2011-01-12
1334,PAPERWEIGHT VINTAGE PAISLEY,9,Own Brand,2.93,2.31,2010-04-28
1335,MAGNETS PACK OF 4 RETRO PHOTO,5,Own Brand,0.85,0.7,2010-03-26
1336,MAGNETS PACK OF 4 SWALLOWS,6,Own Brand,1.44,1.12,2010-04-08
1337,MAGNETS PACK OF 4 CHILDHOOD MEMORY,5,Own Brand,1.44,1.19,2010-03-26
1338,MAGNETS PACK OF 4 HOME SWEET HOME,5,Own Brand,1.44,1.19,2010-04-21
1339,MAGNETS PACK OF 4 VINTAGE COLLAGE,5,Own Brand,1.33,1.1,2010-03-26
1340,MAGNETS PACK OF 4 VINTAGE LABELS,5,Own Brand,0.45,0.37,2010-04-08
1341,MONEY BOX POCKET MONEY DESIGN,1,Own Brand,1.44,1.16,2010-03-26
1342,MONEY BOX KINGS CHOICE DESIGN,1,Own Brand,1.44,1.16,2010-03-26
1343,MONEY BOX FIRST ADE DESIGN,1,Own Brand,1.44,1.16,2010-03-26
1344,MONEY BOX CONFECTIONERY DESIGN,1,Own Brand,1.44,1.16,2010-03-26
1345,MONEY BOX BISCUITS DESIGN,1,Own Brand,1.44,1.16,2010-03-26
1346,MONEY BOX HOUSEKEEPING DESIGN,1,Own Brand,1.44,1.16,2010-03-26
1347,JUMBO SHOPPER VINTAGE RED PAISLEY,5,Own Brand,2.24,1.85,2010-02-14
1348,METAL SIGN NEIGHBOURHOOD WITCH,6,Own Brand,2.42,1.88,2010-09-21
1349,METAL SIGN TAKE IT OR LEAVE IT,6,Own Brand,3.39,2.63,2010-02-22
1350,DOORMAT NEIGHBOURHOOD WITCH,6,Own Brand,9.14,7.08,2010-04-29
1351,WHITE TISSUE REAM,2,Own Brand,9.14,7.29,2010-02-09
1352,SET OF 36 DOILIES SPACEBOY DESIGN,6,Own Brand,1.67,1.29,2010-02-26
1353,PACK OF 60 SPACEBOY CAKE CASES,7,Own Brand,0.63,0.52,2010-02-08
1354,10 COLOUR SPACEBOY PEN,11,Own Brand,0.98,0.77,2010-05-23
1355,LIPSTICK PEN RED,9,Own Brand,0.48,0.38,2010-05-21
1356,LIPSTICK PEN BABY PINK,9,Own Brand,0.48,0.38,2010-05-20
1357,LIPSTICK PEN FUSCHIA,9,Own Brand,0.48,0.38,2010-05-21
1358,TOOTHPASTE TUBE PEN,5,Own Brand,0.75,0.62,2010-05-21
1359,REGENCY CAKESTAND 3 TIER,7,Own Brand,14.66,12.02,2010-03-22
1360,ENAMEL BREAD BIN CREAM,5,Own Brand,14.66,12.13,2010-05-21
1361,ENAMEL COLANDER CREAM,5,Own Brand,5.69,4.71,2010-05-21
1362,ENAMEL WASH BOWL CREAM,7,Own Brand,4.31,3.53,2010-05-21
1363,ENAMEL FLOWER JUG CREAM,7,Own Brand,6.84,5.61,2010-05-21
1364,ENAMEL FIRE BUCKET CREAM,4,Own Brand,7.99,6.67,2010-06-22
1365,ENAMEL MEASURING JUG CREAM,7,Own Brand,4.89,4.01,2010-05-21
1366,ENAMEL WATERING CAN CREAM,4,Own Brand,5.69,4.75,2010-05-21
1367,WATERING CAN BLUE ELEPHANT,4,Own Brand,2.24,1.87,2010-02-23
1368,WATERING CAN PINK BUNNY,4,Own Brand,2.24,1.87,2010-02-18
1369,WATERING CAN GREEN DINOSAUR,4,Own Brand,2.24,1.87,2010-02-22
1370,BALLOON PUMP WITH 10 BALLOONS,8,Own Brand,2.24,1.7,2010-04-07
1371,SET OF 9 HEART SHAPED BALLOONS,8,Own Brand,1.44,1.09,2010-04-22
1372,12 COLOURED PARTY BALLOONS,8,Own Brand,0.75,0.57,2010-04-07
1373,SET OF 9 BLACK SKULL BALLOONS,8,Own Brand,0.98,0.74,2010-04-28
1374,BALLOON ART MAKE YOUR OWN FLOWERS,8,Own Brand,2.24,1.7,2010-07-18
1375,6 ROCKET BALLOONS,8,Own Brand,0.75,0.57,2010-04-26
1376,BALLOON WATER BOMB PACK OF 35,8,Own Brand,0.48,0.36,2010-04-22
1377,GROW YOUR OWN BASIL IN ENAMEL MUG,7,Own Brand,2.42,1.98,2010-04-21
1378,GROW YOUR OWN FLOWERS SET OF 3,4,Own Brand,9.14,7.63,2010-04-14
1379,GROW YOUR OWN HERBS SET OF 3,4,Own Brand,9.14,7.63,2010-04-14
1380,GROW YOUR OWN PLANT IN A CAN,4,Own Brand,1.44,1.2,2010-03-24
1381,PENCIL CASE LIFE IS BEAUTIFUL,1,Own Brand,3.39,2.73,2010-03-24
1382,PIN CUSHION BABUSHKA PINK,6,Own Brand,3.85,2.98,2010-03-18
1383,PIN CUSHION BABUSHKA BLUE,6,Own Brand,3.85,2.98,2010-03-23
1384,PIN CUSHION BABUSHKA RED,6,Own Brand,3.85,2.98,2010-04-14
1385,SILK PURSE BABUSHKA PINK,1,Own Brand,3.85,3.1,2010-03-18
1386,SILK PURSE BABUSHKA BLUE,1,Own Brand,3.85,3.1,2010-03-18
1387,SILK PURSE BABUSHKA RED,1,Own Brand,3.85,3.1,2010-03-18
1388,MEASURING TAPE BABUSHKA PINK,10,Own Brand,3.39,2.75,2010-04-11
1389,MEASURING TAPE BABUSHKA BLUE,10,Own Brand,3.39,2.75,2010-03-23
1390,MEASURING TAPE BABUSHKA RED,10,Own Brand,3.39,2.75,2010-04-01
1391,NATURAL SLATE CHALKBOARD LARGE,9,Own Brand,5.69,4.49,2010-03-18
1392,NATURAL SLATE HEART CHALKBOARD,6,Own Brand,3.39,2.63,2010-03-10
1393,CAST IRON HOOK GARDEN FORK,6,Own Brand,2.93,2.27,2010-05-06
1394,CAST IRON HOOK GARDEN TROWEL,6,Own Brand,2.93,2.27,2010-05-06
1395,EMBOSSED GLASS TEALIGHT HOLDER,6,Own Brand,1.44,1.12,2010-04-26
1396,HANGING METAL HEART LANTERN,6,Own Brand,1.9,1.47,2010-05-06
1397,HANGING METAL STAR LANTERN,6,Own Brand,1.9,1.47,2010-07-02
1398,FAIRY TALE COTTAGE NIGHTLIGHT,6,Own Brand,2.24,1.74,2010-03-08
1399,GUMBALL COAT RACK,5,Own Brand,2.93,2.42,2010-03-08
1400,BABUSHKA LIGHTS STRING OF 10,6,Own Brand,7.76,6.01,2010-03-08
1401,HEART OF WICKER SMALL,6,Own Brand,1.9,1.47,2010-05-12
1402,HEART OF WICKER LARGE,6,Own Brand,3.39,2.63,2010-05-06
1403,TV DINNER TRAY AIR HOSTESS,7,Own Brand,5.69,4.67,2010-03-18
1404,TV DINNER TRAY DOLLY GIRL,7,Own Brand,5.69,4.67,2010-03-10
1405,TV DINNER TRAY VINTAGE PAISLEY,7,Own Brand,5.69,4.67,2010-03-18
1406,SPACEBOY TV DINNER TRAY,7,Own Brand,5.69,4.67,2010-03-24
1407,SKULL DESIGN TV DINNER TRAY,7,Own Brand,5.69,4.67,2010-03-18
1408,EMPIRE UNION JACK TV DINNER TRAY,7,Own Brand,5.69,4.67,2010-03-23
1409,WATERING CAN GARDEN MARKER,4,Own Brand,1.44,1.2,2010-03-10
1410,BIRDHOUSE GARDEN MARKER,4,Own Brand,1.44,1.2,2010-03-10
1411,DAISY GARDEN MARKER,4,Own Brand,1.44,1.2,2010-03-16
1412,RED TEA TOWEL CLASSIC DESIGN,7,Own Brand,1.44,1.18,2010-04-08
1413,BLACK TEA TOWEL CLASSIC DESIGN,7,Own Brand,1.44,1.18,2010-09-12
1414,BLUE TEA TOWEL CLASSIC DESIGN,7,Own Brand,1.44,1.18,2010-03-12
1415,RED GINGHAM TEDDY BEAR,11,Own Brand,3.39,2.65,2010-03-12
1416,SET OF 2 WOODEN MARKET CRATES,1,Own Brand,14.66,11.8,2010-03-12
1417,PLASMATRONIC LAMP,6,Own Brand,14.66,11.36,2011-09-20
1418,WHITE WOOD GARDEN PLANT LADDER,4,Own Brand,11.44,9.55,2010-03-19
1419,NATURAL SLATE RECTANGLE CHALKBOARD,9,Own Brand,1.9,1.5,2010-03-18
1420,PACK OF 12 TRADITIONAL CRAYONS,5,Own Brand,0.48,0.4,2010-05-06
1421,PACK OF 12 COLOURED PENCILS,9,Own Brand,0.98,0.77,2010-05-06
1422,MINI PAINT SET VINTAGE,9,Own Brand,0.75,0.59,2010-05-06
1423,PAINT YOUR OWN CANVAS SET,9,Own Brand,1.9,1.5,2010-05-12
1424,EMERGENCY FIRST AID TIN,7,Own Brand,1.44,1.18,2010-02-16
1425,SET OF 2 ROUND TINS CAMEMBERT,7,Own Brand,3.39,2.78,2010-02-01
1426,SET OF 2 ROUND TINS DUTCH CHEESE,7,Own Brand,3.39,2.78,2010-02-15
1427,SET OF 2 TINS VINTAGE BATHROOM,7,Own Brand,4.89,4.01,2010-02-05
1428,WOODEN REGATTA BUNTING,8,Own Brand,6.84,5.2,2010-02-18
1429,WOODEN UNION JACK BUNTING,8,Own Brand,6.84,5.2,2010-02-12
1430,SET OF 2 TINS JARDIN DE PROVENCE,7,Own Brand,5.69,4.67,2010-02-05
1431,PICNIC BASKET WICKER LARGE,1,Own Brand,11.44,9.21,2010-06-13
1432,PICNIC BASKET WICKER SMALL,1,Own Brand,6.84,5.51,2010-06-13
1433,CABIN BAG VINTAGE PAISLEY,1,Own Brand,31.56,25.41,2010-05-06
1434,CABIN BAG VINTAGE RETROSPOT,1,Own Brand,34.44,27.72,2010-05-06
1435,MEMO BOARD COTTAGE DESIGN,6,Own Brand,5.69,4.41,2010-03-10
1436,MEMO BOARD RETROSPOT DESIGN,6,Own Brand,5.69,4.41,2010-03-16
1437,DOORSTOP RETROSPOT HEART,6,Own Brand,4.31,3.34,2010-03-23
1438,SEWING BOX RETROSPOT DESIGN,1,Own Brand,19.49,15.69,2010-03-10
1439,GINGHAM BABUSHKA DOORSTOP,5,Own Brand,2.88,2.38,2010-12-09
1440,RETROSPOT BABUSHKA DOORSTOP,5,Own Brand,4.31,3.57,2010-03-26
1441,DOORSTOP RACING CAR DESIGN,6,Own Brand,4.31,3.34,2010-10-07
1442,DOORSTOP FOOTBALL DESIGN,6,Own Brand,4.31,3.34,2010-05-21
1443,CHILDS GARDEN SPADE BLUE,4,Own Brand,2.42,2.02,2010-05-20
1444,CHILDS GARDEN SPADE PINK,4,Own Brand,2.42,2.02,2010-04-01
1445,CHILDS GARDEN RAKE BLUE,4,Own Brand,2.42,2.02,2010-04-01
1446,CHILDS GARDEN RAKE PINK,4,Own Brand,2.42,2.02,2010-04-01
1447,CHILDS GARDEN BRUSH BLUE,4,Own Brand,2.42,2.02,2010-04-01
1448,CHILDS GARDEN BRUSH PINK,4,Own Brand,2.42,2.02,2010-04-01
1449,CHILDS GARDEN TROWEL BLUE,4,Own Brand,0.98,0.82,2010-04-01
1450,CHILDS GARDEN TROWEL PINK,4,Own Brand,0.98,0.82,2010-04-01
1451,CHILDS GARDEN FORK BLUE,4,Own Brand,0.98,0.82,2010-04-01
1452,CHILDS GARDEN FORK PINK,4,Own Brand,0.98,0.82,2010-04-01
1453,CHILDRENS GARDEN GLOVES BLUE,4,Own Brand,1.44,1.2,2010-04-21
1454,CHILDRENS GARDEN GLOVES PINK,4,Own Brand,1.44,1.2,2010-04-21
1455,WHEELBARROW FOR CHILDREN,5,Own Brand,14.66,12.13,2010-04-26
1456,GARDENERS KNEELING PAD,4,Own Brand,1.44,1.2,2010-05-11
1457,MAGIC DRAWING SLATE GO TO THE FAIR,5,Own Brand,0.48,0.4,2010-03-30
1458,MAGIC DRAWING SLATE DOLLY GIRL,11,Own Brand,0.48,0.38,2010-04-01
1459,MAGIC DRAWING SLATE CIRCUS PARADE,5,Own Brand,0.48,0.4,2010-04-01
1460,MAGIC DRAWING SLATE LEAP FROG,5,Own Brand,0.48,0.4,2010-03-30
1461,MAGIC DRAWING SLATE BAKE A CAKE,7,Own Brand,0.48,0.39,2010-03-30
1462,MAGIC DRAWING SLATE SPACEBOY,11,Own Brand,0.48,0.38,2010-04-01
1463,MAGIC DRAWING SLATE BUNNIES,5,Own Brand,0.48,0.4,2010-03-30
1464,MAGIC DRAWING SLATE PURDEY,5,Own Brand,0.48,0.4,2010-04-08
1465,MAGIC DRAWING SLATE DINOSAUR,5,Own Brand,0.48,0.4,2010-04-07
1466,MINI JIGSAW GO TO THE FAIR,5,Own Brand,0.48,0.4,2010-03-30
1467,MINI JIGSAW DOLLY GIRL,11,Own Brand,0.48,0.38,2010-03-30
1468,MINI JIGSAW CIRCUS PARADE,5,Own Brand,0.48,0.4,2010-04-01
1469,MINI JIGSAW LEAP FROG,5,Own Brand,0.48,0.4,2010-03-30
1470,MINI JIGSAW BAKE A CAKE,7,Own Brand,0.48,0.39,2010-03-26
1471,MINI JIGSAW SPACEBOY,11,Own Brand,0.48,0.38,2010-03-25
1472,MINI JIGSAW BUNNIES,5,Own Brand,0.48,0.4,2010-03-26
1473,MINI JIGSAW PURDEY,5,Own Brand,0.48,0.4,2010-03-26
1474,MINI JIGSAW DINOSAUR,5,Own Brand,0.48,0.4,2010-04-16
1475,HEADS AND TAILS SPORTING FUN,7,Own Brand,1.44,1.18,2010-04-08
1476,PICTURE DOMINOES,5,Own Brand,1.67,1.38,2010-04-01
1477,HOLIDAY FUN LUDO,5,Own Brand,4.31,3.57,2010-04-08
1478,PLASTERS IN TIN SPACEBOY,7,Own Brand,1.9,1.56,2010-03-26
1479,PLASTERS IN TIN SKULLS,7,Own Brand,1.9,1.56,2010-04-16
1480,PLASTERS IN TIN WOODLAND ANIMALS,7,Own Brand,1.9,1.56,2010-04-01
1481,PLASTERS IN TIN STRONGMAN,7,Own Brand,1.9,1.56,2010-03-25
1482,PLASTERS IN TIN CIRCUS PARADE,7,Own Brand,1.9,1.56,2010-03-25
1483,PLASTERS IN TIN VINTAGE PAISLEY,7,Own Brand,1.9,1.56,2010-04-07
1484,CLOTHES PEGS RETROSPOT PACK 24,5,Own Brand,1.67,1.38,2010-04-29
1485,SEASIDE FLYING DISC,5,Own Brand,1.44,1.19,2010-04-01
1486,TRADITIONAL MODELLING CLAY,5,Own Brand,1.44,1.19,2010-03-25
1487,WOODEN SCHOOL COLOURING SET,10,Own Brand,1.9,1.54,2010-03-26
1488,MONSTERS STENCIL CRAFT,9,Own Brand,1.44,1.14,2010-04-07
1489,HAPPY STENCIL CRAFT,9,Own Brand,1.44,1.14,2010-04-07
1490,ALPHABET STENCIL CRAFT,9,Own Brand,1.44,1.14,2010-04-09
1491,FELTCRAFT HAIRBANDS PINK AND WHITE,9,Own Brand,0.98,0.77,2010-04-16
1492,FELTCRAFT HAIRBAND PINK AND PURPLE,9,Own Brand,0.98,0.77,2010-04-16
1493,20 DOLLY PEGS RETROSPOT,11,Own Brand,1.44,1.13,2010-04-09
1494,FELTCRAFT CUSHION OWL,6,Own Brand,4.31,3.34,2010-03-18
1495,FELTCRAFT CUSHION BUTTERFLY,6,Own Brand,4.31,3.34,2010-03-18
1496,FELTCRAFT CUSHION RABBIT,6,Own Brand,4.31,3.34,2010-03-18
1497,ROCKING HORSE RED CHRISTMAS,3,Own Brand,0.98,0.73,2010-08-16
1498,ROCKING HORSE GREEN CHRISTMAS,3,Own Brand,0.98,0.73,2010-08-16
1499,STAR WOODEN CHRISTMAS DECORATION,3,Own Brand,0.98,0.73,2010-08-12
1500,HEART WOODEN CHRISTMAS DECORATION,3,Own Brand,0.98,0.73,2010-07-26
1501,METAL MERRY CHRISTMAS WREATH,3,Own Brand,2.24,1.67,2010-08-20
1502,SWALLOW WOODEN CHRISTMAS DECORATION,3,Own Brand,0.98,0.73,2010-08-19
1503,WOODEN HEART CHRISTMAS SCANDINAVIAN,3,Own Brand,0.98,0.73,2010-07-21
1504,WOODEN STAR CHRISTMAS SCANDINAVIAN,3,Own Brand,0.33,0.25,2010-08-12
1505,WOODEN TREE CHRISTMAS SCANDINAVIAN,3,Own Brand,0.33,0.25,2010-08-12
1506,ADVENT CALENDAR GINGHAM SACK,3,Own Brand,6.84,5.1,2010-08-10
1507,WOOD STOCKING CHRISTMAS SCANDISPOT,3,Own Brand,0.98,0.73,2010-08-16
1508,PACK OF 6 SWEETIE GIFT BOXES,1,Own Brand,2.93,2.36,2010-03-12
1509,PACK OF 6 HANDBAG GIFT BOXES,1,Own Brand,2.93,2.36,2010-03-25
1510,PACK OF 6 PANNETONE GIFT BOXES,1,Own Brand,2.93,2.36,2010-03-12
1511,PACK OF 6 BIRDY GIFT TAGS,4,Own Brand,1.44,1.2,2010-03-12
1512,FELTCRAFT HAIRBAND PINK AND BLUE,9,Own Brand,0.98,0.77,2010-04-16
1513,FELTCRAFT HAIRBAND RED AND BLUE,9,Own Brand,0.98,0.77,2010-04-16
1514,CARD HOLDER GINGHAM HEART,6,Own Brand,2.93,2.27,2010-07-16
1515,CARDHOLDER GINGHAM STAR,6,Own Brand,2.93,2.27,2010-07-16
1516,CARDHOLDER GINGHAM CHRISTMAS TREE,3,Own Brand,2.93,2.18,2010-07-16
1517,CARDHOLDER HOLLY WREATH METAL,6,Own Brand,4.31,3.34,2010-09-01
1518,CHRISTMAS GINGHAM STAR,3,Own Brand,0.98,0.73,2010-07-16
1519,CHRISTMAS GINGHAM TREE,3,Own Brand,0.98,0.73,2010-07-26
1520,CHRISTMAS GINGHAM HEART,3,Own Brand,0.98,0.73,2010-07-16
1521,CHRISTMAS STAR WISH LIST CHALKBOARD,3,Own Brand,0.98,0.73,2010-07-16
1522,CHRISTMAS MUSICAL ZINC HEART,3,Own Brand,0.98,0.73,2010-07-26
1523,CHRISTMAS MUSICAL ZINC TREE,3,Own Brand,0.66,0.49,2010-07-26
1524,CHRISTMAS MUSICAL ZINC STAR,3,Own Brand,0.98,0.73,2010-07-26
1525,CHRISTMAS RETROSPOT STAR WOOD,3,Own Brand,0.98,0.73,2010-07-16
1526,CHRISTMAS RETROSPOT ANGEL WOOD,3,Own Brand,0.98,0.73,2010-07-26
1527,CHRISTMAS RETROSPOT HEART WOOD,3,Own Brand,0.98,0.73,2010-07-16
1528,CHRISTMAS RETROSPOT TREE WOOD,3,Own Brand,0.98,0.73,2010-07-16
1529,SET OF 4 NAPKIN CHARMS CUTLERY,7,Own Brand,2.93,2.4,2010-09-21
1530,WOODEN CROQUET GARDEN SET,4,Own Brand,14.66,12.24,2010-04-21
1531,WOODEN SKITTLES GARDEN SET,9,Own Brand,18.34,14.49,2010-04-21
1532,WOODEN ROUNDERS GARDEN SET,4,Own Brand,11.44,9.55,2010-05-05
1533,PENS ASSORTED FUNKY JEWELED,5,Own Brand,0.22,0.18,2011-07-01
1534,PENS ASSORTED SPACEBALL,5,Own Brand,0.22,0.18,2010-03-08
1535,PENS ASSORTED FUNNY FACE,5,Own Brand,0.22,0.18,2010-06-09
1536,VINTAGE UNION JACK SHOPPING BAG,1,Own Brand,5.69,4.58,2010-04-12
1537,TEA COSY VINTAGE UNION JACK,5,Own Brand,4.31,3.57,2010-04-12
1538,PACK OF 20 SPACEBOY NAPKINS,7,Own Brand,0.98,0.8,2010-05-06
1539,PACK OF 12 SPACEBOY TISSUES,11,Own Brand,0.33,0.26,2010-05-06
1540,PACK OF 12 CIRCUS PARADE TISSUES,2,Own Brand,0.33,0.26,2010-05-06
1541,PACK OF 12 LONDON TISSUES,2,Own Brand,0.33,0.26,2010-05-06
1542,BAKING SET SPACEBOY DESIGN,7,Own Brand,5.69,4.67,2010-03-18
1543,COOKING SET RETROSPOT,7,Own Brand,11.44,9.38,2010-03-18
1544,SET OF 6 SOLDIER SKITTLES,9,Own Brand,4.31,3.4,2010-05-25
1545,4 TRADITIONAL SPINNING TOPS,11,Own Brand,1.44,1.13,2010-05-25
1546,TRADITIONAL KNITTING NANCY,7,Own Brand,1.67,1.37,2010-05-17
1547,BOX OF VINTAGE ALPHABET BLOCKS,1,Own Brand,11.44,9.21,2010-05-17
1548,BOX OF VINTAGE JIGSAW BLOCKS,1,Own Brand,5.69,4.58,2010-05-21
1549,IVORY KITCHEN SCALES,7,Own Brand,9.77,8.01,2010-05-05
1550,RED KITCHEN SCALES,7,Own Brand,9.77,8.01,2010-05-05
1551,BLACK KITCHEN SCALES,7,Own Brand,9.77,8.01,2010-05-06
1552,MINT KITCHEN SCALES,7,Own Brand,9.77,8.01,2010-05-06
1553,PICNIC BOXES SET OF 3 RETROSPOT,1,Own Brand,5.69,4.58,2010-07-05
1554,SPACEBOY LUNCH BOX,7,Own Brand,2.24,1.84,2010-07-06
1555,DOLLY GIRL LUNCH BOX,7,Own Brand,2.24,1.84,2010-07-05
1556,CIRCUS PARADE LUNCH BOX,7,Own Brand,2.24,1.84,2010-07-06
1557,HAND WARMER RED RETROSPOT,5,Own Brand,2.42,2.0,2010-10-15
1558,HAND WARMER UNION JACK,5,Own Brand,2.42,2.0,2010-10-11
1559,CHILDS BREAKFAST SET SPACEBOY,11,Own Brand,11.44,8.95,2010-05-23
1560,CHILDS BREAKFAST SET DOLLY GIRL,11,Own Brand,11.44,8.95,2010-05-27
1561,CHILDS BREAKFAST SET CIRCUS PARADE,5,Own Brand,9.77,8.08,2010-05-26
1562,PIGGY BANK RETROSPOT,5,Own Brand,2.93,2.42,2010-05-23
1563,SET OF 4 NAPKIN CHARMS CROWNS,7,Own Brand,2.93,2.4,2010-07-23
1564,SET OF 4 NAPKIN CHARMS HEARTS,7,Own Brand,2.93,2.4,2010-07-23
1565,SET OF 4 NAPKIN CHARMS 3 KEYS,7,Own Brand,2.93,2.4,2010-07-23
1566,SET OF 4 NAPKIN CHARMS INSTRUMENT,7,Own Brand,2.93,2.4,2010-09-20
1567,SET OF 4 NAPKIN CHARMS STARS,7,Own Brand,2.93,2.4,2010-07-23
1568,SET OF 4 NAPKIN CHARMS LEAVES,7,Own Brand,2.93,2.4,2010-07-23
1569,CERAMIC CHERRY CAKE MONEY BANK,7,Own Brand,1.67,1.37,2010-05-26
1570,CERAMIC HEART FAIRY CAKE MONEY BANK,7,Own Brand,1.67,1.37,2010-10-01
1571,CERAMIC STRAWBERRY CAKE MONEY BANK,7,Own Brand,1.67,1.37,2010-05-26
1572,CERAMIC LOVE HEART MONEY BANK,6,Own Brand,1.67,1.29,2011-04-13
1573,STRAWBERRY FAIRY CAKE TEAPOT,7,Own Brand,5.69,4.67,2010-05-18
1574,CERAMIC PIRATE CHEST MONEY BANK,5,Own Brand,1.67,1.38,2010-06-14
1575,GENTLEMAN SHIRT REPAIR KIT,9,Own Brand,0.98,0.77,2010-09-02
1576,TRAVEL SEWING KIT,9,Own Brand,1.9,1.5,2010-07-22
1577,BUTTON BOX,1,Own Brand,2.24,1.8,2010-07-22
1578,DELUXE SEWING KIT,9,Own Brand,6.84,5.4,2010-07-22
1579,VINTAGE RED KITCHEN CABINET,7,Own Brand,143.75,117.87,2011-01-12
1580,VINTAGE BLUE KITCHEN CABINET,7,Own Brand,158.12,129.66,2010-08-10
1581,LUNCH BOX I LOVE LONDON,7,Own Brand,2.24,1.84,2010-07-07
1582,DOORMAT I LOVE LONDON,6,Own Brand,9.14,7.08,2010-07-16
1583,CHARLOTTE BAG DOLLY GIRL DESIGN,1,Own Brand,0.98,0.79,2010-07-19
1584,LUNCH BAG DOLLY GIRL DESIGN,1,Own Brand,1.9,1.53,2010-07-19
1585,JUMBO BAG DOLLY GIRL DESIGN,1,Own Brand,2.24,1.8,2010-07-19
1586,TOY TIDY DOLLY GIRL DESIGN,6,Own Brand,2.42,1.88,2010-07-22
1587,RECIPE BOX BLUE SKETCHBOOK DESIGN,1,Own Brand,3.39,2.73,2010-07-21
1588,RECIPE BOX PANTRY YELLOW DESIGN,1,Own Brand,3.39,2.73,2010-07-21
1589,RECIPE BOX RETROSPOT,1,Own Brand,3.39,2.73,2010-07-19
1590,PINK BABY BUNTING,8,Own Brand,3.39,2.58,2010-07-28
1591,RED BABY BUNTING,8,Own Brand,3.39,2.58,2010-07-12
1592,FRENCH WC SIGN BLUE METAL,6,Own Brand,1.44,1.12,2010-09-29
1593,FRENCH LAUNDRY SIGN BLUE METAL,6,Own Brand,1.9,1.47,2010-10-01
1594,FRENCH BATHROOM SIGN BLUE METAL,6,Own Brand,1.9,1.47,2010-09-01
1595,FRENCH GARDEN SIGN BLUE METAL,6,Own Brand,1.44,1.12,2010-10-07
1596,FRENCH TOILET SIGN BLUE METAL,6,Own Brand,1.44,1.12,2010-09-01
1597,FRENCH KITCHEN SIGN BLUE METAL,7,Own Brand,1.44,1.18,2010-09-19
1598,"FRENCH BLUE METAL DOOR SIGN, 1",6,Own Brand,1.44,1.12,2010-09-24
1599,FRENCH BLUE METAL DOOR SIGN 2,6,Own Brand,1.44,1.12,2010-09-24
1600,"FRENCH BLUE METAL DOOR SIGN, 3",6,Own Brand,1.44,1.12,2010-09-07
1601,"FRENCH BLUE METAL DOOR SIGN, 4",6,Own Brand,1.44,1.12,2010-09-07
1602,"FRENCH BLUE METAL DOOR SIGN, 5",6,Own Brand,1.44,1.12,2010-09-07
1603,"FRENCH BLUE METAL DOOR SIGN, 6",6,Own Brand,1.44,1.12,2010-09-24
1604,"FRENCH BLUE METAL DOOR SIGN, 7",6,Own Brand,1.44,1.12,2010-09-24
1605,"FRENCH BLUE METAL DOOR SIGN, 8",6,Own Brand,1.44,1.12,2010-09-24
1606,"FRENCH BLUE METAL DOOR SIGN, 9",6,Own Brand,1.44,1.12,2010-09-24
1607,"FRENCH BLUE METAL DOOR SIGN, 0",6,Own Brand,1.44,1.12,2010-09-24
1608,"FRENCH BLUE METAL DOOR SIGN, No",6,Own Brand,1.44,1.12,2010-09-07
1609,DOORMAT CHRISTMAS VILLAGE,3,Own Brand,9.14,6.81,2010-10-12
1610,DOORMAT PEACE ON EARTH BLUE,6,Own Brand,8.61,6.67,2010-08-19
1611,DOORMAT MERRY CHRISTMAS RED,3,Own Brand,9.14,6.81,2010-08-19
1612,DOORMAT HOME SWEET HOME BLUE,6,Own Brand,9.14,7.08,2010-07-06
1613,DOORMAT WELCOME SUNRISE,6,Own Brand,9.14,7.08,2010-07-06
1614,DOORMAT WELCOME TO OUR HOME,6,Own Brand,9.14,7.08,2010-07-06
1615,GROW A FLYTRAP OR SUNFLOWER IN TIN,7,Own Brand,1.44,1.18,2010-11-16
1616,WICKER STAR,5,Own Brand,2.42,2.0,2010-09-06
1617,WICKER WREATH SMALL,5,Own Brand,1.67,1.38,2010-12-09
1618,WICKER WREATH LARGE,5,Own Brand,2.24,1.85,2010-12-15
1619,GREEN REGENCY TEACUP AND SAUCER,7,Own Brand,3.39,2.78,2010-08-27
1620,PINK REGENCY TEACUP AND SAUCER,7,Own Brand,3.39,2.78,2010-08-27
1621,ROSES REGENCY TEACUP AND SAUCER,7,Own Brand,3.39,2.78,2010-08-27
1622,BLACK AND WHITE DOG BOWL,7,Own Brand,3.39,2.78,2010-09-14
1623,PINK DOG BOWL,7,Own Brand,3.39,2.78,2010-10-28
1624,BLACK AND WHITE CAT BOWL,7,Own Brand,2.42,1.98,2010-09-14
1625,PINK CAT BOWL,7,Own Brand,2.42,1.98,2010-08-16
1626,WRAP RED APPLES,8,Own Brand,0.48,0.36,2010-06-06
1627,WRAP GREEN PEARS,8,Own Brand,0.48,0.36,2010-06-15
1628,WRAP COWBOYS,8,Own Brand,0.48,0.36,2010-07-07
1629,WRAP MONSTER FUN,8,Own Brand,0.48,0.36,2010-09-16
1630,WRAP DOLLY GIRL,8,Own Brand,0.48,0.36,2010-06-30
1631,WRAP WEDDING DAY,8,Own Brand,0.48,0.36,2010-07-07
1632,WRAP I LOVE LONDON,8,Own Brand,0.48,0.36,2010-06-30
1633,WRAP CIRCUS PARADE,8,Own Brand,0.48,0.36,2010-06-15
1634,CARD DOLLY GIRL,9,Own Brand,0.48,0.38,2010-06-03
1635,CARD I LOVE LONDON,9,Own Brand,0.48,0.38,2010-08-24
1636,CARD BIRTHDAY COWBOY,8,Own Brand,0.48,0.36,2010-06-18
1637,CARD WEDDING DAY,8,Own Brand,0.48,0.36,2010-08-26
1638,CARD CIRCUS PARADE,9,Own Brand,0.48,0.38,2010-06-15
1639,CARD DOG AND BALL,9,Own Brand,0.48,0.38,2010-06-17
1640,CARD CAT AND TREE,9,Own Brand,0.48,0.38,2010-08-20
1641,GUMBALL MONOCHROME COAT RACK,5,Own Brand,1.44,1.19,2010-06-06
1642,SET OF 3 CAKE TINS PANTRY DESIGN,7,Own Brand,5.69,4.67,2010-12-15
1643,SET OF 3 CAKE TINS SKETCHBOOK,7,Own Brand,5.69,4.67,2010-12-17
1644,SET OF 6 SPICE TINS PANTRY DESIGN,7,Own Brand,4.54,3.72,2010-12-17
1645,SET OF 6 HERB TINS SKETCHBOOK,7,Own Brand,4.54,3.72,2010-12-17
1646,ALARM CLOCK BAKELIKE CHOCOLATE,6,Own Brand,4.31,3.34,2010-09-24
1647,ALARM CLOCK BAKELIKE GREEN,6,Own Brand,4.31,3.34,2010-09-24
1648,ALARM CLOCK BAKELIKE RED,6,Own Brand,4.31,3.34,2010-09-24
1649,ALARM CLOCK BAKELIKE PINK,6,Own Brand,4.31,3.34,2010-09-24
1650,ALARM CLOCK BAKELIKE ORANGE,6,Own Brand,4.31,3.34,2010-09-24
1651,ALARM CLOCK BAKELIKE IVORY,6,Own Brand,4.31,3.34,2010-09-24
1652,3D CHRISTMAS STAMPS STICKERS,3,Own Brand,1.44,1.07,2010-09-21
1653,3D VINTAGE CHRISTMAS STICKERS,3,Own Brand,1.44,1.07,2010-09-21
1654,3D TRADITIONAL CHRISTMAS STICKERS,3,Own Brand,1.44,1.07,2010-09-27
1655,SET OF 6 RIBBONS VINTAGE CHRISTMAS,3,Own Brand,3.32,2.47,2010-09-21
1656,RIBBON REEL SOCKS AND MITTENS,8,Own Brand,1.9,1.44,2010-09-21
1657,RIBBON REEL MAKING SNOWMEN,8,Own Brand,1.9,1.44,2010-09-21
1658,RIBBON REEL CHRISTMAS PRESENT,3,Own Brand,1.9,1.42,2010-09-21
1659,RIBBON REEL SNOWY VILLAGE,8,Own Brand,1.9,1.44,2010-09-21
1660,RIBBON REEL CHRISTMAS SOCK BAUBLE,3,Own Brand,1.9,1.42,2010-09-21
1661,POLKADOT PEN,5,Own Brand,0.98,0.81,2010-10-01
1662,FUNKY DIVA PEN,5,Own Brand,0.98,0.81,2010-09-30
1663,MAKE YOUR OWN PLAYTIME CARD KIT,9,Own Brand,3.39,2.68,2010-08-26
1664,MAKE YOUR OWN FLOWERPOWER CARD KIT,9,Own Brand,3.39,2.68,2010-08-22
1665,MAKE YOUR OWN MONSOON CARD KIT,9,Own Brand,3.39,2.68,2010-08-26
1666,POPPY'S PLAYHOUSE BEDROOM,11,Own Brand,2.42,1.89,2010-09-24
1667,POPPY'S PLAYHOUSE LIVINGROOM,11,Own Brand,2.42,1.89,2010-09-24
1668,POPPY'S PLAYHOUSE BATHROOM,11,Own Brand,2.42,1.89,2010-09-24
1669,POPPY'S PLAYHOUSE KITCHEN,7,Own Brand,2.42,1.98,2010-09-24
1670,FELTCRAFT PRINCESS CHARLOTTE DOLL,9,Own Brand,4.31,3.4,2010-09-21
1671,FELTCRAFT PRINCESS LOLA DOLL,9,Own Brand,4.31,3.4,2010-09-24
1672,FELTCRAFT PRINCESS OLIVIA DOLL,9,Own Brand,4.31,3.4,2010-09-24
1673,SET 7 BABUSHKA NESTING BOXES,7,Own Brand,9.77,8.01,2010-08-10
1674,SMALL YELLOW BABUSHKA NOTEBOOK,9,Own Brand,0.98,0.77,2010-08-18
1675,SMALL RED BABUSHKA NOTEBOOK,9,Own Brand,0.98,0.77,2010-08-10
1676,SMALL PURPLE BABUSHKA NOTEBOOK,9,Own Brand,0.98,0.77,2010-08-26
1677,LARGE YELLOW BABUSHKA NOTEBOOK,9,Own Brand,1.44,1.14,2010-09-09
1678,LARGE RED BABUSHKA NOTEBOOK,9,Own Brand,1.44,1.14,2010-08-10
1679,LARGE PURPLE BABUSHKA NOTEBOOK,9,Own Brand,1.44,1.14,2010-09-09
1680,SET OF 3 NOTEBOOKS IN PARCEL,9,Own Brand,1.9,1.5,2010-08-10
1681,"TRAY, BREAKFAST IN BED",7,Own Brand,14.66,12.02,2010-10-21
1682,CHEST 7 DRAWER MA CAMPAGNE,6,Own Brand,28.69,22.23,2010-10-21
1683,CUPBOARD 3 DRAWER MA CAMPAGNE,7,Own Brand,17.19,14.1,2010-10-21
1684,KEY CABINET MA CAMPAGNE,6,Own Brand,11.44,8.87,2010-10-21
1685,"RUSTIC WOODEN CABINET, GLASS DOORS",6,Own Brand,25.24,19.56,2010-10-19
1686,NEWSPAPER STAND,6,Own Brand,17.19,13.32,2010-10-21
1687,PHOTO FRAME CORNICE,6,Own Brand,3.39,2.63,2010-10-19
1688,TRIPLE PHOTO FRAME CORNICE,6,Own Brand,11.44,8.87,2010-10-21
1689,FAMILY PHOTO FRAME CORNICE,6,Own Brand,11.44,8.87,2010-10-21
1690,CHALKBOARD KITCHEN ORGANISER,7,Own Brand,25.24,20.7,2010-10-21
1691,MIRROR CORNICE,6,Own Brand,17.19,13.32,2010-11-23
1692,CLEAR DRAWER KNOB ACRYLIC EDWARDIAN,6,Own Brand,1.44,1.12,2010-11-08
1693,PINK DRAWER KNOB ACRYLIC EDWARDIAN,6,Own Brand,1.44,1.12,2010-11-22
1694,GREEN DRAWER KNOB ACRYLIC EDWARDIAN,6,Own Brand,1.44,1.12,2010-11-22
1695,RED DRAWER KNOB ACRYLIC EDWARDIAN,6,Own Brand,1.44,1.12,2010-11-22
1696,PURPLE DRAWERKNOB ACRYLIC EDWARDIAN,6,Own Brand,1.44,1.12,2010-11-22
1697,SWEETHEART CAKESTAND 3 TIER,7,Own Brand,11.44,9.38,2010-10-21
1698,GLASS CLOCHE LARGE,5,Own Brand,9.28,7.68,2010-12-23
1699,GLASS CLOCHE SMALL,5,Own Brand,4.54,3.76,2010-11-23
1700,WOODEN OWLS LIGHT GARLAND,8,Own Brand,4.89,3.72,2010-11-02
1701,LIGHT GARLAND BUTTERFILES PINK,8,Own Brand,4.89,3.72,2010-11-08
1702,GUMBALL MAGAZINE RACK,5,Own Brand,8.8,7.28,2010-11-02
1703,SET 3 WICKER STORAGE BASKETS,1,Own Brand,28.69,23.09,2011-01-17
1704,SET 3 WICKER OVAL BASKETS W LIDS,1,Own Brand,14.32,11.53,2010-11-03
1705,LANTERN CREAM GAZEBO,6,Own Brand,5.69,4.41,2010-12-14
1706,SQUARECUSHION COVER PINK UNION FLAG,6,Own Brand,7.76,6.01,2010-10-26
1707,CUSHION COVER PINK UNION JACK,6,Own Brand,6.84,5.3,2010-10-26
1708,BROCANTE COAT RACK,5,Own Brand,11.44,9.47,2010-10-19
1709,T-LIGHT GLASS FLUTED ANTIQUE,6,Own Brand,1.44,1.12,2010-12-03
1710,FLUTED ANTIQUE CANDLE HOLDER,6,Own Brand,0.98,0.76,2011-11-04
1711,SWEETHEART WIRE MAGAZINE RACK,6,Own Brand,9.14,7.08,2010-11-28
1712,SWEETHEART RECIPE BOOK STAND,6,Own Brand,7.76,6.01,2010-11-08
1713,PHOTO FRAME 3 CLASSIC HANGING,6,Own Brand,11.44,8.87,2010-10-21
1714,CHEST OF DRAWERS GINGHAM HEART,6,Own Brand,19.49,15.1,2010-10-21
1715,ANTIQUE GLASS DRESSING TABLE POT,5,Own Brand,3.39,2.81,2010-11-07
1716,SWEETHEART WIRE FRUIT BOWL,7,Own Brand,9.77,8.01,2010-11-02
1717,ANTIQUE TALL SWIRLGLASS TRINKET POT,5,Own Brand,4.31,3.57,2010-10-25
1718,ANTIQUE GLASS PEDESTAL BOWL,7,Own Brand,4.31,3.53,2010-11-07
1719,FAUX FUR CHOCOLATE THROW,10,Own Brand,22.94,18.64,2011-10-05
1720,IVORY EMBROIDERED QUILT,5,Own Brand,45.94,38.01,2011-04-08
1721,CANDLEHOLDER PINK HANGING HEART,6,Own Brand,3.39,2.63,2010-10-26
1722,BLUE DRAWER KNOB ACRYLIC EDWARDIAN,6,Own Brand,1.44,1.12,2010-11-22
1723,SET OF 6 T-LIGHTS WEDDING CAKE,8,Own Brand,3.39,2.58,2010-09-27
1724,SET OF 6 T-LIGHTS TOADSTOOLS,6,Own Brand,3.39,2.63,2010-10-03
1725,SET OF 6 T-LIGHTS EASTER CHICKS,3,Own Brand,3.39,2.53,2010-10-15
1726,SET OF 6 T-LIGHTS SANTA,3,Own Brand,3.39,2.53,2010-09-27
1727,SET OF 6 T-LIGHTS SNOWMEN,6,Own Brand,3.39,2.63,2010-11-02
1728,SET OF 6 T-LIGHTS CACTI,6,Own Brand,3.39,2.63,2010-11-29
1729,PACK 3 BOXES CHRISTMAS PANNETONE,3,Own Brand,2.24,1.67,2010-09-27
1730,PACK 3 BOXES BIRD PANNETONE,1,Own Brand,2.24,1.8,2010-09-20
1731,CARD PARTY GAMES,8,Own Brand,0.48,0.36,2010-09-30
1732,CARD PSYCHEDELIC APPLES,9,Own Brand,0.48,0.38,2010-09-30
1733,CARD MOTORBIKE SANTA,3,Own Brand,0.48,0.36,2010-09-27
1734,CARD SUKI BIRTHDAY,8,Own Brand,0.48,0.36,2010-09-23
1735,CARD CHRISTMAS VILLAGE,3,Own Brand,0.48,0.36,2010-10-13
1736,"BIRTHDAY CARD, RETRO SPOT",8,Own Brand,0.48,0.36,2010-10-13
1737,GIFT BAG BIRTHDAY,8,Own Brand,0.75,0.57,2010-09-20
1738,GIFT BAG PSYCHEDELIC APPLES,1,Own Brand,0.75,0.6,2010-09-30
1739,CREAM WALL PLANTER HEART SHAPED,6,Own Brand,6.26,4.85,2010-11-17
1740,CHEST NATURAL WOOD 20 DRAWERS,6,Own Brand,135.12,104.72,2011-08-18
1741,3 TIER SWEETHEART GARDEN SHELF,6,Own Brand,41.34,32.04,2011-02-25
1742,LOVE SEAT ANTIQUE WHITE METAL,5,Own Brand,97.75,80.89,2011-09-13
1743,RUSTIC SEVENTEEN DRAWER SIDEBOARD,6,Own Brand,166.75,129.23,2011-02-07
1744,REGENCY MIRROR WITH SHUTTERS,6,Own Brand,166.75,129.23,2010-10-21
1745,SWEETHEART WIRE WALL TIDY,6,Own Brand,11.44,8.87,2011-01-27
1746,WHITE BROCANTE SOAP DISH,2,Own Brand,3.39,2.7,2011-01-27
1747,BROCANTE SHELF WITH HOOKS,6,Own Brand,12.36,9.58,2010-11-26
1748,HAND WARMER BABUSHKA DESIGN,6,Own Brand,2.42,1.88,2010-09-24
1749,HOT WATER BOTTLE I AM SO POORLY,7,Own Brand,5.35,4.39,2010-09-15
1750,HOT WATER BOTTLE BABUSHKA,7,Own Brand,5.35,4.39,2010-10-13
1751,3 TIER CAKE TIN RED AND CREAM,7,Own Brand,17.19,14.1,2010-10-27
1752,3 TIER CAKE TIN GREEN AND CREAM,7,Own Brand,17.19,14.1,2010-10-21
1753,ROUND CAKE TIN VINTAGE RED,7,Own Brand,9.14,7.49,2010-10-27
1754,ROUND CAKE TIN VINTAGE GREEN,7,Own Brand,9.14,7.49,2010-10-21
1755,BISCUIT TIN VINTAGE RED,7,Own Brand,7.76,6.36,2010-10-20
1756,BISCUIT TIN VINTAGE GREEN,7,Own Brand,7.76,6.36,2010-10-20
1757,VINTAGE CREAM DOG FOOD CONTAINER,5,Own Brand,9.77,8.08,2010-10-21
1758,VINTAGE CREAM CAT FOOD CONTAINER,5,Own Brand,7.3,6.04,2010-11-02
1759,BREAD BIN DINER STYLE RED,5,Own Brand,19.49,16.13,2010-11-03
1760,BREAD BIN DINER STYLE IVORY,5,Own Brand,19.49,16.13,2010-10-19
1761,BREAD BIN DINER STYLE PINK,5,Own Brand,19.49,16.13,2010-10-28
1762,BREAD BIN DINER STYLE MINT,5,Own Brand,17.19,14.22,2010-10-19
1763,SET 20 NAPKINS FAIRY CAKES DESIGN,7,Own Brand,0.98,0.8,2010-10-11
1764,DOG BOWL VINTAGE CREAM,7,Own Brand,4.89,4.01,2010-10-28
1765,CAT BOWL VINTAGE CREAM,7,Own Brand,3.74,3.07,2010-10-28
1766,CREAM SWEETHEART EGG HOLDER,7,Own Brand,5.69,4.67,2011-01-27
1767,FINE WICKER HEART,6,Own Brand,1.44,1.12,2010-09-24
1768,ASSORTED EASTER DECORATIONS BELLS,3,Own Brand,1.44,1.07,2010-11-24
1769,ASSORTED EASTER GIFT TAGS,3,Own Brand,0.98,0.73,2010-10-05
1770,EASTER TIN KEEPSAKE,3,Own Brand,1.9,1.42,2010-11-22
1771,EASTER TIN BUNNY BOUQUET,3,Own Brand,1.9,1.42,2010-10-05
1772,EASTER TIN CHICKS PINK DAISY,3,Own Brand,1.9,1.42,2010-10-05
1773,EASTER TIN CHICKS IN GARDEN,3,Own Brand,1.9,1.42,2010-12-12
1774,LOVE HEART NAPKIN BOX,7,Own Brand,4.89,4.01,2010-10-07
1775,SOAP DISH BROCANTE,2,Own Brand,3.39,2.7,2010-10-01
1776,HAND WARMER OWL DESIGN,6,Own Brand,2.42,1.88,2010-09-14
1777,HAND WARMER SCOTTY DOG DESIGN,6,Own Brand,2.42,1.88,2010-09-24
1778,HAND WARMER BIRD DESIGN,6,Own Brand,2.42,1.88,2010-09-20
1779,NUMBER TILE COTTAGE GARDEN 0,4,Own Brand,2.24,1.87,2010-11-03
1780,NUMBER TILE COTTAGE GARDEN 1,4,Own Brand,2.24,1.87,2010-11-03
1781,NUMBER TILE COTTAGE GARDEN 2,4,Own Brand,2.24,1.87,2010-11-03
1782,NUMBER TILE COTTAGE GARDEN 3,4,Own Brand,2.24,1.87,2010-11-03
1783,NUMBER TILE COTTAGE GARDEN 4,4,Own Brand,2.24,1.87,2010-11-03
1784,NUMBER TILE COTTAGE GARDEN 5,4,Own Brand,2.24,1.87,2010-11-03
1785,NUMBER TILE COTTAGE GARDEN 6,4,Own Brand,2.24,1.87,2010-11-03
1786,NUMBER TILE COTTAGE GARDEN 7,4,Own Brand,2.24,1.87,2010-11-03
1787,NUMBER TILE COTTAGE GARDEN 8,4,Own Brand,2.24,1.87,2010-11-03
1788,NUMBER TILE COTTAGE GARDEN 9,4,Own Brand,2.24,1.87,2010-11-03
1789,NUMBER TILE COTTAGE GARDEN No,4,Own Brand,2.42,2.02,2010-11-03
1790,NOVELTY BISCUITS CAKE STAND 3 TIER,8,Own Brand,11.44,8.69,2010-10-20
1791,TEA FOR ONE POLKADOT,5,Own Brand,4.89,4.05,2010-10-24
1792,SET OF SALT AND PEPPER TOADSTOOLS,5,Own Brand,1.44,1.19,2010-10-18
1793,MINI CAKE STAND T-LIGHT HOLDER,8,Own Brand,0.48,0.36,2010-11-12
1794,TABLECLOTH RED APPLES DESIGN,6,Own Brand,10.6,8.21,2010-09-24
1795,SET OF 2 TEA TOWELS APPLE AND PEARS,7,Own Brand,3.39,2.78,2010-09-24
1796,PEG BAG APPLES DESIGN,1,Own Brand,2.93,2.36,2010-10-12
1797,OVEN MITT APPLES DESIGN,6,Own Brand,1.67,1.29,2010-09-27
1798,CHILDRENS APRON APPLES DESIGN,7,Own Brand,2.24,1.84,2010-09-30
1799,CHILDREN'S APRON DOLLY GIRL,7,Own Brand,2.42,1.98,2010-10-01
1800,SET 2 TEA TOWELS I LOVE LONDON,7,Own Brand,3.39,2.78,2010-10-01
1801,TOTE BAG I LOVE LONDON,1,Own Brand,2.42,1.95,2010-10-03
1802,CALENDAR FAMILY FAVOURITES,5,Own Brand,3.39,2.81,2010-10-14
1803,CALENDAR PAPER CUT DESIGN,6,Own Brand,3.39,2.63,2010-09-30
1804,CALENDAR IN SEASON DESIGN,6,Own Brand,3.39,2.63,2010-09-24
1805,12 MESSAGE CARDS WITH ENVELOPES,9,Own Brand,1.9,1.5,2010-09-30
1806,PACK OF 20 NAPKINS PANTRY DESIGN,7,Own Brand,0.98,0.8,2010-09-24
1807,PACK OF 20 NAPKINS RED APPLES,7,Own Brand,0.98,0.8,2010-09-22
1808,SET OF 20 VINTAGE CHRISTMAS NAPKINS,3,Own Brand,0.98,0.73,2010-09-21
1809,PAPER CHAIN KIT VINTAGE CHRISTMAS,3,Own Brand,3.39,2.53,2010-09-20
1810,PAPER CHAIN KIT LONDON,9,Own Brand,3.39,2.68,2010-10-01
1811,YELLOW COAT RACK PARIS FASHION,5,Own Brand,5.69,4.71,2010-12-09
1812,RED COAT RACK PARIS FASHION,5,Own Brand,5.69,4.71,2010-11-29
1813,BLUE COAT RACK PARIS FASHION,5,Own Brand,5.69,4.71,2010-11-21
1814,ASSORTED BOTTLE TOP MAGNETS,7,Own Brand,0.48,0.39,2010-12-08
1815,HERB MARKER THYME,4,Own Brand,0.75,0.63,2011-02-07
1816,HERB MARKER ROSEMARY,4,Own Brand,0.75,0.63,2011-02-07
1817,HERB MARKER PARSLEY,4,Own Brand,0.75,0.63,2011-02-07
1818,HERB MARKER MINT,4,Own Brand,0.75,0.63,2011-02-07
1819,HERB MARKER BASIL,4,Own Brand,0.75,0.63,2011-02-07
1820,HERB MARKER CHIVES,4,Own Brand,0.75,0.63,2011-03-01
1821,FRIDGE MAGNETS US DINER ASSORTED,5,Own Brand,0.98,0.81,2010-11-30
1822,FRIDGE MAGNETS LES ENFANTS ASSORTED,5,Own Brand,0.98,0.81,2010-11-30
1823,FRIDGE MAGNETS LA VIE EN ROSE,5,Own Brand,0.98,0.81,2010-11-30
1824,BLUE GIANT GARDEN THERMOMETER,4,Own Brand,6.84,5.71,2010-11-23
1825,IVORY GIANT GARDEN THERMOMETER,4,Own Brand,6.84,5.71,2010-11-23
1826,GREEN GIANT GARDEN THERMOMETER,4,Own Brand,6.84,5.71,2010-11-23
1827,YELLOW GIANT GARDEN THERMOMETER,4,Own Brand,6.84,5.71,2011-05-17
1828,SCHOOL DESK AND CHAIR,5,Own Brand,74.75,61.85,2010-11-26
1829,BAKING MOULD HEART MILK CHOCOLATE,7,Own Brand,2.93,2.4,2011-01-12
1830,BAKING MOULD HEART WHITE CHOCOLATE,7,Own Brand,2.93,2.4,2011-01-17
1831,BAKING MOULD TOFFEE CUP CHOCOLATE,7,Own Brand,2.93,2.4,2011-05-12
1832,BAKING MOULD EASTER EGG MILK CHOC,3,Own Brand,3.39,2.53,2010-12-21
1833,BAKING MOULD EASTER EGG WHITE CHOC,3,Own Brand,3.39,2.53,2010-12-10
1834,BAKING MOULD ROSE MILK CHOCOLATE,7,Own Brand,3.45,2.83,2011-02-21
1835,BAKING MOULD ROSE WHITE CHOCOLATE,7,Own Brand,3.74,3.07,2011-02-17
1836,BAKING MOULD CHOCOLATE CUPCAKES,7,Own Brand,2.93,2.4,2010-12-10
1837,CUPCAKE LACE PAPER SET 6,7,Own Brand,2.24,1.84,2010-10-01
1838,APRON APPLE DELIGHT,7,Own Brand,5.69,4.67,2010-10-01
1839,FELTCRAFT CHRISTMAS FAIRY,3,Own Brand,4.89,3.64,2010-09-21
1840,CHRISTMAS LIGHTS 10 REINDEER,3,Own Brand,9.77,7.28,2010-10-26
1841,CHRISTMAS LIGHTS 10 SANTAS,3,Own Brand,9.77,7.28,2010-10-26
1842,CHRISTMAS LIGHTS 10 VINTAGE BAUBLES,3,Own Brand,5.69,4.24,2010-10-22
1843,CHRISTMAS METAL POSTCARD WITH BELLS,3,Own Brand,0.84,0.63,2010-09-24
1844,CHRISTMAS METAL TAGS ASSORTED,3,Own Brand,0.98,0.73,2010-09-21
1845,WOODEN ADVENT CALENDAR CREAM,3,Own Brand,19.49,14.52,2010-09-21
1846,WOODEN ADVENT CALENDAR RED,3,Own Brand,9.14,6.81,2010-10-01
1847,METAL DECORATION NAUGHTY CHILDREN,6,Own Brand,0.98,0.76,2010-10-22
1848,36 DOILIES DOLLY GIRL,11,Own Brand,1.67,1.31,2010-09-24
1849,36 DOILIES VINTAGE CHRISTMAS,3,Own Brand,1.67,1.24,2010-09-21
1850,60 CAKE CASES DOLLY GIRL DESIGN,7,Own Brand,0.63,0.52,2010-09-21
1851,60 CAKE CASES VINTAGE CHRISTMAS,3,Own Brand,0.63,0.47,2010-09-21
1852,BIRTHDAY PARTY CORDON BARRIER TAPE,8,Own Brand,1.44,1.09,2010-11-22
1853,HEN PARTY CORDON BARRIER TAPE,8,Own Brand,1.44,1.09,2011-06-21
1854,36 FOIL STAR CAKE CASES,7,Own Brand,2.42,1.98,2010-11-08
1855,36 FOIL HEART CAKE CASES,7,Own Brand,2.42,1.98,2010-11-08
1856,SET 3 PAPER VINTAGE CHICK PAPER EGG,7,Own Brand,3.39,2.78,2011-01-17
1857,WRAP CHRISTMAS VILLAGE,3,Own Brand,0.48,0.36,2010-10-01
1858,JAM MAKING SET WITH JARS,7,Own Brand,4.89,4.01,2010-11-29
1859,JAM MAKING SET PRINTED,7,Own Brand,1.67,1.37,2010-11-29
1860,JAM JAR WITH PINK LID,7,Own Brand,0.98,0.8,2010-11-29
1861,JAM JAR WITH GREEN LID,7,Own Brand,0.98,0.8,2010-11-29
1862,3 PIECE SPACEBOY COOKIE CUTTER SET,7,Own Brand,2.42,1.98,2010-11-22
1863,3 TRADITIONAl BISCUIT CUTTERS SET,5,Own Brand,2.42,2.0,2010-11-22
1864,GINGERBREAD MAN COOKIE CUTTER,7,Own Brand,1.44,1.18,2010-11-21
1865,SET 3 SONG BIRD PAPER EGGS ASSORTED,7,Own Brand,3.39,2.78,2011-01-17
1866,ROSE COTTAGE KEEPSAKE BOX,1,Own Brand,11.44,9.21,2010-11-03
1867,HOMEMADE JAM SCENTED CANDLES,7,Own Brand,1.67,1.37,2010-11-26
1868,LONDON BUS COFFEE MUG,7,Own Brand,2.93,2.4,2010-12-20
1869,QUEENS GUARD COFFEE MUG,7,Own Brand,2.93,2.4,2011-01-14
1870,CHILDREN'S SPACEBOY MUG,7,Own Brand,1.9,1.56,2010-12-05
1871,CHILDREN'S CIRCUS PARADE MUG,7,Own Brand,1.9,1.56,2010-11-29
1872,CHILDRENS DOLLY GIRL MUG,7,Own Brand,1.9,1.56,2010-12-09
1873,SPACEBOY CHILDRENS EGG CUP,7,Own Brand,1.44,1.18,2010-12-05
1874,CIRCUS PARADE CHILDRENS EGG CUP,7,Own Brand,1.44,1.18,2010-12-05
1875,DOLLY GIRL CHILDRENS EGG CUP,7,Own Brand,1.44,1.18,2010-12-09
1876,PANTRY ROLLING PIN,5,Own Brand,4.31,3.57,2011-03-01
1877,PANTRY WASHING UP BRUSH,5,Own Brand,1.67,1.38,2011-03-20
1878,PANTRY SCRUBBING BRUSH,5,Own Brand,1.9,1.57,2011-03-03
1879,PANTRY APPLE CORER,5,Own Brand,1.67,1.38,2011-03-20
1880,PANTRY PASTRY BRUSH,5,Own Brand,1.44,1.19,2011-03-20
1881,CARD BILLBOARD FONT,9,Own Brand,0.48,0.38,2010-10-13
1882,CARD GINGHAM ROSE,9,Own Brand,0.48,0.38,2010-10-18
1883,"WRAP, BILLBOARD FONTS DESIGN",6,Own Brand,0.48,0.37,2011-01-07
1884,GINGHAM ROSE WRAP,5,Own Brand,0.48,0.4,2010-09-30
1885,SOLDIERS EGG CUP,7,Own Brand,1.44,1.18,2011-01-10
1886,SET 2 PANTRY DESIGN TEA TOWELS,7,Own Brand,3.74,3.07,2011-02-04
1887,COTTON APRON PANTRY DESIGN,7,Own Brand,5.69,4.67,2011-02-15
1888,GIRAFFE WOODEN RULER,5,Own Brand,2.24,1.85,2011-02-21
1889,REVOLVER WOODEN RULER,5,Own Brand,2.24,1.85,2011-02-21
1890,SET OF 4 PANTRY JELLY MOULDS,5,Own Brand,1.44,1.19,2011-02-21
1891,TRAVEL CARD WALLET RETROSPOT,1,Own Brand,0.48,0.39,2011-03-08
1892,TRAVEL CARD WALLET SUKI,1,Own Brand,0.48,0.39,2011-03-08
1893,TRAVEL CARD WALLET VINTAGE TICKET,1,Own Brand,0.48,0.39,2011-03-07
1894,TRAVEL CARD WALLET UNION JACK,1,Own Brand,0.48,0.39,2011-03-07
1895,TRAVEL CARD WALLET KEEP CALM,1,Own Brand,0.48,0.39,2011-06-02
1896,TRAVEL CARD WALLET VINTAGE LEAF,1,Own Brand,0.48,0.39,2011-03-07
1897,TRAVEL CARD WALLET TRANSPORT,1,Own Brand,0.48,0.39,2011-03-07
1898,TRAVEL CARD WALLET SKULLS,1,Own Brand,0.48,0.39,2011-09-09
1899,TRAVEL CARD WALLET VINTAGE ROSE,1,Own Brand,0.48,0.39,2011-04-26
1900,TRAVEL CARD WALLET PANTRY,1,Own Brand,0.48,0.39,2011-03-07
1901,TRAVEL CARD WALLET I LOVE LONDON,1,Own Brand,0.48,0.39,2011-08-16
1902,TRAVEL CARD WALLET FLOWER MEADOW,1,Own Brand,0.48,0.39,2011-03-08
1903,SPACEBOY BABY GIFT SET,11,Own Brand,19.49,15.25,2011-03-10
1904,DOLLY GIRL BABY GIFT SET,11,Own Brand,19.49,15.25,2011-03-10
1905,I LOVE LONDON BABY GIFT SET,5,Own Brand,17.19,14.22,2011-03-11
1906,CIRCUS PARADE BABY GIFT SET,5,Own Brand,19.49,16.13,2011-03-11
1907,GLASS APOTHECARY BOTTLE PERFUME,7,Own Brand,4.54,3.72,2011-06-28
1908,GLASS APOTHECARY BOTTLE TONIC,7,Own Brand,4.54,3.72,2011-06-28
1909,GLASS APOTHECARY BOTTLE ELIXIR,7,Own Brand,4.54,3.72,2011-06-21
1910,CORDIAL GLASS JUG,7,Own Brand,9.49,7.78,2011-08-23
1911,APOTHECARY MEASURING JAR,1,Own Brand,13.6,10.95,2011-06-28
1912,LARGE APOTHECARY MEASURING JAR,1,Own Brand,14.37,11.57,2011-06-28
1913,SMALL APOTHECARY MEASURING JAR,1,Own Brand,9.03,7.27,2011-06-21
1914,GLASS SONGBIRD STORAGE JAR,1,Own Brand,14.37,11.57,2011-06-28
1915,GLASS BONNE JAM JAR,7,Own Brand,4.77,3.91,2011-09-29
1916,LARGE BONNE JAM JAR T-LIGHT HOLDER,7,Own Brand,3.32,2.72,2011-07-14
1917,DRAWER KNOB VINTAGE GLASS BALL,6,Own Brand,2.39,1.85,2011-07-20
1918,DRAWER KNOB VINTAGE GLASS STAR,6,Own Brand,2.39,1.85,2011-07-20
1919,DRAWER KNOB VINTAGE GLASS HEXAGON,6,Own Brand,2.39,1.85,2011-07-20
1920,DRAWER KNOB CRACKLE GLAZE BLUE,6,Own Brand,1.9,1.47,2011-06-26
1921,DRAWER KNOB CRACKLE GLAZE GREEN,6,Own Brand,1.9,1.47,2011-06-21
1922,DRAWER KNOB CRACKLE GLAZE PINK,6,Own Brand,1.9,1.47,2011-06-21
1923,DRAWER KNOB CRACKLE GLAZE IVORY,6,Own Brand,1.9,1.47,2011-06-23
1924,DRAWER KNOB CERAMIC RED,6,Own Brand,1.67,1.29,2011-07-20
1925,DRAWER KNOB CERAMIC BLACK,6,Own Brand,1.67,1.29,2011-06-23
1926,DRAWER KNOB CERAMIC IVORY,6,Own Brand,1.67,1.29,2011-07-20
1927,CANDLE HOLDER SILVER MADELINE,6,Own Brand,1.9,1.47,2011-10-31
1928,T-LIGHT HOLDER SILVER HEART HANDLE,6,Own Brand,2.24,1.74,2011-11-13
1929,PAPER LANTERN 9 POINT SNOW STAR,6,Own Brand,6.61,5.12,2011-05-12
1930,PAPER LANTERN 5 POINT STAR MOON,6,Own Brand,4.77,3.7,2011-08-22
1931,PAPER LANTERN 9 POINT DELUXE STAR,6,Own Brand,7.65,5.93,2011-08-22
1932,SET OF 10 LANTERNS FAIRY LIGHT STAR,6,Own Brand,4.77,3.7,2011-06-06
1933,RECYCLED ACAPULCO MAT RED,5,Own Brand,9.49,7.85,2011-03-14
1934,RECYCLED ACAPULCO MAT GREEN,5,Own Brand,9.49,7.85,2011-03-14
1935,RECYCLED ACAPULCO MAT BLUE,5,Own Brand,9.49,7.85,2011-03-20
1936,RECYCLED ACAPULCO MAT TURQUOISE,5,Own Brand,9.49,7.85,2011-03-11
1937,RECYCLED ACAPULCO MAT PINK,5,Own Brand,9.49,7.85,2011-03-11
1938,RECYCLED ACAPULCO MAT LAVENDER,5,Own Brand,9.49,7.85,2011-03-16
1939,IVORY CHANDELIER T-LIGHT HOLDER,6,Own Brand,6.7,5.19,2011-05-10
1940,FLOWERS CHANDELIER T-LIGHT HOLDER,6,Own Brand,6.2,4.8,2011-05-10
1941,BEADED CHANDELIER T-LIGHT HOLDER,6,Own Brand,5.23,4.05,2011-05-10
1942,CHRISTMAS HANGING SNOWFLAKE,3,Own Brand,0.91,0.68,2011-10-20
1943,VINTAGE EMBOSSED HEART,6,Own Brand,1.44,1.12,2011-05-20
1944,CINDERELLA CHANDELIER,6,Own Brand,48.01,37.21,2011-09-13
1945,LARGE DECO JEWELLERY STAND,6,Own Brand,14.37,11.14,2011-05-08
1946,SMALL DECO JEWELLERY STAND,6,Own Brand,9.49,7.35,2011-05-08
1947,HANGING ENGRAVED METAL HEART,6,Own Brand,4.77,3.7,2011-08-23
1948,ALUMINIUM STAMPED HEART,6,Own Brand,2.86,2.22,2011-05-20
1949,EDWARDIAN PHOTO FRAME,6,Own Brand,7.19,5.57,2011-10-14
1950,MARIE ANTOINETTE TRINKET BOX GOLD,1,Own Brand,10.15,8.17,2011-05-11
1951,MARIE ANTOINETTE TRINKET BOX SILVER,1,Own Brand,7.48,6.02,2011-05-11
1952,GEORGIAN TRINKET BOX,1,Own Brand,14.37,11.57,2011-07-21
1953,EMBOSSED HEART TRINKET BOX,1,Own Brand,2.39,1.92,2011-09-15
1954,PARLOUR CERAMIC WALL HOOK,6,Own Brand,4.77,3.7,2011-05-05
1955,ICE CREAM SUNDAE LIP GLOSS,5,Own Brand,1.44,1.19,2011-04-04
1956,DOUGHNUT LIP GLOSS,5,Own Brand,1.44,1.19,2011-04-04
1957,ICE CREAM PEN LIP GLOSS,9,Own Brand,1.44,1.14,2011-03-25
1958,TOADSTOOL BEDSIDE LIGHT,6,Own Brand,10.29,7.97,2011-05-11
1959,RED METAL BOX TOP SECRET,1,Own Brand,9.49,7.64,2011-05-12
1960,GREEN METAL BOX ARMY SUPPLIES,1,Own Brand,9.49,7.64,2011-05-12
1961,SET 6 PAPER TABLE LANTERN HEARTS,6,Own Brand,4.31,3.34,2011-05-12
1962,SET 6 PAPER TABLE LANTERN STARS,6,Own Brand,4.31,3.34,2011-05-26
1963,RABBIT NIGHT LIGHT,6,Own Brand,2.06,1.6,2011-05-11
1964,ANTIQUE SILVER BAUBLE LAMP,6,Own Brand,11.96,9.27,2011-08-23
1965,ZINC STAR T-LIGHT HOLDER,6,Own Brand,1.44,1.12,2011-05-19
1966,ZINC HEART T-LIGHT HOLDER,6,Own Brand,1.32,1.02,2011-09-11
1967,ZINC HEART FLOWER T-LIGHT HOLDER,6,Own Brand,1.44,1.12,2011-11-03
1968,GLASS BON BON JAR,1,Own Brand,1.9,1.53,2011-05-31
1969,VINTAGE GLASS T-LIGHT HOLDER,6,Own Brand,0.95,0.74,2011-10-31
1970,ZINC HERB GARDEN CONTAINER,4,Own Brand,7.19,6.0,2011-05-11
1971,LARGE ANTIQUE WHITE PHOTO FRAME,6,Own Brand,9.08,7.04,2011-05-19
1972,SMALL PARISIENNE HEART PHOTO FRAME,6,Own Brand,2.86,2.22,2011-05-19
1973,LE GRAND TRAY CHIC SET,7,Own Brand,14.37,11.78,2011-05-19
1974,PETIT TRAY CHIC,7,Own Brand,1.9,1.56,2011-11-03
1975,SILVER BELLS TABLE DECORATION,6,Own Brand,1.44,1.12,2011-05-26
1976,SILVER STARS TABLE DECORATION,6,Own Brand,0.95,0.74,2011-05-26
1977,SILVER HEARTS TABLE DECORATION,6,Own Brand,0.95,0.74,2011-05-26
1978,JINGLE BELL HEART DECORATION,6,Own Brand,1.9,1.47,2011-05-31
1979,IVORY CAFE HANGING LAMP,6,Own Brand,14.37,11.14,2011-06-09
1980,WHITE HEARTS WIRE PLANT POT HOLDER,6,Own Brand,3.32,2.57,2011-06-05
1981,SET OF 10 LED DOLLY LIGHTS,6,Own Brand,7.19,5.57,2011-05-12
1982,LED TEA LIGHTS,6,Own Brand,3.32,2.57,2011-05-11
1983,PARISIENNE KEY CABINET,6,Own Brand,6.61,5.12,2011-05-18
1984,PARISIENNE SEWING BOX,1,Own Brand,14.37,11.57,2011-05-11
1985,PARISIENNE CURIO CABINET,6,Own Brand,8.62,6.68,2011-05-13
1986,PANTRY CHOPPING BOARD,7,Own Brand,5.69,4.67,2011-09-22
1987,VINTAGE LEAF CHOPPING BOARD,7,Own Brand,5.69,4.67,2011-10-03
1988,RED APPLES CHOPPING BOARD,7,Own Brand,5.69,4.67,2011-10-03
1989,VEGETABLE GARDEN CHOPPING BOARD,7,Own Brand,5.69,4.67,2011-11-13
1990,POPPY FIELDS CHOPPING BOARD,7,Own Brand,5.69,4.67,2011-10-03
1991,PARISIENNE JEWELLERY DRAWER,6,Own Brand,8.62,6.68,2011-05-11
1992,PACK OF 6 LARGE FRUIT STRAWS,5,Own Brand,0.71,0.59,2011-06-20
1993,PACK OF 6 SMALL FRUIT STRAWS,5,Own Brand,0.48,0.4,2011-07-04
1994,PACK OF 6 COCKTAIL PARASOL STRAWS,4,Own Brand,0.48,0.4,2011-06-28
1995,PARTY CHARMS 50 PIECES,8,Own Brand,0.95,0.72,2011-06-20
1996,COCKTAIL SWORDS 50 PIECES,5,Own Brand,0.95,0.79,2011-06-28
1997,18PC WOODEN CUTLERY SET DISPOSABLE,7,Own Brand,1.44,1.18,2011-06-21
1998,6PC WOOD PLATE SET DISPOSABLE,7,Own Brand,1.44,1.18,2011-07-04
1999,FELTCRAFT GIRL AMELIE KIT,9,Own Brand,5.69,4.49,2011-03-20
2000,FELTCRAFT GIRL NICOLE KIT,9,Own Brand,5.69,4.49,2011-04-07
2001,FELTCRAFT BOY JEAN-PAUL KIT,9,Own Brand,5.69,4.49,2011-03-29
2002,HEART SHAPED HOLLY WREATH,6,Own Brand,4.77,3.7,2011-06-30
2003,MISELTOE HEART WREATH,6,Own Brand,4.54,3.52,2011-05-12
2004,MISELTOE HEART WREATH WHITE,6,Own Brand,4.77,3.7,2011-05-12
2005,SMALL IVORY HEART WALL ORGANISER,6,Own Brand,6.61,5.12,2011-10-13
2006,LARGE IVORY HEART WALL ORGANISER,6,Own Brand,8.8,6.82,2011-06-05
2007,LARGE ZINC HEART WALL ORGANISER,6,Own Brand,9.49,7.35,2011-08-01
2008,IVORY WIRE SWEETHEART LETTER TRAY,7,Own Brand,4.31,3.53,2011-05-19
2009,SINGLE WIRE HOOK IVORY HEART,6,Own Brand,1.67,1.29,2011-08-08
2010,TRIPLE WIRE HOOK IVORY HEART,6,Own Brand,4.77,3.7,2011-08-08
2011,TRIPLE WIRE HOOK PINK HEART,6,Own Brand,4.77,3.7,2011-06-06
2012,IVORY WIRE KITCHEN ORGANISER,7,Own Brand,11.96,9.81,2011-08-08
2013,ZINC WIRE KITCHEN ORGANISER,7,Own Brand,11.96,9.81,2011-11-24
2014,ZINC T-LIGHT HOLDER STARS SMALL,6,Own Brand,0.95,0.74,2011-05-12
2015,ZINC T-LIGHT HOLDER STAR LARGE,6,Own Brand,1.09,0.84,2011-05-12
2016,TRIPLE HOOK ANTIQUE IVORY ROSE,6,Own Brand,3.78,2.93,2011-05-04
2017,SINGLE ANTIQUE ROSE HOOK IVORY,6,Own Brand,1.67,1.29,2011-05-04
2018,MINIATURE ANTIQUE ROSE HOOK IVORY,6,Own Brand,0.95,0.74,2011-05-04
2019,IVORY SWEETHEART SOAP DISH,6,Own Brand,2.86,2.22,2011-08-08
2020,IVORY SWEETHEART WIRE LETTER RACK,6,Own Brand,4.31,3.34,2011-07-11
2021,SET OF 4 JAM JAR MAGNETS,7,Own Brand,2.39,1.96,2011-03-25
2022,KNICKERBOCKERGLORY MAGNET ASSORTED,5,Own Brand,0.95,0.79,2011-03-29
2023,SET OF 5 MINI GROCERY MAGNETS,5,Own Brand,2.39,1.98,2011-03-25
2024,SET OF 6 NATIVITY MAGNETS,3,Own Brand,2.39,1.78,2011-03-31
2025,SET OF 5 LUCKY CAT MAGNETS,5,Own Brand,2.39,1.98,2011-03-25
2026,SET OF 5 PANCAKE DAY MAGNETS,7,Own Brand,2.39,1.96,2011-03-25
2027,REGENCY TEA SPOON,7,Own Brand,1.44,1.18,2011-05-19
2028,REGENCY CAKE FORK,7,Own Brand,1.44,1.18,2011-05-19
2029,REGENCY TEA STRAINER,5,Own Brand,4.31,3.57,2011-05-12
2030,REGENCY SUGAR TONGS,5,Own Brand,2.86,2.37,2011-05-12
2031,REGENCY CAKE SLICE,7,Own Brand,5.69,4.67,2011-05-12
2032,LARGE CERAMIC TOP STORAGE JAR,1,Own Brand,1.9,1.53,2011-05-12
2033,MEDIUM CERAMIC TOP STORAGE JAR,1,Own Brand,1.44,1.16,2011-05-12
2034,SMALL CERAMIC TOP STORAGE JAR,1,Own Brand,0.95,0.76,2011-05-12
2035,CLASSIC CAFE SUGAR DISPENSER,5,Own Brand,1.44,1.19,2011-05-23
2036,CLASSIC GLASS COOKIE JAR,7,Own Brand,4.77,3.91,2011-05-12
2037,REGENCY TEA PLATE ROSES,7,Own Brand,1.9,1.56,2011-05-11
2038,REGENCY TEA PLATE GREEN,7,Own Brand,1.9,1.56,2011-05-16
2039,REGENCY TEA PLATE PINK,7,Own Brand,1.9,1.56,2011-05-16
2040,REGENCY TEAPOT ROSES,7,Own Brand,11.44,9.38,2011-05-12
2041,REGENCY SUGAR BOWL GREEN,7,Own Brand,4.77,3.91,2011-05-13
2042,REGENCY MILK JUG PINK,7,Own Brand,3.74,3.07,2011-05-12
2043,ABC TREASURE BOOK BOX,1,Own Brand,2.59,2.08,2011-03-07
2044,TREASURE ISLAND BOOK BOX,1,Own Brand,2.59,2.08,2011-03-07
2045,JAM CLOCK MAGNET,7,Own Brand,3.32,2.72,2011-03-08
2046,CLOCK MAGNET MUM'S KITCHEN,7,Own Brand,3.32,2.72,2011-03-08
2047,MUM'S KITCHEN CLOCK,7,Own Brand,5.69,4.67,2011-03-20
2048,BULL DOG BOTTLE TOP WALL CLOCK,7,Own Brand,9.06,7.43,2011-04-05
2049,TOILET SIGN OCCUPIED OR VACANT,7,Own Brand,0.95,0.78,2011-04-05
2050,MOTHER'S KITCHEN SPOON REST,7,Own Brand,4.31,3.53,2011-03-18
2051,BULL DOG BOTTLE OPENER,7,Own Brand,5.69,4.67,2011-03-29
2052,FRENCH STYLE STORAGE JAR CAFE,1,Own Brand,0.33,0.27,2011-07-11
2053,FRENCH STYLE STORAGE JAR BONBONS,1,Own Brand,0.33,0.27,2011-03-08
2054,VINTAGE 2 METER FOLDING RULER,5,Own Brand,1.9,1.57,2011-07-11
2055,SET OF 12 FORK CANDLES,6,Own Brand,3.32,2.57,2011-08-11
2056,BUNDLE OF 3 SCHOOL EXERCISE BOOKS,5,Own Brand,1.9,1.57,2011-05-17
2057,BUNDLE OF 3 RETRO NOTE BOOKS,9,Own Brand,1.9,1.5,2011-05-12
2058,BUNDLE OF 3 ALPHABET EXERCISE BOOKS,5,Own Brand,1.9,1.57,2011-05-17
2059,BUFFALO BILL TREASURE BOOK BOX,1,Own Brand,2.59,2.08,2011-03-07
2060,GYMKHANA TREASURE BOOK BOX,1,Own Brand,2.59,2.08,2011-03-07
2061,VINTAGE LEAF MAGNETIC NOTEPAD,9,Own Brand,1.67,1.32,2011-07-19
2062,SKETCHBOOK MAGNETIC SHOPPING LIST,9,Own Brand,1.67,1.32,2011-07-07
2063,PANTRY MAGNETIC SHOPPING LIST,5,Own Brand,1.67,1.38,2011-07-07
2064,JUMBO BAG APPLES,1,Own Brand,2.39,1.92,2011-04-14
2065,JUMBO BAG PEARS,1,Own Brand,2.39,1.92,2011-05-12
2066,JUMBO BAG ALPHABET,1,Own Brand,2.39,1.92,2011-04-21
2067,JUMBO BAG VINTAGE LEAF,1,Own Brand,2.39,1.92,2011-05-12
2068,JUMBO BAG VINTAGE DOILY,1,Own Brand,2.39,1.92,2011-05-10
2069,CHARLOTTE BAG APPLES DESIGN,1,Own Brand,0.98,0.79,2011-04-14
2070,CHARLOTTE BAG VINTAGE ALPHABET,1,Own Brand,0.98,0.79,2011-04-21
2071,LUNCH BAG APPLE DESIGN,1,Own Brand,1.9,1.53,2011-04-13
2072,LUNCH BAG ALPHABET DESIGN,1,Own Brand,1.9,1.53,2011-05-04
2073,LUNCH BAG VINTAGE LEAF DESIGN,1,Own Brand,1.9,1.53,2011-04-28
2074,LUNCH BAG DOILEY PATTERN,1,Own Brand,1.9,1.53,2011-05-09
2075,WHITE ROCKING HORSE HAND PAINTED,9,Own Brand,1.44,1.14,2011-06-02
2076,RED ROCKING HORSE HAND PAINTED,9,Own Brand,1.44,1.14,2011-07-14
2077,HEART WREATH DECORATION WITH BELL,6,Own Brand,1.44,1.12,2011-06-02
2078,STAR WREATH DECORATION WITH BELL,6,Own Brand,1.44,1.12,2011-06-02
2079,JINGLE BELL HEART ANTIQUE GOLD,6,Own Brand,2.39,1.85,2011-06-20
2080,JINGLE BELL HEART ANTIQUE SILVER,6,Own Brand,2.39,1.85,2011-07-18
2081,LAUREL HEART ANTIQUE GOLD,6,Own Brand,1.44,1.12,2011-08-17
2082,LAUREL STAR ANTIQUE GOLD,5,Own Brand,1.44,1.19,2011-07-18
2083,LAUREL STAR ANTIQUE SILVER,5,Own Brand,1.44,1.19,2011-06-02
2084,REINDEER HEART DECORATION GOLD,3,Own Brand,0.95,0.71,2011-06-09
2085,REINDEER HEART DECORATION SILVER,3,Own Brand,0.95,0.71,2011-06-02
2086,CHRISTMAS TREE HANGING GOLD,3,Own Brand,0.95,0.71,2011-08-17
2087,CHRISTMAS TREE HANGING SILVER,3,Own Brand,0.95,0.71,2011-08-02
2088,CHERUB HEART DECORATION GOLD,6,Own Brand,0.95,0.74,2011-06-02
2089,CHERUB HEART DECORATION SILVER,6,Own Brand,0.95,0.74,2011-07-18
2090,FILIGREE HEART DAISY WHITE,6,Own Brand,1.44,1.12,2011-06-03
2091,FILIGREE HEART BUTTERFLY WHITE,6,Own Brand,1.44,1.12,2011-06-03
2092,FILIGREE HEART BIRD WHITE,6,Own Brand,1.44,1.12,2011-06-03
2093,VINTAGE DONKEY TAIL GAME,11,Own Brand,4.31,3.37,2011-06-15
2094,WRAP ALPHABET DESIGN,8,Own Brand,0.48,0.36,2011-02-01
2095,WRAP DOILEY DESIGN,8,Own Brand,0.48,0.36,2011-02-01
2096,WRAP VINTAGE PETALS DESIGN,8,Own Brand,0.48,0.36,2011-02-09
2097,WRAP POPPIES DESIGN,8,Own Brand,0.48,0.36,2011-02-14
2098,BISCUIT TIN VINTAGE CHRISTMAS,3,Own Brand,3.32,2.47,2011-07-04
2099,STORAGE TIN VINTAGE LEAF,7,Own Brand,3.32,2.72,2011-06-09
2100,STORAGE TIN VINTAGE DOILY,7,Own Brand,3.32,2.72,2011-06-13
2101,SET OF 4 KNICK KNACK TINS LEAF,7,Own Brand,4.77,3.91,2011-06-09
2102,SET OF 4 KNICK KNACK TINS LONDON,7,Own Brand,4.77,3.91,2011-06-15
2103,SET OF 4 KNICK KNACK TINS POPPIES,7,Own Brand,4.77,3.91,2011-06-13
2104,SET OF 4 KNICK KNACK TINS DOILY,7,Own Brand,4.77,3.91,2011-06-13
2105,TREASURE TIN GYMKHANA DESIGN,7,Own Brand,2.39,1.96,2011-06-15
2106,TREASURE TIN BUFFALO BILL,7,Own Brand,2.39,1.96,2011-06-13
2107,SET OF TEA COFFEE SUGAR TINS PANTRY,7,Own Brand,5.69,4.67,2011-06-13
2108,ROUND STORAGE TIN VINTAGE LEAF,7,Own Brand,2.24,1.84,2011-06-09
2109,SET OF 3 REGENCY CAKE TINS,7,Own Brand,5.69,4.67,2011-06-13
2110,BISCUIT TIN 50'S CHRISTMAS,3,Own Brand,3.32,2.47,2011-08-05
2111,VINTAGE RED ENAMEL TRIM PLATE,7,Own Brand,1.9,1.56,2011-06-15
2112,VINTAGE RED TRIM ENAMEL BOWL,7,Own Brand,1.44,1.18,2011-06-15
2113,VINTAGE RED ENAMEL TRIM MUG,7,Own Brand,1.44,1.18,2011-06-15
2114,VINTAGE RED ENAMEL TRIM JUG,7,Own Brand,4.31,3.53,2011-06-15
2115,16 PIECE CUTLERY SET PANTRY DESIGN,7,Own Brand,18.34,15.04,2011-05-12
2116,CHILDRENS CUTLERY DOLLY GIRL,7,Own Brand,4.77,3.91,2011-04-21
2117,CHILDRENS CUTLERY CIRCUS PARADE,7,Own Brand,4.77,3.91,2011-04-19
2118,CHILDRENS CUTLERY SPACEBOY,7,Own Brand,4.77,3.91,2011-04-19
2119,SET OF 3 WOODEN HEART DECORATIONS,6,Own Brand,1.44,1.12,2011-07-11
2120,SET OF 3 WOODEN SLEIGH DECORATIONS,6,Own Brand,1.44,1.12,2011-06-15
2121,SET OF 3 WOODEN TREE DECORATIONS,6,Own Brand,1.44,1.12,2011-07-21
2122,SET OF 3 WOODEN STOCKING DECORATION,3,Own Brand,1.44,1.07,2011-07-07
2123,SET OF 4 SANTA PLACE SETTINGS,3,Own Brand,1.44,1.07,2011-06-23
2124,SET OF 2 CERAMIC CHRISTMAS REINDEER,3,Own Brand,1.67,1.24,2011-07-20
2125,SET OF 2 CERAMIC CHRISTMAS TREES,3,Own Brand,1.67,1.24,2011-08-08
2126,SET OF 2 CERAMIC PAINTED HEARTS,6,Own Brand,1.67,1.29,2011-07-21
2127,CHRISTMAS TABLE SILVER CANDLE SPIKE,3,Own Brand,0.95,0.71,2011-09-22
2128,TREE T-LIGHT HOLDER WILLIE WINKIE,6,Own Brand,1.9,1.47,2011-08-05
2129,HEART T-LIGHT HOLDER WILLIE WINKIE,6,Own Brand,1.9,1.47,2011-08-05
2130,STAR T-LIGHT HOLDER WILLIE WINKIE,6,Own Brand,1.9,1.47,2011-08-05
2131,SET OF 3 HANGING OWLS OLLIE BEAK,6,Own Brand,1.44,1.12,2011-06-06
2132,FOLDING BUTTERFLY MIRROR HOT PINK,6,Own Brand,0.95,0.74,2011-05-12
2133,FOLDING BUTTERFLY MIRROR RED,6,Own Brand,0.95,0.74,2011-05-12
2134,FOLDING BUTTERFLY MIRROR IVORY,6,Own Brand,0.95,0.74,2011-06-13
2135,DOORMAT VINTAGE LEAF,6,Own Brand,9.49,7.35,2011-05-17
2136,DOORMAT KEEP CALM AND COME IN,6,Own Brand,9.14,7.08,2011-05-09
2137,PINK VINTAGE SPOT BEAKER,5,Own Brand,0.98,0.81,2011-06-15
2138,BLUE VINTAGE SPOT BEAKER,5,Own Brand,0.98,0.81,2011-06-20
2139,RED VINTAGE SPOT BEAKER,5,Own Brand,0.98,0.81,2011-06-20
2140,GREEN VINTAGE SPOT BEAKER,5,Own Brand,0.98,0.81,2011-06-15
2141,DOLLY GIRL CHILDRENS BOWL,7,Own Brand,1.44,1.18,2011-06-17
2142,SPACEBOY CHILDRENS BOWL,7,Own Brand,1.44,1.18,2011-06-17
2143,DOLLY GIRL CHILDRENS CUP,7,Own Brand,1.44,1.18,2011-06-15
2144,SPACEBOY CHILDRENS CUP,7,Own Brand,1.44,1.18,2011-06-15
2145,SET OF 12 FAIRY CAKE BAKING CASES,7,Own Brand,0.95,0.78,2011-07-13
2146,SET OF 6 SNACK LOAF BAKING CASES,7,Own Brand,0.95,0.78,2011-07-13
2147,SET OF 12 MINI LOAF BAKING CASES,7,Own Brand,0.95,0.78,2011-07-13
2148,SET OF 6 TEA TIME BAKING CASES,7,Own Brand,1.44,1.18,2011-07-13
2149,SET 40 HEART SHAPE PETIT FOUR CASES,1,Own Brand,1.9,1.53,2011-07-13
2150,SPOTTY BUNTING,8,Own Brand,5.69,4.32,2011-05-10
2151,FOOD COVER WITH BEADS SET 2,5,Own Brand,4.31,3.57,2011-05-12
2152,GARDENERS KNEELING PAD CUP OF TEA,7,Own Brand,1.9,1.56,2011-06-09
2153,GARDENERS KNEELING PAD KEEP CALM,4,Own Brand,1.9,1.59,2011-05-23
2154,KNEELING MAT HOUSEWORK DESIGN,6,Own Brand,1.9,1.47,2011-10-13
2155,SET 4 PICNIC CUTLERY FONDANT,7,Own Brand,2.24,1.84,2011-11-04
2156,SET 4 PICNIC CUTLERY CHERRY,7,Own Brand,2.24,1.84,2011-11-04
2157,SET 4 PICNIC CUTLERY BLUEBERRY,7,Own Brand,2.24,1.84,2011-11-04
2158,SET OF 36 DOILIES PANTRY DESIGN,6,Own Brand,1.67,1.29,2011-06-08
2159,SET OF 60 PANTRY DESIGN CAKE CASES,7,Own Brand,0.63,0.52,2011-06-08
2160,SET OF 60 VINTAGE LEAF CAKE CASES,7,Own Brand,0.63,0.52,2011-06-08
2161,SET OF 60 I LOVE LONDON CAKE CASES,7,Own Brand,0.63,0.52,2011-06-02
2162,BUBBLEGUM RING ASSORTED,10,Own Brand,0.48,0.39,2011-07-06
2163,VINTAGE CHRISTMAS STOCKING,3,Own Brand,2.93,2.18,2011-07-14
2164,VINTAGE CHRISTMAS GIFT SACK,3,Own Brand,4.77,3.55,2011-07-18
2165,VINTAGE CHRISTMAS BUNTING,3,Own Brand,5.69,4.24,2011-08-04
2166,VINTAGE CHRISTMAS TABLECLOTH,3,Own Brand,14.37,10.71,2011-08-18
2167,IVORY REFECTORY CLOCK,6,Own Brand,11.44,8.87,2011-08-04
2168,RED REFECTORY CLOCK,6,Own Brand,11.44,8.87,2011-08-02
2169,BLUE REFECTORY CLOCK,6,Own Brand,11.44,8.87,2011-07-08
2170,BOX OF 6 MINI VINTAGE CRACKERS,1,Own Brand,2.86,2.3,2011-07-07
2171,BOX OF 6 MINI 50'S CRACKERS,1,Own Brand,2.86,2.3,2011-07-07
2172,GIANT 50'S CHRISTMAS CRACKER,3,Own Brand,3.32,2.47,2011-07-07
2173,SMALL WHITE HEART OF WICKER,6,Own Brand,1.9,1.47,2011-06-24
2174,LARGE WHITE HEART OF WICKER,6,Own Brand,3.39,2.63,2011-08-26
2175,WHITE WICKER STAR,5,Own Brand,2.42,2.0,2011-07-18
2176,RUSTIC STRAWBERRY JAM POT LARGE,7,Own Brand,2.39,1.96,2011-09-25
2177,RUSTIC STRAWBERRY JAM POT SMALL,7,Own Brand,1.9,1.56,2011-08-26
2178,HANGING MINI COLOURED BOTTLES,7,Own Brand,0.72,0.59,2011-08-12
2179,HANGING CLEAR MINI BOTTLE,7,Own Brand,0.72,0.59,2011-08-18
2180,SET 6 SCHOOL MILK BOTTLES IN CRATE,7,Own Brand,4.31,3.53,2011-08-18
2181,DECORATIVE WICKER HEART LARGE,6,Own Brand,1.9,1.47,2011-10-20
2182,DECORATIVE WICKER HEART MEDIUM,6,Own Brand,1.44,1.12,2011-10-20
2183,DECORATIVE WICKER HEART SMALL,6,Own Brand,0.72,0.56,2011-10-20
2184,IVORY WICKER HEART LARGE,6,Own Brand,1.9,1.47,2011-08-23
2185,IVORY WICKER HEART MEDIUM,6,Own Brand,1.44,1.12,2011-10-25
2186,IVORY WICKER HEART SMALL,6,Own Brand,0.72,0.56,2011-10-30
2187,EGG FRYING PAN IVORY,7,Own Brand,2.39,1.96,2011-07-28
2188,EGG FRYING PAN PINK,7,Own Brand,2.39,1.96,2011-07-28
2189,EGG FRYING PAN MINT,7,Own Brand,2.39,1.96,2011-10-05
2190,EGG FRYING PAN RED,7,Own Brand,2.39,1.96,2011-07-28
2191,EGG FRYING PAN BLUE,7,Own Brand,2.39,1.96,2011-07-28
2192,VINTAGE CHRISTMAS CAKE FRILL,3,Own Brand,1.67,1.24,2011-08-18
2193,PINK DINER WALL CLOCK,6,Own Brand,9.77,7.57,2011-07-05
2194,MINT DINER WALL CLOCK,6,Own Brand,9.77,7.57,2011-07-08
2195,JUMBO BAG VINTAGE CHRISTMAS,3,Own Brand,2.39,1.78,2011-07-05
2196,JUMBO BAG 50'S CHRISTMAS,3,Own Brand,2.39,1.78,2011-08-02
2197,DOLLY GIRL BEAKER,11,Own Brand,1.44,1.13,2011-07-27
2198,SPACEBOY BEAKER,11,Own Brand,1.44,1.13,2011-07-27
2199,I LOVE LONDON BEAKER,5,Own Brand,1.44,1.19,2011-08-02
2200,CHILDRENS TOY COOKING UTENSIL SET,7,Own Brand,2.39,1.96,2011-08-26
2201,ROLL WRAP VINTAGE CHRISTMAS,3,Own Brand,1.44,1.07,2011-08-17
2202,ROLL WRAP VINTAGE SPOT,8,Own Brand,1.44,1.09,2011-08-15
2203,ROLL WRAP 50'S CHRISTMAS,3,Own Brand,1.44,1.07,2011-08-17
2204,ROLL WRAP 50'S RED CHRISTMAS,3,Own Brand,1.44,1.07,2011-08-25
2205,6 GIFT TAGS VINTAGE CHRISTMAS,3,Own Brand,0.95,0.71,2011-08-12
2206,6 GIFT TAGS 50'S CHRISTMAS,3,Own Brand,0.95,0.71,2011-08-17
2207,HOT WATER BOTTLE KEEP CALM,7,Own Brand,5.69,4.67,2011-08-22
2208,LOVE HOT WATER BOTTLE,7,Own Brand,6.84,5.61,2011-08-25
2209,HOT WATER BOTTLE SEX BOMB,7,Own Brand,5.69,4.67,2011-09-26
2210,HOT STUFF HOT WATER BOTTLE,7,Own Brand,4.31,3.53,2011-10-11
2211,SET OF 12 T-LIGHTS VINTAGE DOILEY,6,Own Brand,2.07,1.6,2011-08-09
2212,SET 8 CANDLES VINTAGE DOILY,6,Own Brand,2.24,1.74,2011-08-09
2213,SET 12 COLOUR PENCILS LOVE LONDON,9,Own Brand,0.75,0.59,2011-10-05
2214,SET 12 COLOURING PENCILS DOILY,9,Own Brand,0.75,0.59,2011-10-05
2215,SET 12 COLOUR PENCILS SPACEBOY,9,Own Brand,0.75,0.59,2011-09-27
2216,SET 12 COLOUR PENCILS DOLLY GIRL,9,Own Brand,0.75,0.59,2011-09-30
2217,SET 36 COLOUR PENCILS LOVE LONDON,9,Own Brand,1.44,1.14,2011-10-05
2218,SET 36 COLOURING PENCILS DOILY,9,Own Brand,1.44,1.14,2011-10-05
2219,SET 36 COLOUR PENCILS SPACEBOY,9,Own Brand,1.44,1.14,2011-09-29
2220,SET 36 COLOUR PENCILS DOLLY GIRL,9,Own Brand,1.44,1.14,2011-09-25
2221,VINTAGE CHRISTMAS PAPER GIFT BAG,3,Own Brand,0.94,0.7,2011-08-31
2222,RED SPOT PAPER GIFT BAG,1,Own Brand,0.94,0.76,2011-08-31
2223,50'S CHRISTMAS PAPER GIFT BAG,3,Own Brand,0.94,0.7,2011-08-22
2224,PACK OF 12 VINTAGE CHRISTMAS TISSUE,3,Own Brand,0.45,0.34,2011-11-23
2225,PACK OF 12 DOLLY GIRL TISSUES,11,Own Brand,0.45,0.35,2011-09-08
2226,PACK OF 12 50'S CHRISTMAS TISSUES,3,Own Brand,0.45,0.34,2011-09-26
2227,PACK OF 12 RED APPLE TISSUES,2,Own Brand,0.45,0.36,2011-10-05
2228,PACK OF 12 VINTAGE DOILY TISSUES,2,Own Brand,0.45,0.36,2011-09-06
2229,PACK OF 12 VINTAGE LEAF TISSUES,2,Own Brand,0.45,0.36,2011-09-09
2230,BOX OF 6 CHRISTMAS CAKE DECORATIONS,3,Own Brand,4.31,3.21,2011-10-14
2231,WOODLAND MINI BACKPACK,5,Own Brand,4.77,3.95,2011-09-13
2232,SPACEBOY MINI BACKPACK,11,Own Brand,4.77,3.73,2011-09-13
2233,DOLLY GIRL MINI BACKPACK,11,Own Brand,4.77,3.73,2011-09-13
2234,I LOVE LONDON MINI BACKPACK,5,Own Brand,4.77,3.95,2011-09-13
2235,SPACEBOY ROCKET LOLLY MAKERS,11,Own Brand,2.39,1.87,2011-09-08
2236,HOME SWEET HOME CUSHION COVER,6,Own Brand,4.31,3.34,2011-09-09
2237,POSTE FRANCE CUSHION COVER,6,Own Brand,4.31,3.34,2011-09-15
2238,BELLE JARDINIERE CUSHION COVER,1,Own Brand,4.31,3.47,2011-09-09
2239,LE JARDIN BOTANIQUE CUSHION COVER,1,Own Brand,4.31,3.47,2011-09-09
2240,FOOT STOOL HOME SWEET HOME,5,Own Brand,11.44,9.47,2011-09-19
2241,HANGING HEART BONHEUR,6,Own Brand,0.98,0.76,2011-09-09
2242,HOME SWEET HOME HANGING HEART,6,Own Brand,0.98,0.76,2011-10-05
2243,SHELF WITH 4 HOOKS HOME SWEET HOME,6,Own Brand,7.19,5.57,2011-09-11
2244,RUSTIC MIRROR WITH LACE HEART,6,Own Brand,7.19,5.57,2011-09-11
2245,HOME SWEET HOME 3 PEG HANGER,5,Own Brand,4.31,3.57,2011-10-14
2246,LETTER HOLDER HOME SWEET HOME,6,Own Brand,4.31,3.34,2011-09-06
2247,HOME SWEET HOME BLACKBOARD,5,Own Brand,5.69,4.71,2011-09-06
2248,HOME SWEET HOME 2 DRAWER CABINET,6,Own Brand,5.69,4.41,2011-10-30
2249,HOME SWEET HOME KEY HOLDER,6,Own Brand,7.19,5.57,2011-10-07
2250,SET OF 2 TRAYS HOME SWEET HOME,7,Own Brand,11.44,9.38,2011-09-11
2251,PHOTO FRAME LINEN AND LACE SMALL,6,Own Brand,2.39,1.85,2011-11-20
2252,PHOTO FRAME LINEN AND LACE LARGE,6,Own Brand,4.31,3.34,2011-10-30
2253,CURIO CABINET LINEN AND LACE,6,Own Brand,9.37,7.26,2011-10-19
2254,TRELLIS COAT RACK,5,Own Brand,5.69,4.71,2011-09-19
2255,VINTAGE COFFEE GRINDER BOX,1,Own Brand,5.69,4.58,2011-09-15
2256,ZINC BOX SIGN HOME,1,Own Brand,11.44,9.21,2011-10-13
2257,HOME SWEET HOME HOOK,6,Own Brand,1.9,1.47,2011-10-05
2258,CHAMBRE HOOK,6,Own Brand,1.9,1.47,2011-11-02
2259,LAVENDER TOILETTE BOTTLE,7,Own Brand,2.22,1.82,2011-09-13
2260,HOME SWEET HOME BOTTLE,7,Own Brand,2.22,1.82,2011-09-19
2261,PANTRY HOOK TEA STRAINER,6,Own Brand,2.39,1.85,2011-10-13
2262,PANTRY HOOK SPATULA,6,Own Brand,2.39,1.85,2011-09-22
2263,PANTRY HOOK BALLOON WHISK,8,Own Brand,2.39,1.82,2011-09-22
2264,PANTRY 3 HOOK ROLLING PIN HANGER,6,Own Brand,4.31,3.34,2011-09-11
2265,GINGHAM RECIPE BOOK BOX,1,Own Brand,5.69,4.58,2011-09-16
2266,STORAGE TIN HOME SWEET HOME,7,Own Brand,2.86,2.35,2011-09-11
2267,METAL SIGN DROP YOUR PANTS,6,Own Brand,3.32,2.57,2011-09-19
2268,STOOL HOME SWEET HOME,5,Own Brand,14.37,11.89,2011-09-19
2269,IVORY RETRO KITCHEN WALL CLOCK,7,Own Brand,9.37,7.68,2011-11-22
2270,RED RETRO KITCHEN WALL CLOCK,7,Own Brand,9.37,7.68,2011-11-22
2271,BLUE RETRO KITCHEN WALL CLOCK,7,Own Brand,9.37,7.68,2011-11-22
2272,NATURAL HANGING QUILTED HEARTS,6,Own Brand,0.95,0.74,2011-09-11
2273,PRETTY HANGING QUILTED HEARTS,6,Own Brand,0.95,0.74,2011-09-11
2274,HANGING QUILTED PATCHWORK APPLES,6,Own Brand,0.95,0.74,2011-08-31
2275,3 RAFFIA RIBBONS 50'S CHRISTMAS,3,Own Brand,0.91,0.68,2011-10-05
2276,3 RAFFIA RIBBONS VINTAGE CHRISTMAS,3,Own Brand,0.91,0.68,2011-11-11
2277,VINTAGE CHRISTMAS GIFT BAG LARGE,3,Own Brand,1.44,1.07,2011-08-18
2278,50'S CHRISTMAS GIFT BAG LARGE,3,Own Brand,1.44,1.07,2011-08-31
2279,RED SPOT GIFT BAG LARGE,1,Own Brand,1.44,1.16,2011-08-31
2280,HAND WARMER RED LOVE HEART,6,Own Brand,2.42,1.88,2011-09-13
2281,ICE CREAM BUBBLES,5,Own Brand,0.95,0.79,2011-08-25
2282,SQUARE MINI PORTRAIT FRAME,6,Own Brand,2.24,1.74,2011-11-10
2283,HEART MINI PORTRAIT FRAME,6,Own Brand,2.24,1.74,2011-10-30
2284,OVAL MINI PORTRAIT FRAME,6,Own Brand,2.24,1.74,2011-10-31
2285,SMALL PARLOUR PICTURE FRAME,6,Own Brand,3.32,2.57,2011-10-30
2286,DOLLY CABINET 3 DRAWERS,6,Own Brand,17.19,13.32,2011-10-30
2287,DOLLY CABINET 2 DRAWERS,6,Own Brand,14.37,11.14,2011-10-28
2288,SWEETHEART WALL TIDY,6,Own Brand,11.44,8.87,2011-11-21
2289,ROCOCO WALL MIRROR WHITE,6,Own Brand,22.94,17.78,2011-10-31
2290,VINTAGE ZINC WATERING CAN,4,Own Brand,11.44,9.55,2011-11-20
2291,TUSCAN VILLA BIRD FEEDER,4,Own Brand,9.49,7.92,2011-11-24
2292,TUSCAN VILLA DOVECOTE,5,Own Brand,9.49,7.85,2011-10-06
2293,TUSCAN VILLA BIRD TABLE,4,Own Brand,9.49,7.92,2011-10-06
2294,CARD HOLDER LOVE BIRD SMALL,6,Own Brand,4.77,3.7,2011-10-06
2295,CARD HOLDER LOVE BIRD LARGE,6,Own Brand,6.7,5.19,2011-10-06
2296,SIX DRAWER OFFICE TIDY,6,Own Brand,11.44,8.87,2011-10-13
2297,NINE DRAWER OFFICE TIDY,6,Own Brand,17.19,13.32,2011-10-13
2298,WOODLAND SMALL RED FELT HEART,6,Own Brand,0.95,0.74,2011-10-20
2299,WOODLAND SMALL BLUE FELT HEART,6,Own Brand,0.95,0.74,2011-10-27
2300,WOODLAND SMALL PINK FELT HEART,6,Own Brand,0.95,0.74,2011-10-31
2301,WOODLAND LARGE RED FELT HEART,6,Own Brand,1.44,1.12,2011-10-27
2302,WOODLAND LARGE BLUE FELT HEART,6,Own Brand,1.44,1.12,2011-11-02
2303,WOODLAND LARGE PINK FELT HEART,6,Own Brand,1.44,1.12,2011-10-20
2304,WIRE EGG BASKET,7,Own Brand,9.03,7.4,2011-10-27
2305,MINI LIGHTS WOODLAND MUSHROOMS,6,Own Brand,4.31,3.34,2011-10-20
2306,PEARLISED IVORY HEART LARGE,6,Own Brand,1.78,1.38,2011-10-20
2307,HANGING BUTTERFLY T-LIGHT HOLDER,6,Own Brand,1.44,1.12,2011-10-07
2308,BOTANICAL GARDENS WALL CLOCK,6,Own Brand,28.75,22.28,2011-10-27
2309,ANTIQUE HEART SHELF UNIT,6,Own Brand,19.15,14.84,2011-10-30
2310,SWEET HEART CAKE CARRIER,7,Own Brand,11.44,9.38,2011-10-31
2311,VINTAGE BELLS GARLAND,8,Own Brand,3.32,2.52,2011-11-04
2312,T-LIGHT HOLDER HANGING LOVE BIRD,6,Own Brand,4.31,3.34,2011-11-10
2313,VINTAGE JINGLE BELLS HEART,6,Own Brand,9.49,7.35,2011-11-09
2314,VINTAGE DOILY TRAVEL SEWING KIT,9,Own Brand,2.24,1.77,2011-09-30
2315,VINTAGE DOILY DELUXE SEWING KIT,9,Own Brand,6.84,5.4,2011-10-05
2316,CLASSIC CHROME BICYCLE BELL,5,Own Brand,1.67,1.38,2011-10-28
2317,CLASSIC BICYCLE CLIPS,5,Own Brand,1.67,1.38,2011-11-29
2318,SET 12 VINTAGE DOILY CHALK,9,Own Brand,0.48,0.38,2011-11-01
2319,KEY RING BASEBALL BOOT ASSORTED,10,Own Brand,1.44,1.17,2011-10-06
2320,KEY RING BASEBALL BOOT UNION JACK,10,Own Brand,1.44,1.17,2011-10-05
2321,PLAYING CARDS VINTAGE DOILY,5,Own Brand,1.44,1.19,2011-09-30
2322,PLAYING CARDS KEEP CALM & CARRY ON,5,Own Brand,1.44,1.19,2011-10-06
2323,PLAYING CARDS JUBILEE UNION JACK,5,Own Brand,1.44,1.19,2011-10-05
2324,PLAYING CARDS I LOVE LONDON,5,Own Brand,1.44,1.19,2011-10-05
2325,MINI PLAYING CARDS SPACEBOY,11,Own Brand,0.48,0.38,2011-09-30
2326,MINI PLAYING CARDS BUFFALO BILL,5,Own Brand,0.48,0.4,2011-09-30
2327,MINI PLAYING CARDS DOLLY GIRL,11,Own Brand,0.48,0.38,2011-09-30
2328,MINI PLAYING CARDS FUN FAIR,5,Own Brand,0.48,0.4,2011-09-30
2329,MINI PLAYING CARDS GYMKHANA,5,Own Brand,0.48,0.4,2011-09-30
2330,EMBROIDERED RIBBON REEL EMILY,8,Own Brand,2.39,1.82,2011-10-11
2331,EMBROIDERED RIBBON REEL ROSIE,8,Own Brand,2.39,1.82,2011-10-05
2332,EMBROIDERED RIBBON REEL SUSIE,8,Own Brand,2.39,1.82,2011-09-30
2333,EMBROIDERED RIBBON REEL SALLY,8,Own Brand,2.39,1.82,2011-10-10
2334,EMBROIDERED RIBBON REEL DAISY,8,Own Brand,2.39,1.82,2011-09-30
2335,EMBROIDERED RIBBON REEL SOPHIE,8,Own Brand,4.31,3.28,2011-10-05
2336,EMBROIDERED RIBBON REEL REBECCA,8,Own Brand,3.32,2.52,2011-09-30
2337,EMBROIDERED RIBBON REEL RACHEL,8,Own Brand,3.32,2.52,2011-09-30
2338,EMBROIDERED RIBBON REEL CLAIRE,8,Own Brand,4.31,3.28,2011-10-05
2339,EMBROIDERED RIBBON REEL RUBY,8,Own Brand,4.31,3.28,2011-09-30
2340,WALL ART CAT AND BIRD,6,Own Brand,3.32,2.57,2011-10-30
2341,TREASURE AHOY WALL ART,6,Own Brand,3.78,2.93,2011-10-05
2342,HORSE & PONY WALL ART,6,Own Brand,3.78,2.93,2011-10-05
2343,BUFFALO BILL WALL ART,6,Own Brand,3.78,2.93,2011-10-05
2344,DOG LICENCE WALL ART,6,Own Brand,6.84,5.3,2011-10-05
2345,ANIMALS AND NATURE WALL ART,6,Own Brand,3.78,2.93,2011-10-05
2346,WALL ART SPACEBOY,6,Own Brand,4.31,3.34,2011-10-13
2347,WALL ART DOLLY GIRL,6,Own Brand,4.31,3.34,2011-10-13
2348,WALL ART ONLY ONE PERSON,6,Own Brand,5.69,4.41,2011-10-13
2349,WALL ART BIG LOVE,6,Own Brand,7.99,6.19,2011-10-13
2350,WALL ART WORK REST AND PLAY,6,Own Brand,5.69,4.41,2011-11-24
2351,WALL ART GARDEN HAVEN,6,Own Brand,6.15,4.77,2011-10-05
2352,WALL ART STOP FOR TEA,6,Own Brand,6.84,5.3,2011-10-05
2353,WALL ART BICYCLE SAFETY,6,Own Brand,6.84,5.3,2011-10-05
2354,VILLAGE SHOW WALL ART,6,Own Brand,6.84,5.3,2011-10-05
2355,WALL ART I LOVE LONDON,6,Own Brand,5.69,4.41,2011-10-13
2356,WALL ART THE MAGIC FOREST,6,Own Brand,7.99,6.19,2011-10-07
2357,WALL ART CLASSIC PUDDINGS,6,Own Brand,9.03,7.0,2011-10-05
2358,WALL ART 70'S ALPHABET,6,Own Brand,9.49,7.35,2011-10-05
2359,WALL ART KEEP CALM,6,Own Brand,9.49,7.35,2011-10-14
2360,WRAP RED VINTAGE DOILY,8,Own Brand,0.48,0.36,2011-07-24
2361,WRAP PAISLEY PARK,8,Own Brand,0.48,0.36,2011-07-28
2362,WRAP FLOWER SHOP,8,Own Brand,0.48,0.36,2011-07-24
2363,WRAP MAGIC FOREST,8,Own Brand,0.48,0.36,2011-07-24
2364,WRAP BIRD GARDEN,8,Own Brand,0.48,0.36,2011-07-24
2365,WRAP ALPHABET POSTER,8,Own Brand,0.48,0.36,2011-07-24
2366,PACK OF 12 PAISLEY PARK TISSUES,2,Own Brand,0.45,0.36,2011-09-21
2367,BICYCLE PUNCTURE REPAIR KIT,9,Own Brand,2.39,1.89,2011-11-29
2368,LANDMARK FRAME OXFORD STREET,6,Own Brand,14.37,11.14,2011-11-15
2369,LANDMARK FRAME NOTTING HILL,7,Own Brand,14.37,11.78,2011-11-15
2370,LANDMARK FRAME COVENT GARDEN,6,Own Brand,14.37,11.14,2011-11-15
2371,LANDMARK FRAME LONDON BRIDGE,6,Own Brand,14.37,11.14,2011-11-14
2372,WOODLAND BUNNIES LOLLY MAKERS,5,Own Brand,2.39,1.98,2011-09-13
2373,SET OF 6 RIBBONS COUNTRY STYLE,8,Own Brand,3.32,2.52,2011-11-29
2374,EGG CUP MILKMAID INGRID,7,Own Brand,1.44,1.18,2011-10-28
2375,EGG CUP MILKMAID HELGA,7,Own Brand,1.44,1.18,2011-10-17
2376,EGG CUP MILKMAID HEIDI,7,Own Brand,1.44,1.18,2011-10-17
2377,EGG CUP HENRIETTA HEN CREAM,7,Own Brand,1.44,1.18,2011-11-22
2378,TRADTIONAL ALPHABET STAMP SET,5,Own Brand,5.69,4.71,2011-10-27
2379,TRADITIONAL PICK UP STICKS GAME,11,Own Brand,1.44,1.13,2011-10-27
2380,TRADITIONAL NAUGHTS & CROSSES,5,Own Brand,1.9,1.57,2011-10-25
2381,PACKING CHARGE,5,Own Brand,8.62,7.13,2011-09-20
2382,SNACK TRAY PAISLEY PARK,7,Own Brand,2.24,1.84,2011-11-30
2383,SNACK TRAY RED VINTAGE DOILY,7,Own Brand,2.24,1.84,2011-11-29
2384,SNACK TRAY RED GINGHAM,7,Own Brand,2.24,1.84,2011-11-30
2385,SNACK TRAY I LOVE LONDON,7,Own Brand,2.24,1.84,2011-11-18
2386,SNACK TRAY HAPPY FOREST,7,Own Brand,2.24,1.84,2011-11-29
2387,JUMBO BAG PAISLEY PARK,1,Own Brand,2.39,1.92,2011-10-27
2388,VINTAGE DOILY JUMBO BAG RED,1,Own Brand,2.39,1.92,2011-11-02
2389,LUNCH BAG PAISLEY PARK,1,Own Brand,1.9,1.53,2011-10-27
2390,PAPER BUNTING PAISLEY PARK,8,Own Brand,3.39,2.58,2011-11-10
2391,PAPER BUNTING VINTAGE PARTY,8,Own Brand,3.39,2.58,2011-11-21
2392,HENRIETTA HEN MUG,7,Own Brand,1.9,1.56,2011-10-17
2393,MILK MAIDS MUG,7,Own Brand,1.9,1.56,2011-10-30
2394,LUNCH BAG RED VINTAGE DOILY,1,Own Brand,1.9,1.53,2011-11-11
2395,DOILY THANK YOU CARD,5,Own Brand,0.48,0.4,2011-11-16
2396,A PRETTY THANK YOU CARD,5,Own Brand,0.48,0.4,2011-11-25
2397,High Resolution Image,5,Own Brand,3.45,2.85,2011-10-19
2398,HAND OPEN SHAPE GOLD,9,Own Brand,4.39,3.47,2010-06-22
2399,HAND OPEN SHAPE DECO.WHITE,9,Own Brand,4.01,3.17,2010-01-15
2400,SET OF 3 BLACK FLYING DUCKS,5,Own Brand,5.81,4.81,2010-11-21
2401,SET OF 3 COLOURED FLYING DUCKS,5,Own Brand,6.27,5.19,2010-03-19
2402,SET OF 3 GOLD FLYING DUCKS,5,Own Brand,7.3,6.04,2010-12-01
2403,JACOBS LADDER SMALL,5,Own Brand,0.07,0.06,2009-12-04
2404,BLUE VICTORIAN FABRIC OVAL BOX,1,Own Brand,0.48,0.39,2010-02-03
2405,RED VICTORIAN FABRIC OVAL BOX,1,Own Brand,0.48,0.39,2010-02-03
2406,BUDDHA INCENSE HOLDER ASSORTED,6,Own Brand,0.98,0.76,2010-08-23
2407,ENAMEL BLUE RIM BISCUIT BIN,5,Own Brand,5.69,4.71,2010-01-13
2408,WOODEN BOX ADVENT CALENDAR,3,Own Brand,10.29,7.67,2010-07-02
2409,RASTA IN BATH W SPLIFF ASHTRAY,7,Own Brand,0.98,0.8,2011-11-24
2410,SET OF 3 BIRD L.BLUE FEATHER,4,Own Brand,1.44,1.2,2010-07-28
2411,SET OF 3 BIRD LIGHT PINK FEATHER,6,Own Brand,0.45,0.35,2010-07-28
2412,BLACKCHRISTMAS TREE 30CM,3,Own Brand,1.44,1.07,2010-07-02
2413,BLACK CHRISTMAS TREE 60CM,3,Own Brand,3.39,2.53,2010-07-02
2414,PINK/WHITE CHRISTMAS TREE 60CM,3,Own Brand,0.75,0.56,2010-04-19
2415,BLACK CHRISTMAS TREE 120CM,3,Own Brand,8.34,6.21,2010-07-02
2416,PINK AND WHITE CHRISTMAS TREE 120CM,3,Own Brand,3.39,2.53,2010-10-12
2417,PINK AND WHITE CHRISTMAS TREE 180CM,3,Own Brand,3.39,2.53,2010-04-19
2418,PINK FLUFFY CHRISTMAS DECORATION,3,Own Brand,0.22,0.16,2010-10-21
2419,PINK FEATHER CHRISTMAS DECORATION,3,Own Brand,0.22,0.16,2010-08-09
2420,PINK CHRISTMAS FLOCK DROPLET,3,Own Brand,1.44,1.07,2010-10-07
2421,BLACK ASSORTED DROPLET DECORATION,6,Own Brand,0.44,0.34,2009-12-04
2422,IVORY STRING CURTAIN WITH POLE,10,Own Brand,2.24,1.82,2010-07-02
2423,PINK STRING CURTAIN WITH POLE,10,Own Brand,2.24,1.82,2011-09-09
2424,VINTAGE BEAD PINK JEWEL BOX,1,Own Brand,4.89,3.94,2010-01-19
2425,VINTAGE BEAD PINK EVENING BAG,1,Own Brand,1.44,1.16,2011-07-28
2426,VINTAGE BEAD PINK PURSE,1,Own Brand,3.39,2.73,2010-08-23
2427,VINTAGE BEAD COSMETIC BAG,1,Own Brand,3.85,3.1,2011-10-20
2428,VINTAGE BEAD PINK SCARF,10,Own Brand,5.52,4.48,2010-08-23
2429,VINTAGE BEAD NOTEBOOK,9,Own Brand,3.39,2.68,2010-04-28
2430,ENAMEL PINK TEA CONTAINER,5,Own Brand,2.18,1.8,2010-01-13
2431,ENAMEL BLUE RIM TEA CONTAINER,5,Own Brand,2.42,2.0,2010-01-15
2432,ENAMEL PINK COFFEE CONTAINER,5,Own Brand,0.95,0.79,2010-02-01
2433,ENAMEL BLUE RIM COFFEE CONTAINER,5,Own Brand,2.42,2.0,2010-01-15
2434,ENAMEL PINK SUGAR CONTAINER,5,Own Brand,2.42,2.0,2010-01-13
2435,"ACRYLIC JEWEL ANGEL,PINK",5,Own Brand,0.94,0.78,2010-10-07
2436,"ACRYLIC JEWEL ICICLE, BLUE",5,Own Brand,0.44,0.36,2010-10-04
2437,"ACRYLIC HANGING JEWEL,BLUE",6,Own Brand,1.44,1.12,2010-09-21
2438,"ACRYLIC HANGING JEWEL,PINK",6,Own Brand,0.44,0.34,2011-10-17
2439,"HANGING FLOWERS+MIRROR,BLUE",6,Own Brand,0.44,0.34,2010-05-12
2440,"HANGING FLOWERS+MIRROR,CLEAR",6,Own Brand,1.71,1.33,2009-12-07
2441,WOOLLY HAT SOCK GLOVE ADVENT STRING,3,Own Brand,3.39,2.53,2009-12-01
2442,4 GOLD FLOCK CHRISTMAS BALLS,3,Own Brand,1.44,1.07,2010-07-02
2443,4 PINK FLOCK CHRISTMAS BALLS,3,Own Brand,1.44,1.07,2010-11-21
2444,MULTICOLOUR EASTER RABBIT,3,Own Brand,2.24,1.67,2010-03-03
2445,PINK FLOWERS RABBIT EASTER,3,Own Brand,2.24,1.67,2011-03-18
2446,MULTICOLOUR RABBIT EGG WARMER,7,Own Brand,0.98,0.8,2009-12-10
2447,PINK/FLOWER RABBIT EGG WARMER,7,Own Brand,2.42,1.98,2010-01-27
2448,WHITE/PINK CHICK DECORATION,6,Own Brand,1.44,1.12,2011-03-04
2449,WHITE/PINK CHICK EASTER DECORATION,3,Own Brand,0.98,0.73,2011-03-10
2450,PINK CHICK EGG WARMER + EGG CUP,7,Own Brand,2.42,1.98,2009-12-10
2451,CREAM KNITTED HEN,5,Own Brand,1.46,1.21,2009-12-18
2452,BLUE KNITTED HEN,5,Own Brand,1.9,1.57,2009-12-18
2453,PEACH KNITTED HEN,5,Own Brand,1.68,1.39,2009-12-18
2454,PINK FELT HANGING HEART W FLOWER,6,Own Brand,0.98,0.76,2011-03-01
2455,FOUR RABBIT EASTER DECORATIONS,3,Own Brand,0.8,0.6,2010-01-27
2456,EASTER BUNNY HANGING GARLAND,3,Own Brand,1.44,1.07,2010-01-27
2457,EASTER BUNNY WREATH,3,Own Brand,5.69,4.24,2010-01-11
2458,CANDY HEART HANGING DECORATION,6,Own Brand,1.44,1.12,2010-10-07
2459,HANGING FAIRY CAKE DECORATION,7,Own Brand,2.42,1.98,2010-07-28
2460,PINK STAR CHRISTMAS DECORATION,3,Own Brand,0.44,0.33,2010-10-04
2461,PINK STOCKING CHRISTMAS DECORATION,3,Own Brand,0.44,0.33,2011-06-20
2462,CERISE+GOLD CHRISTMAS STOCKING DEC,3,Own Brand,0.44,0.33,2010-10-04
2463,FOLKART BAUBLE CHRISTMAS DECORATION,3,Own Brand,1.44,1.07,2010-04-28
2464,FOLKART STAR CHRISTMAS DECORATIONS,3,Own Brand,0.45,0.34,2010-08-27
2465,SMALL FOLKART STAR CHRISTMAS DEC,3,Own Brand,0.35,0.26,2010-08-12
2466,SMALLFOLKART BAUBLE CHRISTMAS DEC,3,Own Brand,0.48,0.36,2010-08-12
2467,FOLKART ZINC STAR CHRISTMAS DEC,3,Own Brand,0.98,0.73,2010-07-26
2468,FOLKART ZINC HEART CHRISTMAS DEC,3,Own Brand,0.98,0.73,2009-12-02
2469,12 ASS ZINC CHRISTMAS DECORATIONS,3,Own Brand,2.42,1.8,2010-07-26
2470,FOLKART CLIP ON STARS,5,Own Brand,2.42,2.0,2010-07-02
2471,FOLKART HEART NAPKIN RINGS,7,Own Brand,3.39,2.78,2010-10-24
2472,FOLK ART METAL HEART T-LIGHT HOLDER,6,Own Brand,0.44,0.34,2011-07-28
2473,FOLKART CROWN TABLE DECORATIONS,6,Own Brand,1.17,0.91,2010-06-09
2474,ZINC FOLKART SLEIGH BELLS,5,Own Brand,1.94,1.61,2010-01-19
2475,ROSE FOLKART HEART DECORATIONS,6,Own Brand,0.48,0.37,2010-10-13
2476,FAIRY DESIGN MUGS,7,Own Brand,1.44,1.18,2010-03-29
2477,SPOTS MUG,7,Own Brand,2.24,1.84,2010-04-29
2478,"RETRO ""TEA FOR ONE""",5,Own Brand,5.69,4.71,2010-03-07
2479,MULTICOLOUR SPRING FLOWER MUG,7,Own Brand,0.6,0.49,2010-09-20
2480,POLKADOT COFFEE CUP & SAUCER PINK,7,Own Brand,0.91,0.75,2010-08-27
2481,POLKADOT MUG PINK,7,Own Brand,1.9,1.56,2011-01-07
2482,RETRO COFFEE MUGS ASSORTED,7,Own Brand,1.44,1.18,2010-01-14
2483,BLUE CHERRY BLOSSOM CUP & SAUCER,7,Own Brand,0.17,0.14,2010-03-17
2484,ICON MUG REVOLUTIONARY,7,Own Brand,0.45,0.37,2011-11-24
2485,YELLOW BREAKFAST CUP AND SAUCER,7,Own Brand,0.15,0.12,2010-08-09
2486,BLUE BREAKFAST CUP AND SAUCER,7,Own Brand,0.15,0.12,2010-08-09
2487,PINK BREAKFAST CUP AND SAUCER,7,Own Brand,1.77,1.45,2010-08-09
2488,MINI CAKE STAND WITH HANGING CAKES,8,Own Brand,1.67,1.27,2009-12-03
2489,CERAMIC CAKE DESIGN SPOTTED PLATE,7,Own Brand,1.71,1.4,2009-12-14
2490,CERAMIC CAKE DESIGN SPOTTED MUG,7,Own Brand,1.71,1.4,2009-12-03
2491,CERAMIC CAKE STAND + HANGING CAKES,8,Own Brand,11.44,8.69,2009-12-08
2492,CERAMIC CAKE BOWL + HANGING CAKES,7,Own Brand,3.39,2.78,2009-12-23
2493,ROBOT MUG IN DISPLAY BOX,7,Own Brand,1.44,1.18,2010-01-27
2494,PIG MUG IN TWO COLOUR DESIGNS,7,Own Brand,0.45,0.37,2010-10-07
2495,MULTICOLOUR DOTS PLATE,7,Own Brand,0.12,0.1,2010-08-09
2496,SET/4 2 TONE EGG SHAPE MIXING BOWLS,7,Own Brand,11.44,9.38,2010-01-08
2497,SET/4 COLOURFUL MIXING BOWLS,7,Own Brand,11.44,9.38,2010-01-27
2498,CONDIMENT TRAY 4 BOWLS AND 4 SPOONS,7,Own Brand,11.44,9.38,2011-06-20
2499,"FLOWER FAIRY MUG+COASTER,LAVENDER",7,Own Brand,4.31,3.53,2010-03-29
2500,CUBIC MUG FLOCK BLUE ON BROWN,7,Own Brand,2.93,2.4,2010-08-27
2501,CUBIC MUG FLOCK PINK ON BROWN,7,Own Brand,1.69,1.39,2010-08-27
2502,CUBIC MUG PINK POLKA DOT,7,Own Brand,2.93,2.4,2010-01-27
2503,ENGLISH ROSE TEA SET IN GIFT BOX,1,Own Brand,5.35,4.31,2010-01-19
2504,YELLOW RED FLOWER PIGGY BANK,4,Own Brand,5.35,4.47,2009-12-13
2505,FAIRY CAKE CERAMIC BUTTER DISH,7,Own Brand,3.39,2.78,2009-12-03
2506,FAIRY CAKE BIRTHDAY CANDLE SET,8,Own Brand,4.31,3.28,2009-12-08
2507,TEA TIME TEAPOT IN GIFT BOX,7,Own Brand,11.44,9.38,2009-12-14
2508,TEA TIME TEA SET IN GIFT BOX,1,Own Brand,7.99,6.43,2009-12-14
2509,TEA TIME MUG IN GIFT BOX,7,Own Brand,3.39,2.78,2010-01-27
2510,TEA TIME CAKE STAND IN GIFT BOX,8,Own Brand,12.36,9.39,2009-12-08
2511,WHITE BAMBOO RIBS LAMPSHADE,6,Own Brand,0.98,0.76,2010-04-06
2512,WHITE BAMBOO RIBS LAMPSHADE,6,Own Brand,1.44,1.12,2010-04-06
2513,CHINESE DRAGON PAPER LANTERNS,6,Own Brand,0.48,0.37,2010-01-08
2514,TEA TIME PAPER LANTERNS,6,Own Brand,2.24,1.74,2010-01-19
2515,CHERRY DESIGN PAPERLANTERNS,6,Own Brand,2.24,1.74,2010-01-15
2516,RED DAISY PAPER LAMPSHADE,6,Own Brand,1.44,1.12,2009-12-02
2517,MULTICOLOUR CRUSOE CHECK LAMPSHADE,6,Own Brand,0.48,0.37,2010-03-02
2518,SQUARE MIRROR CURTAIN,6,Own Brand,9.14,7.08,2010-07-02
2519,ASSORTED CIRCULAR MOBILE,5,Own Brand,0.24,0.2,2010-11-19
2520,PINK FEATHERS CURTAIN,5,Own Brand,1.18,0.98,2011-04-14
2521,DECORATIVE NET CANOPY CREAM,5,Own Brand,10.29,8.51,2010-01-27
2522,FOLDING SHOE TIDY,5,Own Brand,3.39,2.81,2010-05-12
2523,POLYESTER FILLER PAD 45x45cm,5,Own Brand,1.78,1.47,2009-12-18
2524,POLYESTER FILLER PAD 65CMx65CM,5,Own Brand,4.89,4.05,2010-05-10
2525,POLYESTER FILLER PAD 45x30cm,5,Own Brand,1.67,1.38,2010-02-15
2526,POLYESTER FILLER PAD 40x40cm,5,Own Brand,1.67,1.38,2009-12-01
2527,POLYESTER FILLER PAD 30CMx30CM,5,Own Brand,1.44,1.19,2010-01-19
2528,FUNKY MONKEY CUSHION COVER,6,Own Brand,0.98,0.76,2010-05-13
2529,ELVIS WALLHANGING / CURTAIN,6,Own Brand,1.44,1.12,2010-01-31
2530,BLUE CHENILLE SHAGGY CUSHION COVER,6,Own Brand,2.24,1.74,2010-08-23
2531,BUBBLE GUM CHUNKY KNITTED THROW,10,Own Brand,19.49,15.84,2009-12-13
2532,SUNSET COLOUR CHUNKY KNITTED THROW,10,Own Brand,19.49,15.84,2009-12-13
2533,WOVEN BERRIES CUSHION COVER,6,Own Brand,5.69,4.41,2010-08-23
2534,WOVEN FROST CUSHION COVER,6,Own Brand,5.69,4.41,2010-08-23
2535,SMALL POP BOX FUNKY MONKEY,1,Own Brand,1.44,1.16,2011-10-05
2536,FUSCHIA TABLE RUN FLOWER,4,Own Brand,1.44,1.2,2011-05-24
2537,BLUE TABLE RUN FLOWER,4,Own Brand,1.44,1.2,2011-05-24
2538,FUSCHIA FLOWER PURSE WITH BEADS,1,Own Brand,0.95,0.76,2011-07-28
2539,BLUE FLOWER DES PURSE,1,Own Brand,0.95,0.76,2011-04-28
2540,FUSCHIA VOILE POINTY SHOE DEC,5,Own Brand,0.45,0.37,2011-07-28
2541,BLUE VOILE LAMPSHADE,6,Own Brand,3.39,2.63,2011-01-07
2542,PAIR PADDED HANGERS PINK CHECK,5,Own Brand,4.31,3.57,2010-01-14
2543,ASSORTED COLOUR LIZARD SUCTION HOOK,6,Own Brand,0.48,0.37,2010-03-04
2544,ASSORTED MONKEY SUCTION CUP HOOK,7,Own Brand,0.48,0.39,2010-09-10
2545,RAINBOW PEGS PHOTO CLIP STRING,10,Own Brand,0.75,0.61,2010-01-26
2546,HANGING PHOTO CLIP ROPE LADDER,6,Own Brand,1.9,1.47,2010-06-22
2547,50CM METAL STRING WITH 7 CLIPS,10,Own Brand,0.98,0.8,2010-01-26
2548,POLKADOT CUTLERY 24 PCS IN TRAY,7,Own Brand,14.66,12.02,2010-03-07
2549,ASS FLORAL PRINT MULTI SCREWDRIVER,5,Own Brand,0.48,0.4,2010-11-23
2550,ASS FLORAL PRINT SCISSORS,5,Own Brand,1.44,1.19,2010-01-19
2551,SET/3 FLORAL GARDEN TOOLS IN BAG,1,Own Brand,9.14,7.36,2010-01-10
2552,ENGLISH ROSE SCISSORS,5,Own Brand,1.44,1.19,2009-12-01
2553,ENGLISH ROSE TORCH,5,Own Brand,0.29,0.24,2010-02-15
2554,ENGLISH ROSE TAPE MEASURE,5,Own Brand,1.44,1.19,2009-12-01
2555,ENGLISH ROSE SPIRIT LEVEL,5,Own Brand,0.91,0.75,2010-03-12
2556,ENGLISH ROSE SET/3 GARDEN TOOLS,4,Own Brand,9.14,7.63,2010-03-17
2557,ENGLISH ROSE GARDEN SECATEURS,4,Own Brand,2.24,1.87,2009-12-01
2558,MINATURE COLOURED GARDENING SET,4,Own Brand,5.69,4.75,2009-12-14
2559,ICON PLACEMAT POP ART ELVIS,8,Own Brand,0.14,0.11,2010-10-06
2560,TEA TIME TEA TOWELS,7,Own Brand,3.39,2.78,2009-12-03
2561,TEA TIME OVEN GLOVE,10,Own Brand,1.44,1.17,2010-01-13
2562,RETRO LONGBOARD IRONING BOARD COVER,5,Own Brand,1.44,1.19,2011-07-28
2563,PARTY BUNTING,8,Own Brand,5.52,4.2,2009-12-07
2564,TEA TIME PARTY BUNTING,8,Own Brand,5.35,4.07,2010-01-26
2565,TEA TIME KITCHEN APRON,7,Own Brand,6.84,5.61,2010-05-21
2566,ENGLISH ROSE DESIGN PEG BAG,1,Own Brand,2.42,1.95,2009-12-18
2567,ENGLISH ROSE TABLE CLOTH,5,Own Brand,12.25,10.14,2009-12-23
2568,TEA TIME TABLE CLOTH,5,Own Brand,12.25,10.14,2009-12-23
2569,ENGLISH ROSE SCENTED HANGING FLOWER,6,Own Brand,2.88,2.23,2010-10-07
2570,ENGLISH ROSE SMALL SCENTED FLOWER,4,Own Brand,0.98,0.82,2011-08-02
2571,TEA TIME BREAKFAST BASKET,1,Own Brand,2.42,1.95,2010-03-07
2572,TEA TIME DES TEA COSY,5,Own Brand,2.93,2.42,2010-01-19
2573,FAIRY CAKE WICKER PICNIC BASKET,7,Own Brand,14.66,12.02,2010-01-19
2574,PINK FAIRY CAKE CUSHION COVER,7,Own Brand,4.31,3.53,2010-02-09
2575,PINK FAIRY CAKE CUSHION COVER,7,Own Brand,0.98,0.8,2010-03-05
2576,PINK FAIRY CAKE COASTER,7,Own Brand,0.98,0.8,2010-01-08
2577,CONGRATULATIONS BUNTING,8,Own Brand,6.27,4.77,2010-04-09
2578,BLUE HAPPY BIRTHDAY BUNTING,8,Own Brand,6.27,4.77,2009-12-14
2579,PINK HAPPY BIRTHDAY BUNTING,8,Own Brand,6.27,4.77,2009-12-07
2580,CAROUSEL DES CHILD'S APRON,7,Own Brand,1.9,1.56,2010-05-13
2581,SCOTTIES DES CHILD'S APRON,7,Own Brand,1.9,1.56,2010-03-01
2582,BLUE FAIRY CAKE CHILD'S APRON,7,Own Brand,2.24,1.84,2010-03-24
2583,PINK FAIRY CAKE CHILDRENS APRON,7,Own Brand,2.24,1.84,2009-12-16
2584,CAROUSEL DES CHILD'S OVERALL,5,Own Brand,2.42,2.0,2010-01-12
2585,CAROUSEL PONIES BABY BIB,5,Own Brand,1.44,1.19,2010-05-06
2586,SCOTTIE DOGS BABY BIB,5,Own Brand,0.45,0.37,2010-01-19
2587,CAROUSEL DESIGN WASHBAG,1,Own Brand,2.24,1.8,2010-01-12
2588,SCOTTIES DESIGN WASHBAG,1,Own Brand,2.24,1.8,2010-01-19
2589,PINK PARTY BAGS,8,Own Brand,2.42,1.84,2010-02-03
2590,BLUE PARTY BAGS,8,Own Brand,2.42,1.84,2010-02-03
2591,DOOR MAT KISS MY.......,5,Own Brand,8.18,6.77,2009-12-18
2592,DOORMAT 3 SMILEY CATS,6,Own Brand,8.61,6.67,2009-12-14
2593,DOORMAT MULTICOLOUR STRIPE,6,Own Brand,8.88,6.88,2009-12-05
2594,DOORMAT TOPIARY,6,Own Brand,9.14,7.08,2010-03-26
2595,DOORMAT UNION FLAG,6,Own Brand,8.61,6.67,2010-01-26
2596,DOORMAT BLACK FLOCK,6,Own Brand,8.61,6.67,2009-12-08
2597,DOORMAT ENGLISH ROSE,6,Own Brand,9.14,7.08,2009-12-04
2598,DOORMAT FAIRY CAKE,7,Own Brand,9.14,7.49,2010-02-01
2599,DOORMAT NEW ENGLAND,6,Own Brand,8.61,6.67,2009-12-18
2600,DOORMAT WELCOME PUPPIES,6,Own Brand,9.14,7.08,2009-12-14
2601,DOORMAT FRIENDSHIP,6,Own Brand,8.61,6.67,2010-03-26
2602,DOORMAT HEARTS,6,Own Brand,8.88,6.88,2010-01-21
2603,DOOR MAT GREEN PAISLEY,5,Own Brand,7.76,6.42,2009-12-04
2604,DOOR MAT BIRD ON THE WIRE,4,Own Brand,8.61,7.19,2010-03-02
2605,AFGHAN SLIPPER SOCK PAIR,10,Own Brand,3.39,2.75,2010-08-26
2606,"FEATHER PEN,HOT PINK",5,Own Brand,0.98,0.81,2010-04-28
2607,"FEATHER PEN,COAL BLACK",5,Own Brand,0.98,0.81,2010-03-21
2608,"FEATHER PEN,LIGHT PINK",6,Own Brand,0.98,0.76,2009-12-09
2609,SOMBRERO,5,Own Brand,2.24,1.85,2010-09-21
2610,TURQ ICE CREAM BUM BAG,1,Own Brand,2.93,2.36,2010-09-16
2611,TURQOISE ICE CREAM SUNHAT,10,Own Brand,1.94,1.58,2010-02-01
2612,PINK/YELLOW FLOWERS HANDBAG,1,Own Brand,1.44,1.16,2010-11-23
2613,PURPLE/TURQ FLOWERS HANDBAG,1,Own Brand,1.44,1.16,2010-09-01
2614,LOVE HEART POCKET WARMER,6,Own Brand,1.9,1.47,2010-01-11
2615,HI TEC ALPINE HAND WARMER,5,Own Brand,1.9,1.57,2009-12-16
2616,WHITE METAL LANTERN,6,Own Brand,4.31,3.34,2010-11-02
2617,STANDING FAIRY POLE SUPPORT,6,Own Brand,0.98,0.76,2010-10-07
2618,PHOTO CLIP LINE,5,Own Brand,1.44,1.19,2010-09-06
2619,PINK GLASS CANDLEHOLDER,6,Own Brand,3.39,2.63,2011-07-19
2620,"PINK/WHITE ""KEEP CLEAN"" BULLET BIN",5,Own Brand,3.39,2.81,2010-02-15
2621,BLACK ORANGE SQUEEZER,5,Own Brand,0.48,0.4,2010-10-01
2622,HANGING JAM JAR T-LIGHT HOLDER,7,Own Brand,0.98,0.8,2009-12-18
2623,COLOUR GLASS. STAR T-LIGHT HOLDER,6,Own Brand,3.74,2.9,2009-12-02
2624,CD WALL TIDY RED FLOWERS,6,Own Brand,0.48,0.37,2010-12-08
2625,A4 WALL TIDY BLUE OFFICE,6,Own Brand,0.75,0.58,2010-12-08
2626,FROSTED BOX 9 WHITE T-LIGHT CANDLES,1,Own Brand,0.48,0.39,2009-12-04
2627,COLUMBIAN CANDLE RECTANGLE,6,Own Brand,2.24,1.74,2011-08-28
2628,COLUMBIAN CUBE CANDLE,6,Own Brand,2.24,1.74,2011-08-28
2629,COLUMBIAN CUBE CANDLE,6,Own Brand,0.98,0.76,2011-08-28
2630,BEST DAD CANDLE LETTERS,6,Own Brand,0.98,0.76,2011-06-08
2631,HAPPY ANNIVERSARY CANDLE LETTERS,6,Own Brand,0.48,0.37,2010-04-16
2632,LAVENDER SCENT CAKE CANDLE,7,Own Brand,0.33,0.27,2011-07-06
2633,VANILLA SCENT CAKE CANDLE,7,Own Brand,0.33,0.27,2010-05-12
2634,FENG SHUI PILLAR CANDLE,6,Own Brand,0.22,0.17,2011-09-09
2635,SET/6 PURPLE BUTTERFLY T-LIGHTS,6,Own Brand,2.42,1.88,2010-09-17
2636,SET/6 TURQUOISE BUTTERFLY T-LIGHTS,6,Own Brand,2.42,1.88,2010-01-14
2637,SET/6 PINK BUTTERFLY T-LIGHTS,6,Own Brand,2.42,1.88,2010-06-10
2638,ROSES IN WHITE HEART CANDLE,6,Own Brand,1.44,1.12,2010-01-27
2639,WHITE ADVENT CANDLE,3,Own Brand,2.44,1.82,2010-09-15
2640,SET OF 6 HALLOWEEN GHOST T-LIGHTS,3,Own Brand,0.48,0.36,2010-08-16
2641,SET/12 TAPER CANDLES,6,Own Brand,0.98,0.76,2010-11-29
2642,SCULPTED ROUND IVORY CANDLE,6,Own Brand,0.24,0.19,2010-08-23
2643,IVORY SCULPTED RND CANDLE,6,Own Brand,0.98,0.76,2010-08-23
2644,ROSE SCENT CANDLES IN GLASS,6,Own Brand,0.98,0.76,2010-04-21
2645,GRAND CHOCOLATECANDLE,6,Own Brand,1.67,1.29,2009-12-08
2646,FLOWER FAIRY SET 3 CANDLES LAVENDER,6,Own Brand,6.84,5.3,2010-05-20
2647,"F.FAIRY S/3 CANDLE/GLASS, ROSE",6,Own Brand,2.24,1.74,2010-01-21
2648,S/3 FLWR FAIRY LILLY CANDLES,6,Own Brand,2.42,1.88,2010-01-21
2649,FAIRY CAKE CANDLES,7,Own Brand,1.71,1.4,2009-12-07
2650,VINTAGE CREAM 3 BASKET CAKE STAND,8,Own Brand,11.44,8.69,2009-12-05
2651,BLACK SILOUETTE CANDLE PLATE,7,Own Brand,0.98,0.8,2011-11-06
2652,BLACK SILOUETTE CANDLE PLATE,7,Own Brand,2.42,1.98,2010-01-27
2653,BLACK SIL'T SQU CANDLE PLATE,7,Own Brand,2.42,1.98,2011-11-06
2654,BASKET/8 SCENTED LOVE TOKEN CANDLES,1,Own Brand,4.31,3.47,2010-05-10
2655,PURPLE PILLAR CANDLE BLACK FLOCK,6,Own Brand,3.39,2.63,2009-12-10
2656,BLUE PILLAR CANDLE SILVER FLOCK,6,Own Brand,3.39,2.63,2009-12-10
2657,IVORY PILLAR CANDLE SILVER FLOCK,6,Own Brand,3.39,2.63,2010-02-23
2658,IVORY PILLAR CANDLE GOLD FLOCK,6,Own Brand,3.39,2.63,2010-02-23
2659,S/4 BLACK DINNER CANDLE SILVER FLOC,6,Own Brand,2.93,2.27,2010-02-23
2660,4 PURPLE FLOCK DINNER CANDLES,6,Own Brand,2.93,2.27,2009-12-10
2661,4 PINK DINNER CANDLE SILVER FLOCK,6,Own Brand,2.93,2.27,2010-06-10
2662,S/4 BLUE DINNER CANDLE SILVER FLOCK,6,Own Brand,2.93,2.27,2009-12-10
2663,4 IVORY DINNER CANDLES SILVER FLOCK,6,Own Brand,2.68,2.08,2010-02-23
2664,4 IVORY DINNER CANDLES GOLD FLOCK,6,Own Brand,2.93,2.27,2010-01-27
2665,S/4 ROSE PINK DINNER CANDLES,6,Own Brand,1.44,1.12,2010-05-18
2666,4 SKY BLUE DINNER CANDLES,6,Own Brand,1.44,1.12,2011-03-01
2667,ROSE SCENT CANDLE IN JEWELLED BOX,1,Own Brand,4.89,3.94,2010-08-23
2668,OCEAN SCENT CANDLE IN JEWELLED BOX,1,Own Brand,4.89,3.94,2010-08-23
2669,VANILLA SCENT CANDLE JEWELLED BOX,1,Own Brand,3.16,2.54,2010-10-26
2670,ROSE SCENT CANDLE JEWELLED DRAWER,6,Own Brand,4.89,3.79,2010-10-26
2671,SET/3 ROSE CANDLE IN JEWELLED BOX,1,Own Brand,4.89,3.94,2010-10-21
2672,SET/3 OCEAN SCENT CANDLE JEWEL BOX,1,Own Brand,4.89,3.94,2009-12-14
2673,SET/3 VANILLA SCENTED CANDLE IN BOX,1,Own Brand,4.89,3.94,2010-10-15
2674,LARGE ZINC GLASS CANDLEHOLDER,6,Own Brand,2.42,1.88,2011-05-12
2675,SET/3 CHRISTMAS BRIAR CANDLES,3,Own Brand,4.31,3.21,2009-12-07
2676,3 WICK CHRISTMAS BRIAR CANDLE,3,Own Brand,4.31,3.21,2010-10-21
2677,SET/3 CHRISTMAS DECOUPAGE CANDLES,3,Own Brand,1.44,1.07,2009-12-13
2678,SET OF 2 CHRISTMAS DECOUPAGE CANDLE,3,Own Brand,0.91,0.68,2010-08-16
2679,CHRISTMAS DECOUPAGE CANDLE,3,Own Brand,0.98,0.73,2010-08-16
2680,CUPID DESIGN SCENTED CANDLES,7,Own Brand,2.93,2.4,2010-07-02
2681,"STRING OF 8 BUTTERFLIES,PINK",10,Own Brand,1.9,1.54,2010-01-27
2682,UNION FLAG WINDSOCK,5,Own Brand,1.44,1.19,2010-01-27
2683,FLAG OF ST GEORGE CHAIR,5,Own Brand,6.84,5.66,2011-10-06
2684,MAGAZINE RACK GEBRA ASSORTED,5,Own Brand,3.16,2.61,2010-04-09
2685,MOROCCAN TEA GLASS,5,Own Brand,0.98,0.81,2009-12-06
2686,GLASS HONEYPOT WASP CATCHER,5,Own Brand,2.24,1.85,2010-03-05
2687,"TUMBLER, ENGLISH ROSE",5,Own Brand,1.9,1.57,2010-06-06
2688,"TUMBLER, BAROQUE",5,Own Brand,1.9,1.57,2010-07-06
2689,"TUMBLER, NEW ENGLAND",5,Own Brand,1.9,1.57,2010-01-08
2690,SMOKEY GREY COLOUR D.O.F. GLASS,5,Own Brand,0.75,0.62,2010-08-12
2691,"RETRO PILL BOX KEY CHAIN,THE KING",1,Own Brand,0.22,0.18,2011-07-28
2692,RETRO MOD TRAY,7,Own Brand,0.98,0.8,2010-01-08
2693,CORONA MEXICAN TRAY,7,Own Brand,4.31,3.53,2010-01-22
2694,ENGLISH ROSE METAL WASTE BIN,5,Own Brand,3.39,2.81,2010-11-10
2695,TEATIME CAKE TIN WITH HANDLE,7,Own Brand,10.29,8.44,2009-12-16
2696,PAINTED LIGHTBULB STAR+ MOON,6,Own Brand,0.48,0.37,2010-09-10
2697,HEART SHAPE WIRELESS DOORBELL,6,Own Brand,2.42,1.88,2010-05-24
2698,BLACK CHAMPAGNE GLASS,5,Own Brand,1.9,1.57,2010-11-21
2699,RETRO PLASTIC 70'S TRAY,7,Own Brand,0.48,0.39,2010-03-19
2700,RETRO PLASTIC POLKA TRAY,7,Own Brand,0.48,0.39,2010-07-20
2701,RETRO PLASTIC DAISY TRAY,7,Own Brand,0.48,0.39,2010-07-20
2702,RETRO PLASTIC POLKA TRAY,7,Own Brand,0.98,0.8,2010-06-17
2703,RETRO PLASTIC ELEPHANT TRAY,7,Own Brand,0.98,0.8,2010-01-12
2704,"ART LIGHTS,FUNK MONKEY",6,Own Brand,3.39,2.63,2011-07-28
2705,FLAMINGO LIGHTS,6,Own Brand,5.69,4.41,2010-01-31
2706,CHILLI LIGHTS,6,Own Brand,5.69,4.41,2010-05-06
2707,BLACK CHERRY LIGHTS,6,Own Brand,7.76,6.01,2009-12-04
2708,GREEN CHERRY LIGHTS,6,Own Brand,7.76,6.01,2010-04-12
2709,LIGHT PINK CHERRY LIGHTS,6,Own Brand,7.76,6.01,2010-04-12
2710,PINK CHERRY LIGHTS,6,Own Brand,7.76,6.01,2009-12-04
2711,WHITE CHERRY LIGHTS,6,Own Brand,7.02,5.44,2009-12-04
2712,BLUE FLOCK GLASS CANDLEHOLDER,6,Own Brand,1.9,1.47,2010-12-03
2713,FLOWER BLUE CLOCK W/SUCKER,6,Own Brand,0.66,0.51,2010-01-13
2714,ROUND BLUE CLOCK W/SUCKER,6,Own Brand,0.98,0.76,2010-01-13
2715,ROUND PURPLE CLOCK W/SUCKER,6,Own Brand,0.98,0.76,2010-01-13
2716,VINYL RECORD FRAME SILVER,6,Own Brand,4.31,3.34,2010-09-21
2717,BATHROOM SCALES RUBBER DUCKS,9,Own Brand,3.39,2.68,2010-05-23
2718,PINK HEARTS PHOTO ALBUM,6,Own Brand,9.77,7.57,2009-12-01
2719,HEART BUTTONS JEWELLERY BOX,1,Own Brand,8.8,7.08,2010-05-24
2720,WOODEN PICTURE FRAME WHITE FINISH,6,Own Brand,2.93,2.27,2009-12-14
2721,WOOD 2 DRAWER CABINET WHITE FINISH,6,Own Brand,6.84,5.3,2009-12-14
2722,WOOD BLACK BOARD ANT WHITE FINISH,5,Own Brand,9.14,7.56,2009-12-08
2723,WOOD S/3 CABINET ANT WHITE FINISH,6,Own Brand,10.29,7.97,2010-03-26
2724,WOODEN FRAME ANTIQUE WHITE,6,Own Brand,3.39,2.63,2009-12-18
2725,LAUNDRY 15C METAL SIGN,6,Own Brand,1.67,1.29,2010-02-21
2726,WASHROOM METAL SIGN,6,Own Brand,1.67,1.29,2009-12-05
2727,"AIRLINE LOUNGE,METAL SIGN",6,Own Brand,2.42,1.88,2010-02-22
2728,KITCHEN METAL SIGN,7,Own Brand,0.63,0.52,2009-12-18
2729,BATHROOM METAL SIGN,6,Own Brand,0.63,0.49,2009-12-18
2730,TOILET METAL SIGN,6,Own Brand,0.63,0.49,2009-12-18
2731,AREA PATROLLED METAL SIGN,6,Own Brand,2.42,1.88,2009-12-23
2732,HOT BATHS METAL SIGN,6,Own Brand,2.42,1.88,2009-12-23
2733,BOMBS AWAY METAL SIGN,6,Own Brand,2.42,1.88,2010-02-01
2734,FANNY'S REST STOPMETAL SIGN,6,Own Brand,2.42,1.88,2010-03-12
2735,NO SINGING METAL SIGN,6,Own Brand,2.42,1.88,2009-12-01
2736,OLD DOC RUSSEL METAL SIGN,6,Own Brand,2.42,1.88,2010-06-22
2737,GLASS BONBON JAR PARFUME AUX FLEURE,1,Own Brand,1.44,1.16,2010-10-05
2738,GLASS BONBON JAR. SUPERFINES,1,Own Brand,1.44,1.16,2009-12-16
2739,"METAL SIGN,CUPCAKE SINGLE HOOK",7,Own Brand,1.44,1.18,2010-03-07
2740,"METAL SIGN,CUPCAKE SINGLE HOOK",7,Own Brand,1.44,1.18,2010-05-10
2741,"METAL SIGN,CUPCAKE SINGLE HOOK",7,Own Brand,0.96,0.79,2011-01-12
2742,METAL SIGN CUPCAKE SINGLE HOOK,7,Own Brand,1.44,1.18,2010-01-08
2743,PINK MARSHMALLOW SCARF KNITTING KIT,7,Own Brand,3.39,2.78,2010-07-27
2744,BUBBLE GUM SCARF KNITTING KIT,7,Own Brand,3.39,2.78,2010-07-27
2745,FRAPPUCINO SCARF KNITTING KIT,7,Own Brand,3.39,2.78,2010-10-04
2746,MIDNIGHT GLAMOUR SCARF KNITTING KIT,7,Own Brand,3.39,2.78,2010-09-14
2747,MAGIC TREE -PAPER FLOWERS,9,Own Brand,0.98,0.77,2010-08-02
2748,MAGIC SHEEP WOOL GROWING FROM PAPER,9,Own Brand,2.93,2.31,2010-02-09
2749,FLAG OF ST GEORGE CAR FLAG,5,Own Brand,0.48,0.4,2010-05-12
2750,RED WOOLLY HOTTIE WHITE HEART.,6,Own Brand,4.31,3.34,2010-01-22
2751,KNITTED UNION FLAG HOT WATER BOTTLE,7,Own Brand,4.31,3.53,2009-12-18
2752,ENGLISH ROSE HOT WATER BOTTLE,7,Own Brand,4.89,4.01,2010-09-30
2753,CHARLIE+LOLA RED HOT WATER BOTTLE,7,Own Brand,5.35,4.39,2010-03-24
2754,CHARLIE LOLA BLUE HOT WATER BOTTLE,7,Own Brand,5.35,4.39,2010-03-24
2755,CHARLIE+LOLA PINK HOT WATER BOTTLE,7,Own Brand,3.39,2.78,2010-03-24
2756,CHARLIE + LOLA RED HOT WATER BOTTLE,7,Own Brand,3.39,2.78,2010-03-04
2757,FLAG OF ST GEORGE,5,Own Brand,1.9,1.57,2010-05-05
2758,PINK HEART SHAPE EGG FRYING PAN,7,Own Brand,1.9,1.56,2010-01-13
2759,ASS COLOUR GLOWING TIARAS,5,Own Brand,0.98,0.81,2010-09-28
2760,WORLD WAR 2 GLIDERS ASSTD DESIGNS,6,Own Brand,0.33,0.26,2009-12-04
2761,SET/4 WHITE RETRO STORAGE CUBES,1,Own Brand,45.94,36.98,2010-04-29
2762,PINK/PURPLE RETRO RADIO,5,Own Brand,3.39,2.81,2010-03-02
2763,GLOW IN DARK DOLPHINS,5,Own Brand,0.24,0.2,2010-02-05
2764,HAPPY BIRTHDAY CARD TEDDY/CAKE,8,Own Brand,0.22,0.17,2010-08-23
2765,3 BLACK CATS W HEARTS BLANK CARD,6,Own Brand,0.22,0.17,2010-08-23
2766,"ASSORTED FLOWER COLOUR ""LEIS""",4,Own Brand,0.75,0.63,2010-01-07
2767,BOX/12 CHICK & EGG IN BASKET,7,Own Brand,2.24,1.84,2010-02-09
2768,BOX/12 MOTHER & CHICK IN BASKET/BOW,1,Own Brand,2.93,2.36,2010-03-03
2769,HEN HOUSE W CHICK STANDING,6,Own Brand,0.48,0.37,2010-02-09
2770,PACK/12 BLUE REINDEER CARD,3,Own Brand,3.39,2.53,2009-12-14
2771,PACK/12 XMAS FUN CARD,3,Own Brand,3.39,2.53,2010-06-30
2772,"DECOUPAGE,GREETING CARD,",8,Own Brand,0.48,0.36,2010-01-08
2773,"FOLK ART GREETING CARD,pack/12",8,Own Brand,3.39,2.58,2009-12-14
2774,FAWN AND MUSHROOM GREETING CARD,8,Own Brand,0.48,0.36,2009-12-13
2775,PACK/12 BLUE FOLKART CARDS,5,Own Brand,3.39,2.81,2010-03-05
2776,"GREETING CARD,SQUARE, DOUGHNUTS",8,Own Brand,0.48,0.36,2011-06-16
2777,"GREETING CARD, BLACKPOOL ROCK",8,Own Brand,0.22,0.17,2010-01-08
2778,"GREETING CARD, STICKY GORDON",8,Own Brand,0.22,0.17,2011-01-07
2779,"GREETING CARD, TWO SISTERS.",8,Own Brand,0.22,0.17,2011-01-07
2780,"GREETING CARD, RITA",8,Own Brand,0.22,0.17,2010-05-10
2781,"GREETING CARD, OVERCROWDED POOL.",8,Own Brand,0.22,0.17,2010-05-10
2782,"GREETING CARD, THE BLACK CAT",8,Own Brand,0.48,0.36,2010-03-05
2783,ASSTD DESIGN BUBBLE GUM RING,6,Own Brand,0.24,0.19,2009-12-13
2784,CHERRY BLOSSOM DECORATIVE FLASK,5,Own Brand,4.31,3.57,2010-01-13
2785,CHERRY BLOSSOM DECORATIVE FLASK,5,Own Brand,4.31,3.57,2010-01-13
2786,PINK TV TRAY TABLE,7,Own Brand,4.89,4.01,2010-06-30
2787,BLUE TV TRAY TABLE,7,Own Brand,4.89,4.01,2009-12-16
2788,SMALL PINK MAGIC CHRISTMAS TREE,3,Own Brand,0.98,0.73,2010-04-19
2789,ROTATING SILVER ANGELS T-LIGHT HLDR,7,Own Brand,2.93,2.4,2009-12-02
2790,SILVER CHRISTMAS TREE BAUBLE STAND,3,Own Brand,19.49,14.52,2010-09-16
2791,POMPOM CURTAIN,5,Own Brand,6.84,5.66,2010-01-21
2792,SET OF 20 KIDS COOKIE CUTTERS,7,Own Brand,2.42,1.98,2009-12-23
2793,SET OF 3 HEART COOKIE CUTTERS,7,Own Brand,1.44,1.18,2010-01-08
2794,SET OF 3 BUTTERFLY COOKIE CUTTERS,7,Own Brand,1.44,1.18,2010-01-08
2795,S/3 PINK COL METAL BASKET W HANDLE,1,Own Brand,14.66,11.8,2010-05-07
2796,CREAM CUPID HEARTS COAT HANGER,7,Own Brand,3.74,3.07,2009-12-07
2797,FUSCHIA/GREEN STRIPE WOOLLY BLANKET,10,Own Brand,21.79,17.7,2009-12-10
2798,PINK FLOCK SUEDE CUSHION COVER,6,Own Brand,1.44,1.12,2011-06-08
2799,BLUE FLOCK CUSHION COVER,6,Own Brand,1.44,1.12,2011-06-08
2800,MEDIUM PINK BUDDHA HEAD,5,Own Brand,3.39,2.81,2010-11-19
2801,S/6 PINK EASTER DECS IN BOX,3,Own Brand,0.98,0.73,2010-01-12
2802,6 RABBIT CHAIN EASTER,3,Own Brand,0.98,0.73,2010-01-27
2803,PINK RABBIT SITTING EASTER,3,Own Brand,0.48,0.36,2010-01-21
2804,YELLOW RABBIT SAT EASTER,3,Own Brand,0.48,0.36,2010-01-21
2805,WOBBLING METAL CHICKEN EASTER,3,Own Brand,0.98,0.73,2009-12-07
2806,SET OF 3 RABBIT CARROTS EASTER,3,Own Brand,0.98,0.73,2010-02-22
2807,SET/3 RABBITS FLOWER SKIPPPING ROPE,4,Own Brand,0.98,0.82,2011-04-08
2808,PINK METAL CHICKEN HEART,6,Own Brand,1.71,1.33,2010-12-21
2809,YELLOW METAL CHICKEN HEART,6,Own Brand,1.44,1.12,2009-12-07
2810,12 PINK HEN+CHICKS IN BASKET,1,Own Brand,2.93,2.36,2010-02-09
2811,S/60 PINK FLUFFY CHICKS IN BOX,1,Own Brand,2.93,2.36,2010-01-11
2812,TOP SECRET PEN SET,9,Own Brand,1.44,1.14,2010-01-14
2813,ENGLISH ROSE DESIGN QUILTED THROW,6,Own Brand,14.66,11.36,2010-03-05
2814,ROSE DES PADDED FLOOR CUSHION,6,Own Brand,5.69,4.41,2010-01-08
2815,PINK AND LILAC QUILTED THROW,10,Own Brand,52.84,42.93,2009-12-08
2816,BLUE/PINK NEST STRIPE BOX,1,Own Brand,0.09,0.07,2010-08-09
2817,BLUE CIRCLES DESIGN MONKEY DOLL,6,Own Brand,2.93,2.27,2010-09-17
2818,CAMOUFLAGE DESIGN TEDDY,6,Own Brand,2.93,2.27,2010-08-23
2819,STRIPES DESIGN TEDDY,6,Own Brand,2.93,2.27,2010-10-26
2820,SET OF 4 ENGLISH ROSE PLACEMATS,8,Own Brand,4.31,3.28,2010-02-15
2821,SET OF 4 FAIRY CAKE PLACEMATS,8,Own Brand,4.31,3.28,2009-12-05
2822,SET OF 4 POLKADOT PLACEMATS,8,Own Brand,4.31,3.28,2009-12-13
2823,SET OF 4 CAROUSEL PLACEMATS,8,Own Brand,4.31,3.28,2011-10-06
2824,SET OF 4 NEW ENGLAND PLACEMATS,8,Own Brand,4.31,3.28,2010-04-28
2825,SET OF 4 FAIRY CAKE PLACEMATS,8,Own Brand,4.31,3.28,2010-01-25
2826,SET OF 4 ENGLISH ROSE COASTERS,7,Own Brand,1.44,1.18,2010-05-23
2827,SET OF 4 FAIRY CAKES COASTERS,7,Own Brand,1.44,1.18,2010-01-31
2828,TOMATO CHARLIE+LOLA COASTER SET,7,Own Brand,1.44,1.18,2011-05-17
2829,CARROT CHARLIE+LOLA COASTER SET,7,Own Brand,1.44,1.18,2011-05-17
2830,PACK 20 ENGLISH ROSE PAPER NAPKINS,7,Own Brand,0.98,0.8,2009-12-05
2831,PACK OF 20 FAIRY CAKE PAPER NAPKINS,7,Own Brand,0.98,0.8,2009-12-16
2832,PINK PARTY SUNGLASSES,8,Own Brand,2.24,1.7,2010-03-07
2833,YELLOW KNITTED KIDS RUCKSACK,5,Own Brand,7.76,6.42,2010-02-01
2834,PINK KNITTED EGG COSY,7,Own Brand,0.45,0.37,2010-03-24
2835,BLUE KNITTED EGG COSY,7,Own Brand,0.45,0.37,2010-01-14
2836,FAIRY CAKES RECTANGLUAR BOXES,7,Own Brand,6.84,5.61,2010-01-27
2837,FAIRY CAKES ROUND NESTING BOXES,7,Own Brand,6.84,5.61,2010-01-08
2838,FAIRY CAKE NOTEBOOK A5 SIZE,7,Own Brand,0.98,0.8,2010-03-07
2839,ENGLISH ROSE NOTEBOOK A6 SIZE,9,Own Brand,0.75,0.59,2009-12-02
2840,FAIRY CAKES NOTEBOOK A6 SIZE,7,Own Brand,0.75,0.61,2010-03-08
2841,ENGLISH ROSE NOTEBOOK A7 SIZE,9,Own Brand,0.48,0.38,2010-03-26
2842,FAIRY CAKES NOTEBOOK A7 SIZE,7,Own Brand,0.48,0.39,2010-03-08
2843,CROCHET POODLE KEYRING,10,Own Brand,1.9,1.54,2010-06-10
2844,CROCHET WHITE RABBIT KEYRING,10,Own Brand,1.9,1.54,2011-07-28
2845,3D DOG PICTURE PLAYING CARDS,5,Own Brand,3.39,2.81,2009-12-08
2846,3D SHEET OF DOG STICKERS,9,Own Brand,0.98,0.77,2010-11-23
2847,3D SHEET OF CAT STICKERS,9,Own Brand,0.98,0.77,2010-11-23
2848,PINK/WHITE RIBBED MELAMINE JUG,7,Own Brand,9.14,7.49,2010-02-15
2849,PINK & WHITE BREAKFAST TRAY,7,Own Brand,5.12,4.2,2010-03-09
2850,BLUE & WHITE BREAKFAST TRAY,7,Own Brand,3.39,2.78,2010-03-09
2851,6 SEGMENT COLOURED SNACK BOWL,7,Own Brand,9.14,7.49,2010-02-15
2852,GIRLS ALPHABET IRON ON PATCHES,5,Own Brand,0.24,0.2,2009-12-14
2853,PACK 3 IRON ON DOG PATCHES,5,Own Brand,1.44,1.19,2009-12-10
2854,PACK 3 FIRE ENGINE/CAR PATCHES,5,Own Brand,1.44,1.19,2009-12-10
2855,PACK 4 FLOWER/BUTTERFLY PATCHES,4,Own Brand,1.44,1.2,2009-12-10
2856,PACK 6 HEART/ICE-CREAM PATCHES,6,Own Brand,1.44,1.12,2009-12-03
2857,BROWN DOG CANNISTER W BONE,5,Own Brand,6.84,5.66,2010-02-15
2858,BLUE CAT BISCUIT BARREL PINK HEART,6,Own Brand,6.84,5.3,2010-04-16
2859,MOUSE TOY WITH PINK T-SHIRT,11,Own Brand,4.31,3.37,2009-12-14
2860,DOG TOY WITH PINK CROCHET SKIRT,11,Own Brand,4.31,3.37,2010-04-26
2861,PINK GINGHAM CAT WITH SCARF,10,Own Brand,2.93,2.38,2010-05-12
2862,CROCHET ROSE PURSE WITH SUEDE BACK,1,Own Brand,3.39,2.73,2010-01-12
2863,LARGE TORTILLA DESIGN RED BOWL,7,Own Brand,4.31,3.53,2010-10-07
2864,SMALL DOLLY MIX DESIGN ORANGE BOWL,7,Own Brand,0.48,0.39,2010-04-12
2865,SMALL LICORICE DES PINK BOWL,7,Own Brand,1.44,1.18,2010-05-21
2866,SMALL MARSHMALLOWS PINK BOWL,7,Own Brand,0.48,0.39,2010-05-21
2867,SMALL CHOCOLATES PINK BOWL,7,Own Brand,1.44,1.18,2010-04-29
2868,MIXED NUTS LIGHT GREEN BOWL,7,Own Brand,1.44,1.18,2010-04-29
2869,JELLY BABIES YELLOW SMALL BOWL,7,Own Brand,1.44,1.18,2010-09-01
2870,BISCUITS SMALL BOWL LIGHT BLUE,7,Own Brand,1.44,1.18,2010-04-12
2871,RETRO BROWN BALL ASHTRAY,7,Own Brand,1.44,1.18,2009-12-13
2872,RETRO PINK BALL ASHTRAY,7,Own Brand,1.44,1.18,2009-12-13
2873,BOYS ALPHABET IRON ON PATCHES,5,Own Brand,0.24,0.2,2010-03-24
2874,NEW BAROQUE JEWELLERY BOX,1,Own Brand,9.14,7.36,2009-12-07
2875,PINK NEW BAROQUE FLOCK CANDLESTICK,6,Own Brand,5.35,4.15,2010-02-23
2876,PINK BAROQUE FLOCK CANDLE HOLDER,6,Own Brand,6.84,5.3,2010-12-03
2877,PINK ROUND BUTTERFLY MIRROR,6,Own Brand,2.24,1.74,2010-03-25
2878,NEW BAROQUE BLACK BOXES,1,Own Brand,14.66,11.8,2009-12-07
2879,BLUE GINGHAM ROSE QUILT,5,Own Brand,52.84,43.72,2010-02-12
2880,BLUE GINGHAM ROSE CUSHION COVER,6,Own Brand,6.84,5.3,2009-12-14
2881,PINK GINGHAM ROSE CUSHION COVER,6,Own Brand,6.84,5.3,2009-12-14
2882,PINK NEW BAROQUECANDLESTICK CANDLE,6,Own Brand,0.98,0.76,2010-09-15
2883,BLCK NEW BAROQUE CANDLESTICK CANDLE,6,Own Brand,2.18,1.69,2009-12-04
2884,BLUE NEW BAROQUE CANDLESTICK CANDLE,6,Own Brand,3.39,2.63,2010-02-09
2885,WHITE NEWBAROQUE CANDLESTICK CANDLE,6,Own Brand,3.39,2.63,2010-02-23
2886,FRUIT TREE AND BIRDS WALL PLAQUE,6,Own Brand,9.14,7.08,2011-01-10
2887,DECORATIVE HANGING SHELVING UNIT,6,Own Brand,68.94,53.43,2010-11-10
2888,KITCHEN FLOWER POTS WALL PLAQUE,7,Own Brand,6.84,5.61,2010-03-05
2889,SMALL KITCHEN FLOWER POTS PLAQUE,7,Own Brand,7.99,6.55,2011-01-10
2890,GREEN ROSE CUSHION COVER,6,Own Brand,4.37,3.39,2009-12-18
2891,WHITE STITCHED CUSHION COVER,6,Own Brand,7.99,6.19,2009-12-18
2892,WHITE TRAVEL ALARM CLOCK,6,Own Brand,2.93,2.27,2010-09-01
2893,WHITE STITCHED WALL CLOCK,6,Own Brand,2.88,2.23,2010-10-07
2894,BLACK STITCHED WALL CLOCK,6,Own Brand,2.88,2.23,2010-10-07
2895,PINK STITCHED WALL CLOCK,6,Own Brand,2.88,2.23,2010-10-07
2896,WHITE SQUARE TABLE CLOCK,6,Own Brand,1.84,1.43,2010-09-05
2897,BLACK SQUARE TABLE CLOCK,6,Own Brand,1.84,1.43,2010-09-05
2898,PINK SQUARE TABLE CLOCK,6,Own Brand,0.75,0.58,2010-09-05
2899,GRASS HOPPER WOODEN WALL CLOCK,6,Own Brand,6.84,5.3,2010-10-07
2900,SQUARE CHERRY BLOSSOM CABINET,6,Own Brand,6.84,5.3,2011-07-11
2901,JAPANESE CROCHETED ANIMAL,5,Own Brand,0.48,0.4,2009-12-02
2902,CROCHET BEAR WITH BLUE STRIPES,11,Own Brand,2.93,2.29,2009-12-02
2903,BLUE FLY SWAT,5,Own Brand,0.75,0.62,2011-03-01
2904,FLYING PIG WATERING CAN,4,Own Brand,3.39,2.83,2010-03-12
2905,FROG KING WATERING CAN,4,Own Brand,3.39,2.83,2010-03-25
2906,BATH DUCK WATERING CAN,4,Own Brand,3.39,2.83,2010-01-31
2907,CLASSICAL ROSE SMALL VASE,6,Own Brand,2.93,2.27,2010-05-12
2908,CLASSICAL ROSE URN,5,Own Brand,9.14,7.56,2010-09-05
2909,CLASSICAL ROSE CANDLESTAND,6,Own Brand,1.44,1.12,2010-03-18
2910,BEACH HUT PHOTO FRAME,6,Own Brand,2.93,2.27,2009-12-18
2911,BEACH HUT KEY CABINET,6,Own Brand,4.31,3.34,2009-12-18
2912,BEACH HUT MIRROR,6,Own Brand,4.89,3.79,2009-12-18
2913,BEACH HUT SHELF W 3 DRAWERS,6,Own Brand,6.84,5.3,2010-03-05
2914,BEACH HUT DESIGN BLACKBOARD,6,Own Brand,4.89,3.79,2009-12-18
2915,S/2 BEACH HUT TREASURE CHESTS,5,Own Brand,6.84,5.66,2009-12-18
2916,PACK 20 DOLLY PEGS,11,Own Brand,0.98,0.77,2009-12-01
2917,BOX OF 24 COCKTAIL PARASOLS,1,Own Brand,0.48,0.39,2009-12-14
2918,ENGLISH ROSE TABLE CLOCK,6,Own Brand,10.29,7.97,2010-01-19
2919,FAIRY CAKES TABLE CLOCK,7,Own Brand,10.29,8.44,2010-01-19
2920,CHERRY BLOSSOM TABLE CLOCK,6,Own Brand,10.29,7.97,2010-05-04
2921,RED PEONY TABLE CLOCK,6,Own Brand,10.29,7.97,2010-11-10
2922,SILVER JEWELLED MIRROR TRINKET TRAY,7,Own Brand,11.44,9.38,2009-12-07
2923,PINK JEWELLED MIRROR TRINKET TRAY,7,Own Brand,11.44,9.38,2011-09-04
2924,PINK JEWELLED PHOTO FRAME,6,Own Brand,5.69,4.41,2011-06-08
2925,PINK OVAL JEWELLED MIRROR,6,Own Brand,6.84,5.3,2010-03-07
2926,SILVER OVAL SHAPE TRINKET BOX,1,Own Brand,11.44,9.21,2010-10-25
2927,PINK OVAL SHAPE TRINKET BOX,1,Own Brand,11.44,9.21,2011-05-31
2928,SET OF 6 ICE CREAM SKITTLES,9,Own Brand,3.39,2.68,2010-03-10
2929,CUTE RABBIT CEATURE SCREEN,5,Own Brand,1.9,1.57,2010-10-26
2930,S/6 SEW ON CROCHET FLOWERS,4,Own Brand,1.44,1.2,2010-12-15
2931,FOLK FELT HANGING MULTICOL GARLAND,8,Own Brand,3.39,2.58,2009-12-18
2932,PINK SMALL GLASS CAKE STAND,8,Own Brand,2.24,1.7,2010-02-15
2933,BLACK SMALL GLASS CAKE STAND,8,Own Brand,2.24,1.7,2010-09-17
2934,S/15 SILVER GLASS BAUBLES IN BAG,1,Own Brand,1.44,1.16,2010-11-05
2935,COLOUR GLASS T-LIGHT HOLDER HANGING,6,Own Brand,0.75,0.58,2009-12-07
2936,LARGE HANGING GLASS+ZINC LANTERN,6,Own Brand,1.84,1.43,2010-05-04
2937,SMALL HANGING GLASS+ZINC LANTERN,6,Own Brand,1.67,1.29,2010-10-07
2938,IVORY HANGING BIRD PLANTER,6,Own Brand,2.93,2.27,2010-04-18
2939,WHITE PICNIC BARBECUE BUCKET,4,Own Brand,12.36,10.32,2010-01-08
2940,PINK PICNIC BARBECUE BUCKET,4,Own Brand,6.84,5.71,2010-04-27
2941,ZINC FINISH 15CM PLANTER POTS,4,Own Brand,1.44,1.2,2010-01-19
2942,RED ROSE AND LACE C/COVER,5,Own Brand,3.39,2.81,2009-12-14
2943,GREEN 3 TIER GLASS PLATE STAND,7,Own Brand,4.54,3.72,2010-09-06
2944,ENCHANTED BIRD PLANT CAGE,4,Own Brand,4.31,3.6,2010-09-17
2945,GINGHAM HEART DECORATION,6,Own Brand,3.39,2.63,2010-03-12
2946,ENCHANTED BIRD COATHANGER 5 HOOK,6,Own Brand,5.35,4.15,2010-04-21
2947,PASTEL STRIPE HAMMOCK,5,Own Brand,9.14,7.56,2010-05-10
2948,SUNSET CHECK HAMMOCK,5,Own Brand,9.14,7.56,2010-08-23
2949,OCEAN STRIPE HAMMOCK,5,Own Brand,9.14,7.56,2010-05-10
2950,SEASIDE STRIPE HAMMOCK,5,Own Brand,9.14,7.56,2010-05-10
2951,PINK HAWAIIAN PICNIC HAMPER FOR 2,5,Own Brand,14.66,12.13,2010-09-01
2952,BLUE SAVANNAH PICNIC HAMPER FOR 2,5,Own Brand,14.66,12.13,2010-09-01
2953,PINK HAWAIIAN PICNIC HAMPER FOR 4,5,Own Brand,12.59,10.42,2010-04-22
2954,BLUE SAVANNAH PICNIC HAMPER FOR 4,5,Own Brand,12.59,10.42,2010-04-22
2955,SPRIG LAVENDER ARTIFICIAL FLOWER,4,Own Brand,1.44,1.2,2010-01-21
2956,LARGE WHITE/PINK ROSE ART FLOWER,4,Own Brand,1.94,1.62,2011-01-11
2957,WHITE HYDRANGEA ART FLOWER,4,Own Brand,2.42,2.02,2010-08-31
2958,WHITE ALLIUM ARTIFICIAL FLOWER,4,Own Brand,1.94,1.62,2010-08-31
2959,CREAM CLIMBING HYDRANGA ART FLOWER,4,Own Brand,4.31,3.6,2010-10-11
2960,PINK CANDYSTUFT ARTIFICIAL FLOWER,4,Own Brand,1.67,1.39,2011-09-04
2961,WHITE CANDYSTUFT ARTIFICIAL FLOWER,4,Own Brand,1.67,1.39,2011-07-13
2962,WHITE CHRYSANTHEMUMS ART FLOWER,4,Own Brand,1.94,1.62,2010-08-31
2963,SET OF 4 DIAMOND NAPKIN RINGS,7,Own Brand,14.66,12.02,2011-07-28
2964,SET OF 3 DANISH ROSE PLANTERS,4,Own Brand,4.89,4.08,2009-12-18
2965,DANISH ROSE BEDSIDE CABINET,6,Own Brand,45.94,35.6,2010-05-25
2966,DANISH ROSE DECORATIVE PLATE,7,Own Brand,2.42,1.98,2010-11-10
2967,DANISH ROSE PHOTO FRAME,6,Own Brand,2.93,2.27,2009-12-18
2968,DANISH ROSE ROUND SEWING BOX,1,Own Brand,4.89,3.94,2010-05-25
2969,DANISH ROSE TRINKET TRAYS,7,Own Brand,6.84,5.61,2010-05-25
2970,DANISH ROSE DELUXE COASTER,7,Own Brand,0.98,0.8,2010-09-09
2971,DANISH ROSE FOLDING CHAIR,5,Own Brand,45.94,38.01,2010-05-25
2972,DANISH ROSE UMBRELLA STAND,6,Own Brand,18.34,14.21,2010-01-19
2973,ASSTD DESIGN 3D PAPER STICKERS,6,Own Brand,0.98,0.76,2009-12-10
2974,ASS DES PHONE SPONGE CRAFT STICKER,9,Own Brand,0.75,0.59,2009-12-08
2975,JUNGLE POPSICLES ICE LOLLY HOLDERS,6,Own Brand,1.44,1.12,2009-12-10
2976,ZINC WILLIE WINKIE CANDLE STICK,6,Own Brand,0.98,0.76,2009-12-01
2977,ZINC METAL HEART DECORATION,6,Own Brand,1.44,1.12,2009-12-01
2978,WHITE SWEETHEARTS CABINET 4 DRAWERS,6,Own Brand,14.66,11.36,2010-05-05
2979,SWEETHEART KEY CABINET,6,Own Brand,7.76,6.01,2010-01-14
2980,SWEETHEART CARRY-ALL BASKET,1,Own Brand,9.77,7.86,2010-06-30
2981,HELLO SAILOR BATHROOM SET,2,Own Brand,0.38,0.3,2010-08-09
2982,WHITE SOAP RACK WITH 2 BOTTLES,7,Own Brand,6.84,5.61,2010-01-15
2983,GERANIUM SQUARE HANDY TIN,7,Own Brand,1.44,1.18,2010-05-10
2984,FLORAL BATHROOM SET,2,Own Brand,0.38,0.3,2010-07-29
2985,HELLO SAILOR BLUE SOAP HOLDER,6,Own Brand,1.94,1.5,2010-08-26
2986,FAIRY SOAP SOAP HOLDER,6,Own Brand,1.94,1.5,2009-12-14
2987,HOT BATHS SOAP HOLDER,6,Own Brand,1.94,1.5,2010-02-21
2988,GIRLY PINK TOOL SET,5,Own Brand,5.69,4.71,2009-12-13
2989,LARGE TAHITI BEACH BAG,1,Own Brand,6.84,5.51,2010-03-05
2990,SMALL TAHITI BEACH BAG,1,Own Brand,5.35,4.31,2010-02-01
2991,SILVER DISCO HANDBAG,1,Own Brand,1.44,1.16,2010-08-19
2992,PINK DISCO HANDBAG,1,Own Brand,4.54,3.65,2010-08-16
2993,NEW BAROQUE BLACK PHOTO ALBUM,5,Own Brand,6.58,5.44,2010-07-14
2994,PINK BABY GIRLS PHOTO ALBUM,5,Own Brand,7.99,6.61,2010-01-19
2995,BLUE GEISHA GIRL,5,Own Brand,4.31,3.57,2010-06-09
2996,GREEN GEISHA GIRL,5,Own Brand,4.31,3.57,2010-06-09
2997,BLUE TRAVEL FIRST AID KIT,9,Own Brand,1.9,1.5,2011-07-11
2998,GREEN HEART COMPACT MIRROR,6,Own Brand,1.44,1.12,2011-09-28
2999,GREEN ROUND COMPACT MIRROR,6,Own Brand,1.44,1.12,2011-07-11
3000,BLUE ROUND COMPACT MIRROR,6,Own Brand,2.88,2.23,2010-09-20
3001,ASSORTED COLOUR BIRD ORNAMENT,6,Own Brand,1.94,1.5,2009-12-01
3002,WHITE WIRE EGG HOLDER,7,Own Brand,6.26,5.13,2009-12-18
3003,BLUE WIRE SPIRAL CANDLE HOLDER,6,Own Brand,7.3,5.66,2010-09-01
3004,ANT WHITE WIRE HEART SPIRAL,6,Own Brand,4.54,3.52,2010-03-23
3005,ANT WHITE IRON BASKET,1,Own Brand,6.84,5.51,2010-02-15
3006,YELLOW FLOWERS FELT HANDBAG KIT,1,Own Brand,2.42,1.95,2010-07-14
3007,YELLOW BROWN BEAR FELT PURSE KIT,1,Own Brand,1.44,1.16,2010-05-06
3008,YELLOW PURPLE DAISY FELT PURSE KIT,1,Own Brand,1.44,1.16,2010-08-26
3009,PINK BUTTERFLY CUSHION COVER,6,Own Brand,1.44,1.12,2010-03-05
3010,PINK B'FLY C/COVER W BOBBLES,5,Own Brand,6.84,5.66,2010-12-17
3011,PINK/YELLOW PATCH CUSHION COVER,6,Own Brand,8.8,6.82,2009-12-18
3012,PINK PAISLEY QUILT,5,Own Brand,14.66,12.13,2010-03-05
3013,PINK PAISLEY CUSHION COVER,6,Own Brand,6.84,5.3,2009-12-18
3014,PINK ROSE WASHBAG,1,Own Brand,4.31,3.47,2010-07-05
3015,GREEN ROSE WASHBAG,1,Own Brand,4.31,3.47,2010-09-09
3016,SOFT PINK ROSE TOWEL,2,Own Brand,5.35,4.27,2010-05-25
3017,MINT GREEN ROSE TOWEL,2,Own Brand,5.35,4.27,2010-06-24
3018,HAND TOWEL PINK FLOWER AND DAISY,4,Own Brand,1.44,1.2,2010-12-21
3019,HAND TOWEL PALE BLUE W FLOWERS,4,Own Brand,4.14,3.46,2010-12-21
3020,WHITE HAND TOWEL WITH BUTTERFLY,2,Own Brand,1.44,1.15,2011-01-17
3021,CREAM C/COVER W YELLOW/GREEN FLOWER,4,Own Brand,7.99,6.67,2009-12-18
3022,BLUE CUSHION COVER WITH FLOWER,6,Own Brand,7.99,6.19,2009-12-18
3023,PINK FLOWER FABRIC PONY,4,Own Brand,4.31,3.6,2010-05-12
3024,WAKE UP COCKEREL CALENDAR SIGN,6,Own Brand,4.31,3.34,2010-10-07
3025,LA PALMIERA METAL SIGN CALENDAR,6,Own Brand,0.29,0.22,2010-08-09
3026,PSYCHEDELIC METAL SIGN CALENDAR,6,Own Brand,0.29,0.22,2010-08-09
3027,LA PALMIERA WALL THERMOMETER,6,Own Brand,0.29,0.22,2010-09-28
3028,WAKE UP COCKEREL TILE COASTER,7,Own Brand,0.33,0.27,2011-07-11
3029,FAIRY CAKES TILE COASTER,7,Own Brand,1.44,1.18,2009-12-05
3030,LA PALMIERA TILE COASTER,7,Own Brand,0.33,0.27,2010-12-21
3031,PSYCHEDELIC TILE COASTER,7,Own Brand,1.44,1.18,2010-11-15
3032,WAKE UP COCKEREL TILE HOOK,6,Own Brand,2.42,1.88,2010-02-05
3033,LA PALMIERA TILE HOOK,6,Own Brand,2.42,1.88,2010-08-09
3034,FLOWERS TILE HOOK,6,Own Brand,1.25,0.97,2010-08-09
3035,PSYCHEDELIC TILE HOOK,6,Own Brand,2.42,1.88,2010-11-21
3036,ASSTD FRUIT+FLOWERS FRIDGE MAGNETS,4,Own Brand,0.63,0.53,2010-05-10
3037,PINK SCOTTIE DOG W FLOWER PATTERN,4,Own Brand,2.93,2.45,2011-07-19
3038,BLUE SCOTTIE DOG W FLOWER PATTERN,4,Own Brand,2.93,2.45,2011-08-26
3039,SMALL GREEN PEONY FOLDING STOOL,5,Own Brand,2.24,1.85,2009-12-04
3040,SMALL PINK PEONY FOLDING STOOL,5,Own Brand,2.24,1.85,2009-12-04
3041,SMALL ORIENTAL BLUE FOLDING STOOL,5,Own Brand,2.24,1.85,2009-12-04
3042,SMALL ORIENTAL RED FOLDING STOOL,5,Own Brand,2.24,1.85,2009-12-04
3043,LARGE GREEN PEONY FOLDING STOOL,5,Own Brand,11.44,9.47,2009-12-04
3044,LARGE PINK PEONY FOLDING STOOL,5,Own Brand,11.44,9.47,2009-12-04
3045,LARGE BLUE ORIENTAL FOLDING STOOL,5,Own Brand,11.44,9.47,2009-12-04
3046,ASSTD DESIGN POP ART SLIM PEN,6,Own Brand,0.98,0.76,2009-12-01
3047,KASHMIR FOLKART TUMBLERS,5,Own Brand,2.42,2.0,2010-01-22
3048,SET OF 6 KASHMIR FOLKART BAUBLES,5,Own Brand,4.89,4.05,2010-06-30
3049,MULTI COLOUR SILVER T-LIGHT HOLDER,6,Own Brand,0.98,0.76,2009-12-04
3050,ANTIQUE SILVER TEA GLASS ETCHED,5,Own Brand,1.44,1.19,2009-12-01
3051,ANTIQUE SILVER TEA GLASS ENGRAVED,5,Own Brand,1.44,1.19,2010-10-19
3052,SILVER HANGING T-LIGHT HOLDER DOME,6,Own Brand,1.9,1.47,2009-12-01
3053,SILVER HANGING T-LIGHT HOLDER,6,Own Brand,1.9,1.47,2009-12-18
3054,ASSORTED COLOUR T-LIGHT HOLDER,6,Own Brand,0.75,0.58,2010-08-23
3055,SET OF 4 PISTACHIO LOVEBIRD COASTER,7,Own Brand,2.93,2.4,2010-04-30
3056,SET OF 4 BLACK LOVEBIRD COASTERS,7,Own Brand,2.93,2.4,2010-04-30
3057,BLACK LOVE BIRD T-LIGHT HOLDER,6,Own Brand,4.31,3.34,2011-04-11
3058,PINK PAINTED KASHMIRI CHAIR,9,Own Brand,49.39,39.02,2010-12-05
3059,SET OF 16 VINTAGE ROSE CUTLERY,7,Own Brand,14.66,12.02,2010-01-13
3060,S/16 VINTAGE IVORY CUTLERY,7,Own Brand,14.66,12.02,2010-01-13
3061,SET OF 16 VINTAGE PISTACHIO CUTLERY,7,Own Brand,14.66,12.02,2010-01-22
3062,SET OF 16 VINTAGE RED CUTLERY,7,Own Brand,14.66,12.02,2010-01-22
3063,S/16 VINTAGE BLACK CUTLERY,7,Own Brand,14.66,12.02,2009-12-07
3064,SET OF 16 VINTAGE SKY BLUE CUTLERY,7,Own Brand,14.66,12.02,2010-01-22
3065,BOX OF 6 ASSORTED COLOUR TEASPOONS,7,Own Brand,4.89,4.01,2010-01-22
3066,SINGLE HEART ZINC T-LIGHT HOLDER,6,Own Brand,1.09,0.84,2009-12-14
3067,HANGING HEART ZINC T-LIGHT HOLDER,6,Own Brand,0.98,0.76,2009-12-01
3068,LARGE HEART FLOWERS HOOK,6,Own Brand,1.44,1.12,2009-12-07
3069,SMALL HEART FLOWERS HOOK,6,Own Brand,0.98,0.76,2010-05-10
3070,HEART SHAPED MIRROR,6,Own Brand,1.67,1.29,2009-12-18
3071,RECTANGULAR SHAPED MIRROR,6,Own Brand,0.91,0.71,2011-07-21
3072,HANGING HEART JAR T-LIGHT HOLDER,1,Own Brand,1.44,1.16,2009-12-14
3073,GREEN PEONY CUSHION COVER,6,Own Brand,3.39,2.63,2010-01-08
3074,RED PEONY DES C/COVER,5,Own Brand,5.35,4.43,2010-01-08
3075,ORIENTAL BLUE C/COVER,5,Own Brand,5.35,4.43,2010-01-08
3076,ORIENTAL RED C/COVER,5,Own Brand,5.35,4.43,2010-01-08
3077,SET OF 72 GREEN PAPER DOILIES,9,Own Brand,1.67,1.32,2010-01-10
3078,SET OF 72 BLACK PAPER DOILIES,9,Own Brand,1.67,1.32,2009-12-01
3079,SET OF 36 SILVER PAPER DOILIES,9,Own Brand,1.67,1.32,2009-12-01
3080,SET OF 36 TEATIME PAPER DOILIES,9,Own Brand,1.67,1.32,2009-12-08
3081,SET OF 72 PINK HEART PAPER DOILIES,6,Own Brand,1.67,1.29,2009-12-01
3082,75 GREEN FAIRY CAKE CASES,7,Own Brand,0.63,0.52,2010-04-28
3083,75 BLACK FAIRY CAKE CASES,7,Own Brand,0.63,0.52,2010-03-09
3084,60 GOLD AND SILVER FAIRY CAKE CASES,7,Own Brand,0.63,0.52,2009-12-01
3085,60 TEATIME FAIRY CAKE CASES,7,Own Brand,0.63,0.52,2009-12-20
3086,72 SWEETHEART FAIRY CAKE CASES,7,Own Brand,0.63,0.52,2009-12-20
3087,75 GREEN PETIT FOUR CASES,1,Own Brand,0.48,0.39,2010-03-09
3088,75 BLACK PETIT FOUR CASES,1,Own Brand,0.48,0.39,2010-03-09
3089,GREEN 3 PIECE MINI DOTS CUTLERY SET,7,Own Brand,4.31,3.53,2009-12-03
3090,RED 3 PIECE MINI DOTS CUTLERY SET,7,Own Brand,4.31,3.53,2009-12-06
3091,BLUE 3 PIECE MINI DOTS CUTLERY SET,7,Own Brand,4.31,3.53,2009-12-06
3092,CHILDRENS CUTLERY POLKADOT PINK,7,Own Brand,4.31,3.53,2009-12-03
3093,SET 4 NURSERY DES ROUND BOXES,1,Own Brand,3.39,2.73,2009-12-01
3094,SET OF 3 VINTAGE TEA TIME BOXES,1,Own Brand,5.35,4.31,2010-02-05
3095,SET OF 3 CONEY ISLAND OVAL BOXES,1,Own Brand,5.69,4.58,2010-01-08
3096,BLACK/BLUE POLKADOT UMBRELLA,10,Own Brand,6.84,5.56,2009-12-01
3097,RED RETROSPOT UMBRELLA,10,Own Brand,6.84,5.56,2009-12-01
3098,BLUE/BROWN DOTS RUFFLED UMBRELLA,10,Own Brand,6.84,5.56,2009-12-01
3099,PINK/BROWN DOTS RUFFLED UMBRELLA,10,Own Brand,6.84,5.56,2009-12-01
3100,SET OF 12 VINTAGE POSTCARD SET,9,Own Brand,2.93,2.31,2010-01-08
3101,SET OF 6 VINTAGE NOTELETS KIT,9,Own Brand,2.93,2.31,2010-01-22
3102,ENVELOPE 50 ROMANTIC IMAGES,9,Own Brand,0.98,0.77,2009-12-04
3103,ENVELOPE 50 BLOSSOM IMAGES,9,Own Brand,0.98,0.77,2009-12-04
3104,ENVELOPE 50 CURIOUS IMAGES,9,Own Brand,0.98,0.77,2009-12-04
3105,YULETIDE IMAGES S/6 PAPER BOXES,1,Own Brand,1.96,1.58,2010-09-17
3106,BLOSSOM IMAGES NOTEBOOK SET,9,Own Brand,1.44,1.14,2010-05-13
3107,CURIOUS IMAGES NOTEBOOK SET,9,Own Brand,4.89,3.86,2010-05-13
3108,ROUND PINK HEART MIRROR,6,Own Brand,2.42,1.88,2010-11-10
3109,EAU DE NILE JEWELLED PHOTOFRAME,6,Own Brand,2.93,2.27,2010-09-21
3110,EAU DE NILE JEWELLED PHOTOFRAME,6,Own Brand,1.9,1.47,2010-09-21
3111,EAU DE NILE HEART SHAPE PHOTO FRAME,6,Own Brand,1.9,1.47,2010-10-26
3112,FRENCH CHATEAU LARGE PLATTER,10,Own Brand,2.24,1.82,2010-03-09
3113,FRENCH CHATEAU LARGE FRUIT BOWL,7,Own Brand,1.84,1.51,2010-08-26
3114,FRENCH CHATEAU SMALL FRUITBOWL,7,Own Brand,1.44,1.18,2010-03-09
3115,FRENCH CHATEAU OVAL PLATTER,10,Own Brand,5.69,4.62,2010-03-09
3116,ROMANTIC IMAGES SCRAP BOOK SET,5,Own Brand,3.57,2.95,2010-06-18
3117,BLOSSOM IMAGES SCRAP BOOK SET,5,Own Brand,5.69,4.71,2010-07-02
3118,CURIOUS IMAGES SCRAP BOOK SET,5,Own Brand,1.44,1.19,2010-09-06
3119,ROMANTIC IMAGES GIFT WRAP SET,8,Own Brand,2.42,1.84,2010-01-22
3120,BLOSSOM IMAGES GIFT WRAP SET,8,Own Brand,0.75,0.57,2010-01-22
3121,CURIOUS IMAGES GIFT WRAP SET,8,Own Brand,2.42,1.84,2010-05-25
3122,YULETIDE IMAGES GIFT WRAP SET,8,Own Brand,2.18,1.66,2010-08-04
3123,SET/6 GOLD REINDEER T-LIGHT CANDLES,3,Own Brand,1.5,1.12,2009-12-04
3124,SET/6 SILVER REINDEER T-LIGHTS,3,Own Brand,2.24,1.67,2009-12-04
3125,3 GARDENIA MORRIS BOXED CANDLES,1,Own Brand,4.89,3.94,2010-12-03
3126,3 WHITE CHOC MORRIS BOXED CANDLES,1,Own Brand,4.89,3.94,2010-09-17
3127,3 ROSE MORRIS BOXED CANDLES,1,Own Brand,3.16,2.54,2010-09-17
3128,GARDENIA 3 WICK MORRIS BOXED CANDLE,1,Own Brand,4.89,3.94,2010-08-27
3129,CHOCOLATE 3 WICK MORRIS BOX CANDLE,1,Own Brand,4.89,3.94,2010-08-27
3130,ROSE 3 WICK MORRIS BOX CANDLE,1,Own Brand,4.89,3.94,2010-08-27
3131,GARDENIA 1 WICK MORRIS BOXED CANDLE,1,Own Brand,4.89,3.94,2011-10-11
3132,CHOCOLATE 1 WICK MORRIS BOX CANDLE,1,Own Brand,4.89,3.94,2010-12-03
3133,ROSE 1 WICK MORRIS BOXED CANDLE,1,Own Brand,4.89,3.94,2011-10-11
3134,6 CHOCOLATE LOVE HEART T-LIGHTS,6,Own Brand,2.42,1.88,2009-12-09
3135,SET/4 RED MINI ROSE CANDLE IN BOWL,7,Own Brand,1.9,1.56,2010-08-10
3136,S/4 IVORY MINI ROSE CANDLE IN BOWL,7,Own Brand,1.67,1.37,2010-05-26
3137,S/4 PINK FLOWER CANDLES IN BOWL,7,Own Brand,1.9,1.56,2010-02-16
3138,SET/4 BLUE FLOWER CANDLES IN BOWL,7,Own Brand,1.9,1.56,2010-04-08
3139,SET/4 PINK ORCHID CANDLES IN BOWL,7,Own Brand,1.9,1.56,2010-05-26
3140,ANTIQUE LILY FAIRY LIGHTS,6,Own Brand,5.69,4.41,2009-12-07
3141,GREEN CHRISTMAS TREE STRING 20LIGHT,3,Own Brand,5.69,4.24,2011-08-17
3142,WHITE BEADED GARLAND STRING 20LIGHT,8,Own Brand,7.3,5.55,2010-03-12
3143,15CM CHRISTMAS GLASS BALL 20 LIGHTS,3,Own Brand,9.14,6.81,2010-10-20
3144,TRADITIONAL CHRISTMAS RIBBONS,3,Own Brand,1.44,1.07,2009-12-09
3145,LUSH GREENS RIBBONS,8,Own Brand,1.44,1.09,2009-12-14
3146,ROMANTIC PINKS RIBBONS,8,Own Brand,1.44,1.09,2009-12-03
3147,BRIGHT BLUES RIBBONS,8,Own Brand,1.44,1.09,2010-02-03
3148,SCANDINAVIAN REDS RIBBONS,8,Own Brand,1.44,1.09,2009-12-01
3149,BABY BOOM RIBBONS,8,Own Brand,1.44,1.09,2009-12-03
3150,CHOCOLATE BOX RIBBONS,8,Own Brand,1.44,1.09,2010-03-26
3151,URBAN BLACK RIBBONS,8,Own Brand,1.44,1.09,2010-02-01
3152,FRENCH ENAMEL CANDLEHOLDER,6,Own Brand,2.42,1.88,2009-12-05
3153,FRENCH ENAMEL POT W LID,5,Own Brand,3.39,2.81,2010-07-02
3154,FRENCH ENAMEL UTENSIL HOLDER,6,Own Brand,4.31,3.34,2009-12-05
3155,FRENCH ENAMEL WATER BASIN,5,Own Brand,4.31,3.57,2010-01-13
3156,WOOD FAN WITH FLOWER DESIGN,6,Own Brand,1.44,1.12,2010-06-03
3157,WHITE JEWELLED HEART DECORATION,6,Own Brand,0.98,0.76,2010-11-10
3158,PEARL CRYSTAL PUMPKIN T-LIGHT HLDR,6,Own Brand,1.9,1.47,2010-05-20
3159,CREAM SWEETHEART MAGAZINE RACK,6,Own Brand,19.49,15.1,2009-12-06
3160,CREAM SWEETHEART LETTER RACK,6,Own Brand,6.27,4.86,2010-05-19
3161,CREAM SWEETHEART TRAYS,7,Own Brand,14.66,12.02,2009-12-18
3162,CREAM SWEETHEART MINI CHEST,6,Own Brand,14.66,11.36,2009-12-07
3163,CREAM SWEETHEART WALL CABINET,6,Own Brand,21.79,16.89,2010-04-28
3164,CREAM SWEETHEART SHELF + HOOKS,6,Own Brand,9.14,7.08,2010-05-19
3165,BLUE CHARLIE+LOLA PERSONAL DOORSIGN,6,Own Brand,0.45,0.35,2010-09-30
3166,RED CHARLIE+LOLA PERSONAL DOORSIGN,6,Own Brand,3.39,2.63,2010-10-07
3167,"CHARLIE+LOLA""EXTREMELY BUSY"" SIGN",6,Own Brand,0.44,0.34,2011-05-17
3168,OCCASIONS GIFT CARD ASSORTMENT,9,Own Brand,0.63,0.5,2009-12-10
3169,SCANDINAVIAN 3 HEARTS NAPKIN RING,7,Own Brand,0.75,0.61,2010-09-28
3170,CANDY SPOT HEART DECORATION,6,Own Brand,0.98,0.76,2010-01-15
3171,CANDY SPOT CUSHION COVER,6,Own Brand,3.39,2.63,2010-08-27
3172,CANDY SPOT HAND BAG,1,Own Brand,2.42,1.95,2010-10-04
3173,CANDY SPOT BUNNY,5,Own Brand,3.39,2.81,2009-12-02
3174,CANDY SPOT APRON,7,Own Brand,5.35,4.39,2010-05-21
3175,CANDY SPOT TEA COSY,5,Own Brand,3.85,3.19,2010-03-09
3176,CANDY SPOT EGG WARMER HARE,7,Own Brand,1.44,1.18,2010-01-08
3177,CANDY SPOT EGG WARMER RABBIT,7,Own Brand,0.22,0.18,2011-01-07
3178,THREE CANVAS LUGGAGE TAGS,5,Own Brand,2.24,1.85,2011-03-10
3179,HILDA CANDY SPOT RABBIT,5,Own Brand,4.31,3.57,2010-10-07
3180,BLUE ROCKING SINGING CANARY,5,Own Brand,4.31,3.57,2010-02-03
3181,BLUE FLYING SINGING CANARY,5,Own Brand,4.31,3.57,2010-03-05
3182,JUMBO BAG RED RETROSPOT,1,Own Brand,2.24,1.8,2009-12-01
3183,JUMBO BAG BAROQUE BLACK WHITE,1,Own Brand,2.24,1.8,2009-12-23
3184,JUMBO BAG STRAWBERRY,1,Own Brand,2.24,1.8,2009-12-14
3185,PINK BOUDOIR T-LIGHT HOLDER,6,Own Brand,0.08,0.06,2010-08-09
3186,SILVER GLITTER FLOWER VOTIVE HOLDER,6,Own Brand,1.44,1.12,2010-12-03
3187,POLKA DOT PISTACHIO PAIL,5,Own Brand,2.42,2.0,2010-01-31
3188,BLACK ENCHANTED FOREST PLACEMAT,8,Own Brand,1.9,1.44,2010-10-13
3189,IVORY ENCHANTED FOREST PLACEMAT,8,Own Brand,1.9,1.44,2010-01-25
3190,RED ENCHANTED FOREST PLACEMAT,8,Own Brand,1.9,1.44,2009-12-05
3191,BLACK CANDELABRA T-LIGHT HOLDER,6,Own Brand,2.42,1.88,2010-12-07
3192,NIGHTINGALE COATHOOK WHITE,7,Own Brand,1.9,1.56,2010-01-08
3193,HEART T-LIGHT HOLDER,6,Own Brand,0.44,0.34,2010-09-15
3194,WATERING CAN SINGLE HOOK PISTACHIO,6,Own Brand,1.94,1.5,2010-05-10
3195,RETRO LAUNDRY TUB PINK,5,Own Brand,9.77,8.08,2009-12-18
3196,RETRO LAUNDRY TUB PISTACHIO,5,Own Brand,9.77,8.08,2009-12-18
3197,WHITE HANGING HEART T-LIGHT HOLDER,6,Own Brand,3.39,2.63,2009-12-01
3198,PINK JUICY FRUIT PHOTO FRAME,6,Own Brand,2.68,2.08,2010-01-27
3199,BLUE JUICY FRUIT PHOTO FRAME,6,Own Brand,2.93,2.27,2010-09-21
3200,GREEN JUICY FRUIT PHOTO FRAME,6,Own Brand,2.93,2.27,2010-08-19
3201,LARGE ROUND CUTGLASS CANDLESTICK,6,Own Brand,7.76,6.01,2010-11-23
3202,SMALL SQUARE CUT GLASS CANDLESTICK,6,Own Brand,5.69,4.41,2011-02-09
3203,"WHITE PEARL BEADED HEART, SMALL",6,Own Brand,1.44,1.12,2010-01-15
3204,BEADED CRYSTAL HEART GREEN SMALL,6,Own Brand,1.44,1.12,2010-11-08
3205,BEADED CRYSTAL HEART BLUE SMALL,6,Own Brand,1.44,1.12,2009-12-14
3206,BEADED PEARL HEART WHITE LARGE,6,Own Brand,1.9,1.47,2010-01-15
3207,BEADED CRYSTAL HEART GREEN LARGE,6,Own Brand,0.91,0.71,2011-10-17
3208,BEADED CRYSTAL HEART BLUE LARGE,6,Own Brand,0.91,0.71,2011-11-10
3209,BEADED PEARL HEART WHITE ON STICK,6,Own Brand,1.44,1.12,2010-05-10
3210,BEADED CRYSTAL HEART BLUE ON STICK,6,Own Brand,0.96,0.74,2010-10-13
3211,BEADED CRYSTAL HEART PINK ON STICK,6,Own Brand,0.48,0.37,2010-09-28
3212,CHARLIE + LOLA BISCUITS TINS,7,Own Brand,4.54,3.72,2009-12-18
3213,CHARLIE AND LOLA TABLE TINS,7,Own Brand,11.44,9.38,2009-12-18
3214,CHARLIE AND LOLA FIGURES TINS,7,Own Brand,2.24,1.84,2009-12-18
3215,RED DRAGONFLY HELICOPTER,5,Own Brand,9.14,7.56,2010-12-20
3216,YELLOW SHARK HELICOPTER,5,Own Brand,9.14,7.56,2010-02-23
3217,RED SHARK HELICOPTER,5,Own Brand,9.14,7.56,2011-07-22
3218,JARDIN ETCHED GLASS FRUITBOWL,7,Own Brand,12.36,10.13,2010-03-09
3219,JARDIN ETCHED GLASS GINGER JAR,1,Own Brand,9.14,7.36,2010-03-09
3220,JARDIN ETCHED GLASS CHEESE DISH,1,Own Brand,8.34,6.71,2010-09-01
3221,LADIES & GENTLEMEN METAL SIGN,6,Own Brand,2.93,2.27,2009-12-05
3222,HAND OVER THE CHOCOLATE SIGN,6,Own Brand,2.42,1.88,2009-12-05
3223,"BLACK TEA,COFFEE,SUGAR JARS",1,Own Brand,2.24,1.8,2011-07-11
3224,"WHITE TEA,COFFEE,SUGAR JARS",1,Own Brand,2.24,1.8,2010-07-06
3225,WHITE BIRD GARDEN DESIGN MUG,7,Own Brand,1.44,1.18,2010-04-21
3226,ACRYLIC GEOMETRIC LAMP,6,Own Brand,21.79,16.89,2011-03-16
3227,SILVER RETRODISC LAMPSHADE,6,Own Brand,2.24,1.74,2010-04-01
3228,BLACK RETRODISC LAMPSHADE,6,Own Brand,2.24,1.74,2010-01-13
3229,WHITE RETRODISC LAMPSHADE,6,Own Brand,2.24,1.74,2010-01-13
3230,WHITE BAROQUE WALL CLOCK,6,Own Brand,14.66,11.36,2010-03-05
3231,BLACK BAROQUE WALL CLOCK,6,Own Brand,14.66,11.36,2010-05-10
3232,BLACK BAROQUE CUCKOO CLOCK,6,Own Brand,14.66,11.36,2010-03-04
3233,BLACK METAL BAROQUE PHOTO FRAME,6,Own Brand,4.31,3.34,2010-01-27
3234,BLACK GRAND BAROQUE PHOTO FRAME,6,Own Brand,3.16,2.45,2010-09-15
3235,BLACK BAROQUE CARRIAGE CLOCK,6,Own Brand,11.44,8.87,2011-06-20
3236,IVORY LOVE BIRD CANDLE,6,Own Brand,1.44,1.12,2010-08-26
3237,BLACK LOVE BIRD CANDLE,6,Own Brand,1.44,1.12,2010-09-09
3238,EAU DE NIL LOVE BIRD CANDLE,6,Own Brand,0.96,0.74,2010-03-22
3239,PINK LOVE BIRD CANDLE,6,Own Brand,1.44,1.12,2010-03-22
3240,SET/6 IVORY BIRD T-LIGHT CANDLES,6,Own Brand,2.18,1.69,2010-05-26
3241,SET/6 EAU DE NIL BIRD T-LIGHTS,6,Own Brand,2.42,1.88,2010-03-02
3242,SET/6 PINK BIRD T-LIGHT CANDLES,6,Own Brand,2.42,1.88,2010-12-21
3243,HYACINTH BULB T-LIGHT CANDLES,6,Own Brand,0.48,0.37,2010-05-26
3244,SET/6 FROG PRINCE T-LIGHT CANDLES,6,Own Brand,2.93,2.27,2010-01-08
3245,S/4 CACTI CANDLES,6,Own Brand,5.69,4.41,2009-12-20
3246,CACTI T-LIGHT CANDLES,6,Own Brand,0.48,0.37,2010-01-14
3247,SEWING SUSAN 21 NEEDLE SET,5,Own Brand,0.98,0.81,2010-03-05
3248,BASKET OF FLOWERS SEWING KIT,1,Own Brand,0.98,0.79,2009-12-08
3249,VICTORIAN SEWING KIT,9,Own Brand,1.44,1.14,2010-02-01
3250,GREEN BITTY LIGHT CHAIN,6,Own Brand,5.35,4.15,2011-07-28
3251,PINK BITTY LIGHT CHAIN,6,Own Brand,5.35,4.15,2011-07-28
3252,RED HEARTS LIGHT CHAIN,6,Own Brand,5.35,4.15,2011-07-28
3253,PINK HEARTS LIGHT CHAIN,6,Own Brand,5.35,4.15,2010-10-07
3254,CHARLIE & LOLA WASTEPAPER BIN BLUE,9,Own Brand,1.44,1.14,2009-12-03
3255,CHARLIE & LOLA WASTEPAPER BIN FLORA,9,Own Brand,1.44,1.14,2009-12-03
3256,S/4 VALENTINE DECOUPAGE HEART BOX,7,Own Brand,3.39,2.78,2009-12-18
3257,S/4 BLUE ROUND DECOUPAGE BOXES,1,Own Brand,3.39,2.73,2010-01-15
3258,PINK HORSE SOCK PUPPET,5,Own Brand,3.39,2.81,2010-07-27
3259,FROG SOCK PUPPET,5,Own Brand,3.39,2.81,2010-07-27
3260,EASTER BUNNY GARLAND OF FLOWERS,3,Own Brand,0.48,0.36,2009-12-07
3261,BUNNY EGG GARLAND,8,Own Brand,0.48,0.36,2009-12-07
3262,S/12 MINI RABBIT EASTER,3,Own Brand,1.9,1.42,2010-01-21
3263,GREEN METAL SWINGING BUNNY,5,Own Brand,0.98,0.81,2010-01-14
3264,HANGING BUTTERFLY EGG,7,Own Brand,0.83,0.68,2009-12-18
3265,HANGING SPRING FLOWER EGG LARGE,7,Own Brand,0.83,0.68,2009-12-07
3266,HANGING SPRING FLOWER EGG SMALL,7,Own Brand,0.75,0.61,2011-04-26
3267,HANGING HEART BASKET,1,Own Brand,2.18,1.75,2009-12-18
3268,EASTER BUNNIES ON A STICK,3,Own Brand,0.63,0.47,2009-12-07
3269,SET OF 12 MINI BUNNIES IN A BUCKET,4,Own Brand,2.42,2.02,2010-01-27
3270,ASSORTED FARMYARD ANIMALS IN BUCKET,4,Own Brand,0.98,0.82,2009-12-07
3271,LARGE HANGING IVORY & RED WOOD BIRD,6,Own Brand,0.75,0.58,2009-12-01
3272,SMALL HANGING IVORY/RED WOOD BIRD,6,Own Brand,0.48,0.37,2009-12-01
3273,BUNNY EGG BOX,7,Own Brand,1.44,1.18,2009-12-07
3274,HANGING WOOD AND FELT HEART,6,Own Brand,0.48,0.37,2010-05-24
3275,HANGING WOOD AND FELT BUTTERFLY,6,Own Brand,0.48,0.37,2010-10-07
3276,HANGING WOOD AND FELT FLOWER,6,Own Brand,0.14,0.11,2010-10-07
3277,PINK FELT EASTER RABBIT GARLAND,3,Own Brand,2.93,2.18,2010-01-12
3278,CREAM FELT EASTER EGG BASKET,3,Own Brand,1.9,1.42,2009-12-01
3279,PINK FELT EASTER EGG BASKET,3,Own Brand,1.9,1.42,2010-01-12
3280,S/4 GROOVY CAT MAGNETS,5,Own Brand,1.9,1.57,2011-03-04
3281,MINI PAINTED GARDEN DECORATION,6,Own Brand,0.33,0.26,2010-03-22
3282,MINI ZINC GARDEN DECORATIONS,6,Own Brand,0.98,0.76,2010-03-22
3283,ASSORTED CHEESE FRIDGE MAGNETS,5,Own Brand,0.75,0.62,2009-12-23
3284,ASSORTED CAKES FRIDGE MAGNETS,7,Own Brand,0.75,0.61,2009-12-01
3285,ASSORTED ICE CREAM FRIDGE MAGNETS,5,Own Brand,0.75,0.62,2009-12-13
3286,S/5 MINI ICE CREAM FRIDGE MAGNETS,5,Own Brand,1.0,0.83,2010-01-14
3287,SMALL FAIRY CAKE FRIDGE MAGNETS,7,Own Brand,1.9,1.56,2010-01-14
3288,ASSORTED COLOUR SILK COIN PURSE,1,Own Brand,0.94,0.76,2010-01-08
3289,ASSORTED COLOUR SILK COSMETIC PURSE,1,Own Brand,2.42,1.95,2010-01-08
3290,WHITE/BLUE PULL BACK RACING CAR,5,Own Brand,0.63,0.52,2009-12-10
3291,BLUE PULL BACK RACING CAR,5,Own Brand,0.63,0.52,2010-07-08
3292,SET OF 6 3D KIT CARDS FOR KIDS,9,Own Brand,0.98,0.77,2009-12-02
3293,OPIUM SCENTED VOTIVE CANDLE,6,Own Brand,0.33,0.26,2009-12-13
3294,CINNAMON SCENTED VOTIVE CANDLE,6,Own Brand,0.33,0.26,2010-09-20
3295,STRAWBRY SCENTED VOTIVE CANDLE,6,Own Brand,0.33,0.26,2011-02-18
3296,JASMINE VOTIVE CANDLE,6,Own Brand,0.33,0.26,2009-12-13
3297,ORANGE VOTIVE CANDLE,6,Own Brand,0.33,0.26,2011-02-18
3298,CINAMMON SET OF 9 T-LIGHTS,6,Own Brand,0.98,0.76,2010-02-08
3299,STRAWBERRY SCENTED SET/9 T-LIGHTS,6,Own Brand,0.98,0.76,2010-02-08
3300,ORANGE SCENTED SET/9 T-LIGHTS,6,Own Brand,0.98,0.76,2010-11-29
3301,LAVENDER SCENTED SET/9 T-LIGHTS,6,Own Brand,0.98,0.76,2010-02-08
3302,SET/3 POLKA DOT STACKING TINS,7,Own Brand,5.69,4.67,2009-12-03
3303,SET/3 RUSSIAN DOLL STACKING TINS,7,Own Brand,5.69,4.67,2009-12-01
3304,SET/3 DECOUPAGE STACKING TINS,7,Own Brand,5.69,4.67,2009-12-16
3305,ANTIQUE MID BLUE FLOWER EARRINGS,4,Own Brand,4.89,4.08,2011-08-25
3306,ANTIQUE OLIVE GREEN FLOWER EARRINGS,4,Own Brand,4.89,4.08,2011-08-25
3307,MIDNIGHT BLUE VINTAGE EARRINGS,10,Own Brand,4.31,3.5,2011-08-08
3308,GREEN VINTAGE EARRINGS,10,Own Brand,4.31,3.5,2011-09-05
3309,SILVER M.O.P ORBIT DROP EARRINGS,10,Own Brand,4.89,3.97,2010-11-05
3310,SILVER BLACK ORBIT DROP EARRINGS,10,Own Brand,4.89,3.97,2011-08-25
3311,SILVER M.O.P ORBIT BRACELET,10,Own Brand,5.69,4.62,2010-11-05
3312,NEW BAROQUE B'FLY NECKLACE RED,10,Own Brand,9.77,7.94,2011-08-25
3313,SPOTTED WHITE NATURAL SEED NECKLACE,4,Own Brand,1.15,0.96,2011-09-22
3314,RED KUKUI COCONUT SEED NECKLACE,4,Own Brand,1.15,0.96,2011-09-22
3315,BROWN KUKUI COCONUT SEED NECKLACE,4,Own Brand,1.15,0.96,2011-09-22
3316,BILI NUT AND WOOD NECKLACE,10,Own Brand,1.15,0.93,2011-09-26
3317,"FLOWER GLASS GARLD NECKL36""AMETHYST",4,Own Brand,9.14,7.63,2011-08-25
3318,TINY CRYSTAL BRACELET GREEN,7,Own Brand,2.93,2.4,2011-02-03
3319,DIAMANTE RING ASSORTED IN BOX.,1,Own Brand,1.44,1.16,2011-11-20
3320,DIAMANTE HAIR GRIP PACK/2 CRYSTAL,5,Own Brand,1.9,1.57,2010-09-09
3321,DIAMANTE HAIR GRIP PACK/2 BLACK DIA,5,Own Brand,1.9,1.57,2010-09-09
3322,DIAMANTE HAIR GRIP PACK/2 MONTANA,5,Own Brand,1.9,1.57,2010-01-08
3323,DIAMANTE HAIR GRIP PACK/2 PERIDOT,5,Own Brand,1.9,1.57,2010-09-09
3324,DIAMANTE HAIR GRIP PACK/2 RUBY,5,Own Brand,1.9,1.57,2010-09-09
3325,DIAMANTE HAIR GRIP PACK/2 LT ROSE,5,Own Brand,1.9,1.57,2010-09-09
3326,RUBY GLASS CLUSTER BRACELET,10,Own Brand,6.84,5.56,2011-08-08
3327,CRYSTAL SEA HORSE PHONE CHARM,5,Own Brand,0.98,0.81,2011-10-07
3328,BLUE CRYSTAL BOOT PHONE CHARM,5,Own Brand,0.98,0.81,2010-06-23
3329,CLEAR CRYSTAL STAR PHONE CHARM,5,Own Brand,0.98,0.81,2010-06-23
3330,NECKLACE+BRACELET PINK BUTTERFLY,10,Own Brand,2.93,2.38,2010-11-12
3331,NECKLACE+BRACELET SET BLUE HIBISCUS,10,Own Brand,2.93,2.38,2011-10-04
3332,PURPLE FRANGIPANI HAIRCLIP,5,Own Brand,0.98,0.81,2010-09-09
3333,BLUE BLOSSOM HAIR CLIP,5,Own Brand,1.21,1.0,2011-01-19
3334,SUMMER DAISIES BAG CHARM,1,Own Brand,2.93,2.36,2010-06-23
3335,SUMMER BUTTERFLIES BAG CHARM,1,Own Brand,2.93,2.36,2010-06-23
3336,FRUIT SALAD BAG CHARM,1,Own Brand,1.94,1.56,2010-06-23
3337,METALIC LEAVES BAG CHARMS,1,Own Brand,2.93,2.36,2010-06-23
3338,BLUE MURANO TWIST BRACELET,10,Own Brand,4.89,3.97,2011-08-25
3339,AQUA BERTIE GLASS BEAD BAG CHARM,1,Own Brand,2.42,1.95,2010-09-15
3340,PURPLE BERTIE GLASS BEAD BAG CHARM,1,Own Brand,2.42,1.95,2010-09-15
3341,PINK BERTIE MOBILE PHONE CHARM,5,Own Brand,1.94,1.61,2010-06-23
3342,AMBER BERTIE MOBILE PHONE CHARM,5,Own Brand,1.94,1.61,2010-06-23
3343,PINK LEAVES AND BEADS PHONE CHARM,5,Own Brand,1.44,1.19,2010-06-23
3344,BLUE LEAVES AND BEADS PHONE CHARM,5,Own Brand,1.44,1.19,2010-06-23
3345,GREEN LEAVES AND BEADS PHONE CHARM,5,Own Brand,1.44,1.19,2010-06-23
3346,PINK GLASS TASSLE BAG CHARM,1,Own Brand,3.39,2.73,2010-06-23
3347,RED GLASS TASSLE BAG CHARM,1,Own Brand,3.39,2.73,2010-06-23
3348,SILVER HOOP EARRINGS WITH FLOWER,4,Own Brand,6.84,5.71,2011-08-25
3349,PURPLE BOUDICCA LARGE BRACELET,10,Own Brand,7.99,6.49,2011-09-26
3350,RED BOUDICCA LARGE BRACELET,10,Own Brand,7.99,6.49,2011-09-26
3351,TURQ+RED BOUDICCA LARGE BRACELET,10,Own Brand,7.99,6.49,2011-09-26
3352,PINK BOUDICCA LARGE BRACELET,10,Own Brand,7.99,6.49,2011-09-26
3353,ANT COPPER TURQ BOUDICCA BRACELET,10,Own Brand,5.69,4.62,2011-09-26
3354,ANT COPPER LIME BOUDICCA BRACELET,10,Own Brand,5.69,4.62,2011-09-26
3355,ANT COPPER PINK BOUDICCA BRACELET,10,Own Brand,5.69,4.62,2011-09-26
3356,ANT SILVER TURQUOISE BOUDICCA RING,10,Own Brand,3.39,2.75,2011-11-07
3357,ANT SILVER LIME GREEN BOUDICCA RING,10,Own Brand,3.39,2.75,2011-11-07
3358,PINK ROSEBUD PEARL BRACELET,10,Own Brand,8.62,7.0,2011-08-25
3359,BEADED LOVE HEART JEWELLERY SET,6,Own Brand,0.98,0.76,2010-01-07
3360,2 DAISIES HAIR COMB,5,Own Brand,3.39,2.81,2010-09-09
3361,DAISY HAIR BAND,5,Own Brand,1.9,1.57,2010-09-09
3362,PAIR BUTTERFLY HAIR CLIPS,5,Own Brand,4.31,3.57,2011-05-19
3363,WHITE GLASS CHUNKY CHARM BRACELET,10,Own Brand,10.29,8.36,2010-08-31
3364,AMETHYST CHUNKY BEAD BRACELET W STR,10,Own Brand,10.29,8.36,2011-09-09
3365,BLACK CHUNKY BEAD BRACELET W STRAP,10,Own Brand,10.29,8.36,2011-09-09
3366,JADE DROP EARRINGS W FILIGREE,10,Own Brand,5.69,4.62,2011-09-05
3367,PURPLE SWEETHEART BRACELET,6,Own Brand,4.89,3.79,2010-10-29
3368,BLACK SWEETHEART BRACELET,6,Own Brand,4.89,3.79,2010-10-29
3369,BLUE SWEETHEART BRACELET,6,Own Brand,4.89,3.79,2010-10-29
3370,PINK SWEETHEART BRACELET,6,Own Brand,4.89,3.79,2010-10-29
3371,GREEN SWEETHEART BRACELET,6,Own Brand,4.89,3.79,2010-10-05
3372,PURPLE ENAMEL FLOWER RING,4,Own Brand,3.39,2.83,2011-09-26
3373,BLACK ENAMEL FLOWER RING,4,Own Brand,3.39,2.83,2011-09-26
3374,RED ENAMEL FLOWER RING,4,Own Brand,3.39,2.83,2011-09-26
3375,GREEN ENAMEL FLOWER RING,4,Own Brand,3.39,2.83,2011-09-26
3376,PINK ENAMEL FLOWER HAIR TIE,4,Own Brand,3.39,2.83,2011-05-19
3377,PAIR OF ENAMEL BUTTERFLY HAIRCLIP,5,Own Brand,3.85,3.19,2011-06-30
3378,PAIR OF ENAMEL FLOWER CLUSTER SLIDE,4,Own Brand,2.93,2.45,2010-09-09
3379,PURPLE ENAMEL+GLASS HAIR COMB,5,Own Brand,2.42,2.0,2010-09-09
3380,"LETTER ""C"" BLING KEY RING",10,Own Brand,1.44,1.17,2010-11-23
3381,"LETTER ""E"" BLING KEY RING",10,Own Brand,1.44,1.17,2010-11-23
3382,"LETTER ""L"" BLING KEY RING",10,Own Brand,1.44,1.17,2010-11-23
3383,"LETTER ""S"" BLING KEY RING",10,Own Brand,1.44,1.17,2010-11-23
