order_id,customer_id,store_id,order_date,order_status,payment_method,shipping_cost,n_items
1,12682,13,2009-12-01,Completed,Unknown,0.0,18
2,12615,13,2009-12-01,Returned,Unknown,0.0,1
3,12758,28,2009-12-01,Completed,Unknown,0.0,79
4,16321,1,2009-12-01,Returned,Unknown,0.0,9
5,12533,14,2009-12-01,Completed,Unknown,0.0,43
6,16321,1,2009-12-01,Completed,Unknown,0.0,9
7,12490,13,2009-12-01,Completed,Unknown,0.0,20
8,12471,14,2009-12-02,Returned,Unknown,0.0,2
9,12755,19,2009-12-02,Returned,Unknown,0.0,3
10,12523,13,2009-12-02,Returned,Unknown,0.0,1
11,12435,10,2009-12-02,Completed,Unknown,0.0,1
12,12437,13,2009-12-02,Completed,Unknown,0.0,26
13,14646,24,2009-12-02,Completed,Unknown,0.0,20
14,14646,24,2009-12-02,Completed,Unknown,0.0,3
15,12705,14,2009-12-03,Returned,Unknown,0.0,3
16,12484,32,2009-12-03,Returned,Unknown,0.0,2
17,12779,27,2009-12-03,Completed,Unknown,0.0,22
18,14277,13,2009-12-03,Returned,Unknown,0.0,17
19,12577,13,2009-12-03,Completed,Unknown,0.0,13
20,14564,7,2009-12-04,Completed,Unknown,0.0,39
21,12714,13,2009-12-04,Completed,Unknown,0.0,28
22,12759,24,2009-12-04,Completed,Unknown,0.0,21
23,12510,32,2009-12-04,Completed,Unknown,0.0,16
24,12525,13,2009-12-04,Returned,Unknown,0.0,3
25,12349,18,2009-12-04,Returned,Unknown,0.0,5
26,12359,8,2009-12-05,Completed,Unknown,0.0,32
27,12583,13,2009-12-06,Completed,Unknown,0.0,22
28,13813,14,2009-12-06,Completed,Unknown,0.0,12
29,12417,4,2009-12-06,Completed,Unknown,0.0,17
30,12677,13,2009-12-07,Returned,Unknown,0.0,2
31,12424,1,2009-12-07,Returned,Unknown,0.0,2
32,12471,14,2009-12-07,Completed,Unknown,0.0,28
33,12471,14,2009-12-07,Completed,Unknown,0.0,10
34,17508,15,2009-12-07,Completed,Unknown,0.0,41
35,12600,14,2009-12-07,Completed,Unknown,0.0,4
36,12523,13,2009-12-07,Completed,Unknown,0.0,4
37,12443,26,2009-12-07,Completed,Unknown,0.0,20
38,12540,32,2009-12-07,Completed,Unknown,0.0,6
39,12682,13,2009-12-08,Completed,Unknown,0.0,15
40,13902,10,2009-12-08,Returned,Unknown,0.0,2
41,14277,13,2009-12-08,Returned,Unknown,0.0,17
42,14277,13,2009-12-08,Returned,Unknown,0.0,2
43,12424,1,2009-12-08,Returned,Unknown,0.0,2
44,14646,24,2009-12-08,Completed,Unknown,0.0,50
45,12785,28,2009-12-08,Completed,Unknown,0.0,18
46,12358,2,2009-12-08,Completed,Unknown,0.0,17
47,12709,14,2009-12-09,Completed,Unknown,0.0,17
48,12712,14,2009-12-09,Completed,Unknown,0.0,20
49,12487,33,2009-12-09,Returned,Unknown,0.0,1
50,12472,14,2009-12-09,Returned,Unknown,0.0,3
51,12487,33,2009-12-09,Completed,Unknown,0.0,2
52,12437,13,2009-12-10,Returned,Unknown,0.0,4
53,14564,7,2009-12-10,Returned,Unknown,0.0,4
54,12979,37,2009-12-10,Returned,Unknown,0.0,1
55,12437,13,2009-12-10,Returned,Unknown,0.0,4
56,12979,37,2009-12-10,Completed,Unknown,0.0,56
57,12417,4,2009-12-10,Completed,Unknown,0.0,1
58,12533,14,2009-12-11,Returned,Unknown,0.0,1
59,12533,14,2009-12-11,Returned,Unknown,0.0,4
60,14277,13,2009-12-13,Completed,Unknown,0.0,14
61,12683,13,2009-12-13,Completed,Unknown,0.0,14
62,12600,14,2009-12-13,Completed,Unknown,0.0,3
63,12681,13,2009-12-13,Completed,Unknown,0.0,45
64,12664,12,2009-12-13,Completed,Unknown,0.0,3
65,12439,8,2009-12-14,Completed,Unknown,0.0,67
66,12471,14,2009-12-14,Completed,Unknown,0.0,29
67,12472,14,2009-12-14,Completed,Unknown,0.0,64
68,12471,14,2009-12-14,Completed,Unknown,0.0,24
69,12613,14,2009-12-14,Completed,Unknown,0.0,59
70,12471,14,2009-12-14,Returned,Unknown,0.0,1
71,12471,14,2009-12-14,Returned,Unknown,0.0,7
72,12439,8,2009-12-14,Returned,Unknown,0.0,3
73,13902,10,2009-12-15,Completed,Unknown,0.0,6
74,14646,24,2009-12-16,Completed,Unknown,0.0,6
75,12359,8,2009-12-16,Returned,Unknown,0.0,2
76,12359,8,2009-12-16,Completed,Unknown,0.0,2
77,12586,18,2009-12-16,Completed,Unknown,0.0,19
78,12557,32,2009-12-17,Completed,Unknown,0.0,3
79,13520,34,2009-12-17,Completed,Unknown,0.0,14
80,12709,14,2009-12-17,Returned,Unknown,0.0,1
81,14646,24,2009-12-18,Completed,Unknown,0.0,52
82,12471,14,2009-12-18,Completed,Unknown,0.0,1
83,12471,14,2009-12-18,Returned,Unknown,0.0,1
84,12471,14,2009-12-18,Returned,Unknown,0.0,6
85,12455,8,2009-12-18,Completed,Unknown,0.0,89
86,12471,14,2009-12-18,Completed,Unknown,0.0,1
87,12422,1,2009-12-18,Completed,Unknown,0.0,5
88,12708,14,2009-12-18,Completed,Unknown,0.0,13
89,12609,14,2009-12-20,Completed,Unknown,0.0,16
90,12683,13,2009-12-20,Completed,Unknown,0.0,45
91,12682,13,2009-12-21,Completed,Unknown,0.0,8
92,12471,14,2009-12-21,Completed,Unknown,0.0,24
93,12440,2,2009-12-22,Completed,Unknown,0.0,20
94,12539,32,2009-12-23,Completed,Unknown,0.0,103
95,12539,32,2009-12-23,Completed,Unknown,0.0,104
96,12472,14,2009-12-23,Returned,Unknown,0.0,5
97,12709,14,2010-01-04,Returned,Unknown,0.0,3
98,12471,14,2010-01-07,Returned,Unknown,0.0,3
99,17404,33,2010-01-07,Completed,Unknown,0.0,3
100,12678,13,2010-01-07,Completed,Unknown,0.0,38
101,12648,14,2010-01-07,Completed,Unknown,0.0,10
102,12417,4,2010-01-08,Completed,Unknown,0.0,26
103,12681,13,2010-01-08,Completed,Unknown,0.0,22
104,12714,13,2010-01-08,Completed,Unknown,0.0,100
105,12540,32,2010-01-10,Completed,Unknown,0.0,27
106,12709,14,2010-01-11,Returned,Unknown,0.0,1
107,12471,14,2010-01-11,Completed,Unknown,0.0,18
108,12471,14,2010-01-11,Completed,Unknown,0.0,6
109,12549,36,2010-01-11,Completed,Unknown,0.0,18
110,12549,36,2010-01-11,Completed,Unknown,0.0,1
111,12406,10,2010-01-11,Completed,Unknown,0.0,25
112,14646,24,2010-01-11,Completed,Unknown,0.0,1
113,12533,14,2010-01-11,Returned,Unknown,0.0,8
114,12623,14,2010-01-12,Completed,Unknown,0.0,59
115,12600,14,2010-01-12,Completed,Unknown,0.0,11
116,12649,14,2010-01-12,Completed,Unknown,0.0,15
117,12417,4,2010-01-13,Returned,Unknown,0.0,1
118,12681,13,2010-01-13,Returned,Unknown,0.0,10
119,12709,14,2010-01-13,Returned,Unknown,0.0,4
120,12647,14,2010-01-13,Completed,Unknown,0.0,35
121,12682,13,2010-01-13,Completed,Unknown,0.0,32
122,12644,14,2010-01-14,Completed,Unknown,0.0,40
123,17508,15,2010-01-14,Completed,Unknown,0.0,42
124,12712,14,2010-01-14,Returned,Unknown,0.0,4
125,12471,14,2010-01-14,Returned,Unknown,0.0,3
126,12613,14,2010-01-15,Returned,Unknown,0.0,7
127,12813,24,2010-01-15,Completed,Unknown,0.0,6
128,12431,4,2010-01-15,Completed,Unknown,0.0,56
129,12755,19,2010-01-15,Completed,Unknown,0.0,1
130,12789,24,2010-01-15,Completed,Unknown,0.0,1
131,12649,14,2010-01-15,Completed,Unknown,0.0,1
132,12631,12,2010-01-15,Completed,Unknown,0.0,32
133,12649,14,2010-01-18,Returned,Unknown,0.0,2
134,14442,7,2010-01-18,Completed,Unknown,0.0,27
135,12468,14,2010-01-19,Returned,Unknown,0.0,2
136,12470,38,2010-01-19,Completed,Unknown,0.0,23
137,12589,13,2010-01-19,Completed,Unknown,0.0,42
138,12437,13,2010-01-19,Completed,Unknown,0.0,31
139,12733,36,2010-01-19,Completed,Unknown,0.0,65
140,17404,33,2010-01-20,Completed,Unknown,0.0,9
141,14439,15,2010-01-21,Completed,Unknown,0.0,44
142,13902,10,2010-01-21,Completed,Unknown,0.0,3
143,14646,24,2010-01-22,Completed,Unknown,0.0,40
144,14646,24,2010-01-22,Completed,Unknown,0.0,9
145,12708,14,2010-01-22,Completed,Unknown,0.0,20
146,12510,32,2010-01-22,Completed,Unknown,0.0,29
147,12531,14,2010-01-22,Completed,Unknown,0.0,109
148,12703,14,2010-01-24,Completed,Unknown,0.0,39
149,14439,15,2010-01-25,Completed,Unknown,0.0,15
150,12644,14,2010-01-25,Returned,Unknown,0.0,11
151,12709,14,2010-01-26,Completed,Unknown,0.0,1
152,12468,14,2010-01-26,Completed,Unknown,0.0,25
153,14646,24,2010-01-26,Completed,Unknown,0.0,89
154,12471,14,2010-01-26,Completed,Unknown,0.0,24
155,12439,8,2010-01-26,Completed,Unknown,0.0,4
156,12709,14,2010-01-26,Completed,Unknown,0.0,27
157,12361,4,2010-01-26,Completed,Unknown,0.0,6
158,12681,13,2010-01-26,Completed,Unknown,0.0,27
159,12549,36,2010-01-27,Completed,Unknown,0.0,14
160,16320,38,2010-01-27,Completed,Unknown,0.0,41
161,12484,32,2010-01-27,Completed,Unknown,0.0,55
162,14442,7,2010-01-28,Returned,Unknown,0.0,1
163,12531,14,2010-01-28,Returned,Unknown,0.0,6
164,12703,14,2010-01-28,Returned,Unknown,0.0,2
165,12471,14,2010-01-28,Returned,Unknown,0.0,1
166,12484,32,2010-01-29,Completed,Unknown,0.0,1
167,12483,33,2010-01-31,Completed,Unknown,0.0,6
168,12490,13,2010-01-31,Completed,Unknown,0.0,24
169,12668,14,2010-01-31,Completed,Unknown,0.0,98
170,12810,19,2010-02-01,Completed,Unknown,0.0,10
171,12540,32,2010-02-01,Completed,Unknown,0.0,18
172,12647,14,2010-02-01,Completed,Unknown,0.0,10
173,12711,14,2010-02-01,Completed,Unknown,0.0,27
174,15480,23,2010-02-01,Completed,Unknown,0.0,45
175,12800,28,2010-02-01,Completed,Unknown,0.0,23
176,12471,14,2010-02-02,Returned,Unknown,0.0,1
177,12396,29,2010-02-03,Completed,Unknown,0.0,65
178,12647,14,2010-02-03,Completed,Unknown,0.0,2
179,12682,13,2010-02-03,Completed,Unknown,0.0,28
180,12805,24,2010-02-03,Completed,Unknown,0.0,8
181,12510,32,2010-02-03,Completed,Unknown,0.0,1
182,12510,32,2010-02-03,Returned,Unknown,0.0,1
183,12647,14,2010-02-03,Returned,Unknown,0.0,2
184,12373,2,2010-02-04,Completed,Unknown,0.0,20
185,12500,14,2010-02-04,Completed,Unknown,0.0,16
186,12500,14,2010-02-05,Completed,Unknown,0.0,30
187,12712,14,2010-02-05,Completed,Unknown,0.0,15
188,12681,13,2010-02-07,Completed,Unknown,0.0,49
189,12644,14,2010-02-07,Completed,Unknown,0.0,6
190,12402,4,2010-02-07,Completed,Unknown,0.0,10
191,12665,14,2010-02-08,Completed,Unknown,0.0,7
192,12472,14,2010-02-08,Completed,Unknown,0.0,44
193,12524,14,2010-02-08,Completed,Unknown,0.0,6
194,12621,14,2010-02-09,Completed,Unknown,0.0,17
195,12663,14,2010-02-09,Completed,Unknown,0.0,6
196,12681,13,2010-02-09,Completed,Unknown,0.0,10
197,12523,13,2010-02-09,Completed,Unknown,0.0,20
198,12647,14,2010-02-09,Completed,Unknown,0.0,26
199,12490,13,2010-02-09,Completed,Unknown,0.0,21
200,12683,13,2010-02-09,Completed,Unknown,0.0,13
201,12471,14,2010-02-09,Completed,Unknown,0.0,16
202,12370,2,2010-02-09,Completed,Unknown,0.0,24
203,12437,13,2010-02-09,Completed,Unknown,0.0,90
204,12645,14,2010-02-09,Completed,Unknown,0.0,20
205,12776,28,2010-02-10,Completed,Unknown,0.0,3
206,12483,33,2010-02-10,Completed,Unknown,0.0,3
207,13813,14,2010-02-10,Completed,Unknown,0.0,14
208,12474,14,2010-02-11,Completed,Unknown,0.0,12
209,12670,13,2010-02-11,Completed,Unknown,0.0,7
210,12682,13,2010-02-11,Completed,Unknown,0.0,14
211,13520,34,2010-02-11,Completed,Unknown,0.0,19
212,12644,14,2010-02-11,Returned,Unknown,0.0,1
213,12712,14,2010-02-11,Returned,Unknown,0.0,3
214,12523,13,2010-02-11,Completed,Unknown,0.0,8
215,12677,13,2010-02-11,Completed,Unknown,0.0,8
216,12567,13,2010-02-11,Completed,Unknown,0.0,26
217,12471,14,2010-02-12,Returned,Unknown,0.0,1
218,12471,14,2010-02-12,Returned,Unknown,0.0,3
219,12695,13,2010-02-12,Completed,Unknown,0.0,18
220,13815,14,2010-02-12,Completed,Unknown,0.0,43
221,12422,1,2010-02-14,Completed,Unknown,0.0,15
222,12665,14,2010-02-15,Returned,Unknown,0.0,3
223,12391,8,2010-02-15,Completed,Unknown,0.0,46
224,12380,4,2010-02-15,Completed,Unknown,0.0,51
225,12426,14,2010-02-15,Completed,Unknown,0.0,46
226,13902,10,2010-02-15,Completed,Unknown,0.0,14
227,12472,14,2010-02-16,Returned,Unknown,0.0,3
228,17404,33,2010-02-16,Completed,Unknown,0.0,15
229,12645,14,2010-02-17,Returned,Unknown,0.0,2
230,12600,14,2010-02-18,Completed,Unknown,0.0,9
231,14646,24,2010-02-18,Completed,Unknown,0.0,37
232,14646,24,2010-02-18,Completed,Unknown,0.0,7
233,14646,24,2010-02-18,Completed,Unknown,0.0,14
234,12416,1,2010-02-21,Completed,Unknown,0.0,11
235,13813,14,2010-02-22,Returned,Unknown,0.0,1
236,12490,13,2010-02-22,Returned,Unknown,0.0,1
237,12389,1,2010-02-22,Completed,Unknown,0.0,6
238,12391,8,2010-02-22,Completed,Unknown,0.0,3
239,12360,2,2010-02-22,Completed,Unknown,0.0,10
240,17829,37,2010-02-22,Completed,Unknown,0.0,54
241,12500,14,2010-02-23,Returned,Unknown,0.0,2
242,12647,14,2010-02-23,Returned,Unknown,0.0,2
243,12755,19,2010-02-23,Returned,Unknown,0.0,1
244,12647,14,2010-02-23,Returned,Unknown,0.0,1
245,12682,13,2010-02-23,Completed,Unknown,0.0,23
246,12523,13,2010-02-23,Returned,Unknown,0.0,3
247,12472,14,2010-02-23,Completed,Unknown,0.0,16
248,12647,14,2010-02-23,Completed,Unknown,0.0,1
249,12727,13,2010-02-23,Completed,Unknown,0.0,29
250,12755,19,2010-02-23,Completed,Unknown,0.0,19
251,12471,14,2010-02-23,Returned,Unknown,0.0,1
252,12755,19,2010-02-23,Returned,Unknown,0.0,19
253,12500,14,2010-02-23,Returned,Unknown,0.0,2
254,14646,24,2010-02-24,Completed,Unknown,0.0,4
255,12482,33,2010-02-24,Completed,Unknown,0.0,13
256,12482,33,2010-02-24,Completed,Unknown,0.0,13
257,12482,33,2010-02-24,Completed,Unknown,0.0,13
258,12482,33,2010-02-24,Completed,Unknown,0.0,13
259,12482,33,2010-02-24,Completed,Unknown,0.0,13
260,12583,13,2010-02-25,Completed,Unknown,0.0,19
261,12500,14,2010-02-25,Completed,Unknown,0.0,6
262,12647,14,2010-02-25,Completed,Unknown,0.0,2
263,14646,24,2010-02-26,Returned,Unknown,0.0,2
264,14646,24,2010-02-26,Completed,Unknown,0.0,2
265,14646,24,2010-02-26,Completed,Unknown,0.0,23
266,14646,24,2010-02-26,Completed,Unknown,0.0,1
267,12708,14,2010-02-28,Completed,Unknown,0.0,14
268,12484,32,2010-02-28,Completed,Unknown,0.0,6
269,12471,14,2010-02-28,Completed,Unknown,0.0,20
270,12779,27,2010-03-01,Completed,Unknown,0.0,15
271,12598,13,2010-03-01,Completed,Unknown,0.0,36
272,12540,32,2010-03-01,Completed,Unknown,0.0,14
273,14646,24,2010-03-01,Returned,Unknown,0.0,1
274,12525,13,2010-03-02,Returned,Unknown,0.0,2
275,12663,14,2010-03-02,Returned,Unknown,0.0,1
276,12809,28,2010-03-02,Completed,Unknown,0.0,33
277,12785,28,2010-03-02,Returned,Unknown,0.0,1
278,14646,24,2010-03-02,Completed,Unknown,0.0,19
279,12731,13,2010-03-02,Completed,Unknown,0.0,33
280,12623,14,2010-03-02,Completed,Unknown,0.0,15
281,12525,13,2010-03-02,Completed,Unknown,0.0,32
282,12645,14,2010-03-03,Completed,Unknown,0.0,19
283,12594,18,2010-03-03,Completed,Unknown,0.0,11
284,12681,13,2010-03-03,Completed,Unknown,0.0,16
285,12598,13,2010-03-03,Completed,Unknown,0.0,2
286,12472,14,2010-03-03,Returned,Unknown,0.0,4
287,12426,14,2010-03-03,Returned,Unknown,0.0,5
288,12598,13,2010-03-03,Returned,Unknown,0.0,2
289,12431,1,2010-03-04,Completed,Unknown,0.0,17
290,12490,13,2010-03-04,Completed,Unknown,0.0,11
291,12371,34,2010-03-04,Completed,Unknown,0.0,16
292,12371,34,2010-03-04,Completed,Unknown,0.0,16
293,12391,8,2010-03-04,Returned,Unknown,0.0,6
294,12647,14,2010-03-05,Completed,Unknown,0.0,8
295,12417,4,2010-03-05,Completed,Unknown,0.0,29
296,17508,15,2010-03-05,Completed,Unknown,0.0,23
297,12437,13,2010-03-05,Completed,Unknown,0.0,18
298,12497,14,2010-03-05,Completed,Unknown,0.0,16
299,12568,14,2010-03-05,Completed,Unknown,0.0,4
300,12399,4,2010-03-05,Completed,Unknown,0.0,14
301,12668,14,2010-03-07,Completed,Unknown,0.0,110
302,12530,14,2010-03-07,Completed,Unknown,0.0,16
303,12472,14,2010-03-08,Completed,Unknown,0.0,22
304,12514,18,2010-03-08,Completed,Unknown,0.0,33
305,12359,8,2010-03-08,Completed,Unknown,0.0,19
306,12524,14,2010-03-08,Completed,Unknown,0.0,5
307,12765,24,2010-03-08,Completed,Unknown,0.0,9
308,12369,2,2010-03-08,Completed,Unknown,0.0,8
309,12809,28,2010-03-08,Returned,Unknown,0.0,1
310,12708,14,2010-03-08,Returned,Unknown,0.0,1
311,12525,13,2010-03-08,Returned,Unknown,0.0,4
312,12542,32,2010-03-09,Completed,Unknown,0.0,25
313,12682,13,2010-03-09,Completed,Unknown,0.0,22
314,12490,13,2010-03-09,Completed,Unknown,0.0,21
315,12648,14,2010-03-09,Completed,Unknown,0.0,6
316,12495,33,2010-03-09,Completed,Unknown,0.0,16
317,12471,14,2010-03-10,Completed,Unknown,0.0,15
318,12483,33,2010-03-10,Completed,Unknown,0.0,8
319,12638,33,2010-03-10,Completed,Unknown,0.0,8
320,12471,14,2010-03-10,Completed,Unknown,0.0,7
321,12437,13,2010-03-10,Returned,Unknown,0.0,4
322,14646,24,2010-03-11,Completed,Unknown,0.0,24
323,12692,13,2010-03-12,Completed,Unknown,0.0,13
324,12500,14,2010-03-12,Returned,Unknown,0.0,1
325,12523,13,2010-03-12,Completed,Unknown,0.0,12
326,14646,24,2010-03-12,Completed,Unknown,0.0,1
327,12435,10,2010-03-12,Completed,Unknown,0.0,15
328,14646,24,2010-03-12,Completed,Unknown,0.0,8
329,14646,24,2010-03-12,Completed,Unknown,0.0,23
330,14646,24,2010-03-14,Completed,Unknown,0.0,29
331,12755,19,2010-03-15,Returned,Unknown,0.0,4
332,12703,14,2010-03-15,Completed,Unknown,0.0,6
333,12755,19,2010-03-15,Completed,Unknown,0.0,4
334,14646,24,2010-03-15,Completed,Unknown,0.0,1
335,12495,33,2010-03-15,Returned,Unknown,0.0,2
336,12471,14,2010-03-15,Returned,Unknown,0.0,1
337,12714,13,2010-03-15,Completed,Unknown,0.0,49
338,12366,8,2010-03-16,Completed,Unknown,0.0,3
339,12483,33,2010-03-16,Completed,Unknown,0.0,2
340,12703,14,2010-03-16,Completed,Unknown,0.0,5
341,12701,14,2010-03-16,Completed,Unknown,0.0,34
342,12500,14,2010-03-16,Completed,Unknown,0.0,5
343,12703,14,2010-03-16,Returned,Unknown,0.0,6
344,12483,33,2010-03-16,Returned,Unknown,0.0,1
345,13902,10,2010-03-17,Completed,Unknown,0.0,4
346,12709,14,2010-03-17,Completed,Unknown,0.0,37
347,12500,14,2010-03-17,Returned,Unknown,0.0,1
348,12647,14,2010-03-18,Completed,Unknown,0.0,24
349,12615,13,2010-03-18,Completed,Unknown,0.0,61
350,12621,14,2010-03-18,Completed,Unknown,0.0,27
351,12418,34,2010-03-19,Completed,Unknown,0.0,24
352,12796,24,2010-03-21,Completed,Unknown,0.0,6
353,12368,8,2010-03-21,Completed,Unknown,0.0,18
354,12472,14,2010-03-22,Completed,Unknown,0.0,13
355,12533,14,2010-03-22,Completed,Unknown,0.0,27
356,12639,33,2010-03-22,Completed,Unknown,0.0,14
357,17508,15,2010-03-22,Returned,Unknown,0.0,1
358,12472,14,2010-03-23,Returned,Unknown,0.0,3
359,12809,28,2010-03-23,Returned,Unknown,0.0,1
360,12359,8,2010-03-23,Completed,Unknown,0.0,13
361,12455,8,2010-03-23,Completed,Unknown,0.0,12
362,16321,1,2010-03-23,Completed,Unknown,0.0,2
363,12809,28,2010-03-23,Returned,Unknown,0.0,1
364,12681,13,2010-03-24,Completed,Unknown,0.0,17
365,12758,28,2010-03-24,Completed,Unknown,0.0,64
366,12524,14,2010-03-24,Completed,Unknown,0.0,6
367,12742,37,2010-03-24,Completed,Unknown,0.0,67
368,12437,13,2010-03-24,Completed,Unknown,0.0,14
369,12663,14,2010-03-25,Completed,Unknown,0.0,2
370,12791,24,2010-03-25,Completed,Unknown,0.0,6
371,12471,14,2010-03-25,Completed,Unknown,0.0,27
372,12370,2,2010-03-25,Completed,Unknown,0.0,6
373,12370,2,2010-03-25,Completed,Unknown,0.0,2
374,12373,2,2010-03-25,Completed,Unknown,0.0,15
375,12471,14,2010-03-25,Completed,Unknown,0.0,3
376,12510,32,2010-03-25,Completed,Unknown,0.0,20
377,12726,13,2010-03-25,Completed,Unknown,0.0,9
378,12540,32,2010-03-25,Completed,Unknown,0.0,17
379,12647,14,2010-03-26,Returned,Unknown,0.0,3
380,12615,13,2010-03-26,Returned,Unknown,0.0,4
381,14646,24,2010-03-26,Completed,Unknown,0.0,1
382,12477,14,2010-03-26,Completed,Unknown,0.0,105
383,12471,14,2010-03-26,Completed,Unknown,0.0,1
384,14646,24,2010-03-26,Completed,Unknown,0.0,20
385,14646,24,2010-03-26,Completed,Unknown,0.0,27
386,12791,24,2010-03-26,Completed,Unknown,0.0,6
387,12472,14,2010-03-29,Returned,Unknown,0.0,1
388,12496,32,2010-03-29,Completed,Unknown,0.0,1
389,12496,32,2010-03-29,Completed,Unknown,0.0,9
390,12681,13,2010-03-30,Returned,Unknown,0.0,4
391,14935,7,2010-03-30,Completed,Unknown,0.0,16
392,12533,14,2010-03-31,Returned,Unknown,0.0,5
393,12510,32,2010-03-31,Returned,Unknown,0.0,3
394,12662,14,2010-04-01,Completed,Unknown,0.0,29
395,12472,14,2010-04-01,Completed,Unknown,0.0,39
396,12417,4,2010-04-01,Completed,Unknown,0.0,13
397,12647,14,2010-04-01,Completed,Unknown,0.0,17
398,12609,14,2010-04-01,Completed,Unknown,0.0,19
399,12583,13,2010-04-01,Completed,Unknown,0.0,25
400,14646,24,2010-04-01,Completed,Unknown,0.0,31
401,12708,14,2010-04-01,Completed,Unknown,0.0,14
402,14265,38,2010-04-06,Completed,Unknown,0.0,14
403,12482,33,2010-04-07,Completed,Unknown,0.0,11
404,12482,33,2010-04-07,Completed,Unknown,0.0,11
405,12482,33,2010-04-07,Completed,Unknown,0.0,11
406,12770,19,2010-04-07,Returned,Unknown,0.0,1
407,12482,33,2010-04-07,Completed,Unknown,0.0,11
408,12643,13,2010-04-07,Completed,Unknown,0.0,9
409,12711,14,2010-04-07,Completed,Unknown,0.0,31
410,12482,33,2010-04-07,Completed,Unknown,0.0,11
411,12765,24,2010-04-08,Completed,Unknown,0.0,12
412,12709,14,2010-04-08,Completed,Unknown,0.0,33
413,12709,14,2010-04-08,Completed,Unknown,0.0,5
414,12422,1,2010-04-08,Completed,Unknown,0.0,10
415,12468,14,2010-04-09,Completed,Unknown,0.0,56
416,12786,24,2010-04-09,Completed,Unknown,0.0,17
417,12681,13,2010-04-09,Completed,Unknown,0.0,13
418,12613,14,2010-04-09,Completed,Unknown,0.0,23
419,13520,34,2010-04-11,Completed,Unknown,0.0,24
420,12500,14,2010-04-11,Completed,Unknown,0.0,8
421,12481,14,2010-04-11,Completed,Unknown,0.0,50
422,12590,14,2010-04-12,Returned,Unknown,0.0,1
423,12359,8,2010-04-12,Returned,Unknown,0.0,2
424,12418,34,2010-04-12,Returned,Unknown,0.0,1
425,12417,4,2010-04-12,Returned,Unknown,0.0,1
426,14930,7,2010-04-12,Completed,Unknown,0.0,51
427,12671,14,2010-04-12,Completed,Unknown,0.0,44
428,12805,24,2010-04-13,Completed,Unknown,0.0,11
429,12459,32,2010-04-13,Completed,Unknown,0.0,22
430,12542,32,2010-04-13,Returned,Unknown,0.0,5
431,12471,14,2010-04-14,Completed,Unknown,0.0,6
432,12471,14,2010-04-14,Completed,Unknown,0.0,29
433,12682,13,2010-04-14,Completed,Unknown,0.0,32
434,12437,13,2010-04-14,Completed,Unknown,0.0,19
435,12542,32,2010-04-14,Returned,Unknown,0.0,1
436,12474,14,2010-04-15,Completed,Unknown,0.0,18
437,12540,32,2010-04-15,Completed,Unknown,0.0,7
438,13813,14,2010-04-16,Completed,Unknown,0.0,20
439,17404,33,2010-04-16,Completed,Unknown,0.0,21
440,12395,4,2010-04-16,Completed,Unknown,0.0,51
441,12437,13,2010-04-16,Completed,Unknown,0.0,5
442,12778,24,2010-04-16,Completed,Unknown,0.0,26
443,12482,33,2010-04-18,Completed,Unknown,0.0,9
444,12402,4,2010-04-18,Completed,Unknown,0.0,16
445,12482,33,2010-04-18,Completed,Unknown,0.0,6
446,12482,33,2010-04-18,Completed,Unknown,0.0,7
447,12482,33,2010-04-18,Completed,Unknown,0.0,14
448,12791,24,2010-04-18,Completed,Unknown,0.0,8
449,12482,33,2010-04-18,Completed,Unknown,0.0,14
450,12482,33,2010-04-19,Completed,Unknown,0.0,2
451,12482,33,2010-04-19,Completed,Unknown,0.0,1
452,12516,14,2010-04-19,Completed,Unknown,0.0,24
453,12742,37,2010-04-19,Returned,Unknown,0.0,1
454,12780,24,2010-04-20,Completed,Unknown,0.0,19
455,12623,14,2010-04-20,Completed,Unknown,0.0,18
456,12647,14,2010-04-20,Completed,Unknown,0.0,13
457,12471,14,2010-04-20,Returned,Unknown,0.0,6
458,12391,8,2010-04-21,Completed,Unknown,0.0,1
459,12402,4,2010-04-21,Returned,Unknown,0.0,1
460,12391,8,2010-04-21,Completed,Unknown,0.0,48
461,12530,14,2010-04-21,Completed,Unknown,0.0,15
462,12588,12,2010-04-21,Completed,Unknown,0.0,16
463,12681,13,2010-04-21,Completed,Unknown,0.0,48
464,12631,12,2010-04-21,Completed,Unknown,0.0,53
465,12631,12,2010-04-21,Completed,Unknown,0.0,1
466,12709,14,2010-04-21,Completed,Unknown,0.0,42
467,14646,24,2010-04-22,Completed,Unknown,0.0,14
468,12504,14,2010-04-22,Completed,Unknown,0.0,5
469,12625,14,2010-04-22,Completed,Unknown,0.0,37
470,12406,10,2010-04-22,Completed,Unknown,0.0,10
471,12468,14,2010-04-22,Returned,Unknown,0.0,6
472,12643,13,2010-04-22,Returned,Unknown,0.0,2
473,12472,14,2010-04-22,Returned,Unknown,0.0,5
474,12483,33,2010-04-23,Completed,Unknown,0.0,8
475,12672,13,2010-04-23,Completed,Unknown,0.0,11
476,12709,14,2010-04-23,Returned,Unknown,0.0,6
477,13813,14,2010-04-23,Returned,Unknown,0.0,4
478,12474,14,2010-04-25,Completed,Unknown,0.0,35
479,12472,14,2010-04-26,Completed,Unknown,0.0,27
480,12712,14,2010-04-26,Completed,Unknown,0.0,15
481,12471,14,2010-04-26,Completed,Unknown,0.0,26
482,12392,1,2010-04-27,Completed,Unknown,0.0,7
483,12744,31,2010-04-27,Completed,Unknown,0.0,36
484,12698,14,2010-04-28,Completed,Unknown,0.0,15
485,12695,13,2010-04-28,Completed,Unknown,0.0,10
486,12717,15,2010-04-28,Completed,Unknown,0.0,15
487,12714,13,2010-04-28,Completed,Unknown,0.0,57
488,12876,4,2010-04-28,Completed,Unknown,0.0,31
489,14912,18,2010-04-28,Completed,Unknown,0.0,18
490,13520,34,2010-04-28,Returned,Unknown,0.0,3
491,12349,18,2010-04-29,Completed,Unknown,0.0,46
492,12672,13,2010-04-29,Returned,Unknown,0.0,3
493,12758,28,2010-04-29,Returned,Unknown,0.0,4
494,12613,14,2010-04-29,Returned,Unknown,0.0,3
495,12377,34,2010-04-29,Completed,Unknown,0.0,47
496,12758,28,2010-04-29,Completed,Unknown,0.0,2
497,12708,14,2010-04-30,Completed,Unknown,0.0,18
498,12806,24,2010-04-30,Completed,Unknown,0.0,36
499,12374,2,2010-04-30,Completed,Unknown,0.0,36
500,12662,14,2010-05-02,Completed,Unknown,0.0,9
501,12765,24,2010-05-02,Completed,Unknown,0.0,3
502,12725,18,2010-05-04,Completed,Unknown,0.0,47
503,12503,32,2010-05-04,Completed,Unknown,0.0,1
504,12588,12,2010-05-04,Returned,Unknown,0.0,2
505,12647,14,2010-05-04,Returned,Unknown,0.0,1
506,12471,14,2010-05-04,Returned,Unknown,0.0,7
507,12540,32,2010-05-04,Completed,Unknown,0.0,10
508,12507,32,2010-05-04,Completed,Unknown,0.0,27
509,14936,7,2010-05-05,Completed,Unknown,0.0,30
510,14936,7,2010-05-05,Completed,Unknown,0.0,31
511,12649,14,2010-05-05,Completed,Unknown,0.0,21
512,14930,7,2010-05-05,Returned,Unknown,0.0,2
513,12876,4,2010-05-05,Returned,Unknown,0.0,1
514,14646,24,2010-05-06,Completed,Unknown,0.0,75
515,14646,24,2010-05-06,Completed,Unknown,0.0,3
516,12583,13,2010-05-06,Completed,Unknown,0.0,14
517,12567,13,2010-05-06,Completed,Unknown,0.0,16
518,12709,14,2010-05-06,Completed,Unknown,0.0,7
519,12678,13,2010-05-06,Completed,Unknown,0.0,80
520,12523,13,2010-05-06,Completed,Unknown,0.0,28
521,12388,1,2010-05-06,Completed,Unknown,0.0,26
522,12682,13,2010-05-06,Completed,Unknown,0.0,32
523,12621,14,2010-05-06,Completed,Unknown,0.0,40
524,14646,24,2010-05-06,Completed,Unknown,0.0,35
525,12681,13,2010-05-07,Completed,Unknown,0.0,25
526,12490,13,2010-05-07,Completed,Unknown,0.0,20
527,12361,4,2010-05-09,Completed,Unknown,0.0,5
528,12474,14,2010-05-10,Returned,Unknown,0.0,3
529,14277,13,2010-05-10,Completed,Unknown,0.0,15
530,12675,18,2010-05-10,Completed,Unknown,0.0,110
531,12813,24,2010-05-10,Completed,Unknown,0.0,13
532,12600,14,2010-05-11,Completed,Unknown,0.0,6
533,12599,13,2010-05-11,Completed,Unknown,0.0,26
534,12549,36,2010-05-11,Completed,Unknown,0.0,12
535,12455,8,2010-05-11,Completed,Unknown,0.0,17
536,12582,12,2010-05-11,Completed,Unknown,0.0,53
537,12482,33,2010-05-12,Completed,Unknown,0.0,2
538,12482,33,2010-05-12,Completed,Unknown,0.0,2
539,12482,33,2010-05-12,Completed,Unknown,0.0,2
540,12482,33,2010-05-12,Completed,Unknown,0.0,2
541,12482,33,2010-05-12,Completed,Unknown,0.0,2
542,12482,33,2010-05-12,Completed,Unknown,0.0,4
543,12482,33,2010-05-12,Completed,Unknown,0.0,5
544,12482,33,2010-05-12,Completed,Unknown,0.0,2
545,12482,33,2010-05-12,Completed,Unknown,0.0,5
546,12482,33,2010-05-12,Completed,Unknown,0.0,3
547,12494,13,2010-05-12,Completed,Unknown,0.0,19
548,12418,34,2010-05-12,Completed,Unknown,0.0,16
549,17508,15,2010-05-12,Completed,Unknown,0.0,23
550,12580,14,2010-05-12,Completed,Unknown,0.0,33
551,12540,32,2010-05-13,Completed,Unknown,0.0,2
552,12567,13,2010-05-13,Returned,Unknown,0.0,2
553,12683,13,2010-05-13,Completed,Unknown,0.0,32
554,12647,14,2010-05-13,Completed,Unknown,0.0,18
555,12549,36,2010-05-13,Completed,Unknown,0.0,3
556,12540,32,2010-05-13,Completed,Unknown,0.0,29
557,12481,14,2010-05-14,Returned,Unknown,0.0,2
558,12472,14,2010-05-14,Returned,Unknown,0.0,4
559,12523,13,2010-05-14,Returned,Unknown,0.0,2
560,12621,14,2010-05-14,Returned,Unknown,0.0,3
561,12806,24,2010-05-16,Completed,Unknown,0.0,28
562,12731,13,2010-05-16,Completed,Unknown,0.0,21
563,12471,14,2010-05-17,Completed,Unknown,0.0,28
564,12600,14,2010-05-18,Returned,Unknown,0.0,3
565,12662,14,2010-05-18,Completed,Unknown,0.0,12
566,13501,34,2010-05-18,Completed,Unknown,0.0,30
567,12494,13,2010-05-19,Returned,Unknown,0.0,2
568,12471,14,2010-05-19,Returned,Unknown,0.0,1
569,14442,7,2010-05-19,Completed,Unknown,0.0,29
570,12471,14,2010-05-20,Returned,Unknown,0.0,3
571,12712,14,2010-05-20,Completed,Unknown,0.0,17
572,12422,34,2010-05-20,Completed,Unknown,0.0,27
573,12431,1,2010-05-21,Completed,Unknown,0.0,10
574,14936,7,2010-05-21,Returned,Unknown,0.0,1
575,12389,1,2010-05-21,Completed,Unknown,0.0,20
576,12355,3,2010-05-21,Completed,Unknown,0.0,22
577,12675,18,2010-05-21,Returned,Unknown,0.0,1
578,14439,15,2010-05-21,Completed,Unknown,0.0,30
579,12647,14,2010-05-21,Completed,Unknown,0.0,48
580,12583,13,2010-05-21,Completed,Unknown,0.0,11
581,12668,14,2010-05-21,Completed,Unknown,0.0,26
582,12809,28,2010-05-23,Completed,Unknown,0.0,21
583,12621,14,2010-05-23,Completed,Unknown,0.0,15
584,12409,34,2010-05-23,Completed,Unknown,0.0,87
585,12773,28,2010-05-24,Completed,Unknown,0.0,6
586,12773,28,2010-05-24,Returned,Unknown,0.0,6
587,12759,24,2010-05-24,Completed,Unknown,0.0,72
588,12632,14,2010-05-24,Completed,Unknown,0.0,13
589,12431,1,2010-05-24,Completed,Unknown,0.0,1
590,12360,2,2010-05-25,Completed,Unknown,0.0,33
591,14930,7,2010-05-25,Completed,Unknown,0.0,52
592,14442,7,2010-05-25,Returned,Unknown,0.0,1
593,12802,24,2010-05-25,Completed,Unknown,0.0,49
594,12632,14,2010-05-26,Returned,Unknown,0.0,1
595,12632,14,2010-05-26,Returned,Unknown,0.0,1
596,12675,18,2010-05-26,Returned,Unknown,0.0,1
597,14938,7,2010-05-26,Completed,Unknown,0.0,40
598,12681,13,2010-05-26,Completed,Unknown,0.0,20
599,12378,34,2010-05-26,Completed,Unknown,0.0,82
600,14938,7,2010-05-26,Completed,Unknown,0.0,31
601,12656,13,2010-05-26,Completed,Unknown,0.0,51
602,13501,34,2010-05-27,Returned,Unknown,0.0,1
603,12712,14,2010-05-27,Returned,Unknown,0.0,1
604,12609,14,2010-05-27,Completed,Unknown,0.0,8
605,12643,13,2010-05-28,Returned,Unknown,0.0,2
606,12643,13,2010-05-28,Completed,Unknown,0.0,1
607,12499,14,2010-05-28,Completed,Unknown,0.0,26
608,12619,14,2010-05-28,Completed,Unknown,0.0,10
609,12709,14,2010-06-01,Returned,Unknown,0.0,7
610,12525,13,2010-06-01,Completed,Unknown,0.0,10
611,12701,14,2010-06-01,Completed,Unknown,0.0,16
612,12677,13,2010-06-02,Completed,Unknown,0.0,11
613,12437,13,2010-06-02,Completed,Unknown,0.0,6
614,12583,13,2010-06-03,Completed,Unknown,0.0,6
615,14930,7,2010-06-03,Returned,Unknown,0.0,3
616,12656,13,2010-06-03,Returned,Unknown,0.0,2
617,14646,24,2010-06-03,Completed,Unknown,0.0,56
618,14646,24,2010-06-03,Completed,Unknown,0.0,16
619,12682,13,2010-06-03,Completed,Unknown,0.0,19
620,12874,4,2010-06-03,Completed,Unknown,0.0,25
621,12424,1,2010-06-04,Returned,Unknown,0.0,1
622,12809,28,2010-06-04,Returned,Unknown,0.0,4
623,12523,13,2010-06-04,Completed,Unknown,0.0,16
624,12675,18,2010-06-04,Completed,Unknown,0.0,1
625,12701,14,2010-06-04,Completed,Unknown,0.0,29
626,12709,14,2010-06-06,Completed,Unknown,0.0,20
627,12682,13,2010-06-06,Completed,Unknown,0.0,31
628,12471,14,2010-06-07,Completed,Unknown,0.0,1
629,12471,14,2010-06-07,Returned,Unknown,0.0,1
630,12471,14,2010-06-07,Returned,Unknown,0.0,1
631,12358,2,2010-06-07,Completed,Unknown,0.0,17
632,12471,14,2010-06-07,Completed,Unknown,0.0,19
633,12471,14,2010-06-07,Completed,Unknown,0.0,5
634,13815,14,2010-06-07,Completed,Unknown,0.0,68
635,12409,34,2010-06-08,Returned,Unknown,0.0,2
636,12409,34,2010-06-08,Completed,Unknown,0.0,2
637,12647,14,2010-06-08,Completed,Unknown,0.0,1
638,12647,14,2010-06-08,Completed,Unknown,0.0,17
639,12647,14,2010-06-08,Completed,Unknown,0.0,3
640,12758,28,2010-06-09,Completed,Unknown,0.0,35
641,12599,13,2010-06-09,Completed,Unknown,0.0,4
642,12634,36,2010-06-09,Completed,Unknown,0.0,19
643,12424,1,2010-06-09,Completed,Unknown,0.0,15
644,12483,33,2010-06-09,Completed,Unknown,0.0,4
645,12726,13,2010-06-10,Completed,Unknown,0.0,6
646,12662,14,2010-06-10,Completed,Unknown,0.0,14
647,12727,13,2010-06-10,Completed,Unknown,0.0,20
648,12525,13,2010-06-10,Returned,Unknown,0.0,3
649,12682,13,2010-06-10,Returned,Unknown,0.0,3
650,12681,13,2010-06-11,Completed,Unknown,0.0,36
651,12429,10,2010-06-11,Completed,Unknown,0.0,15
652,12429,10,2010-06-11,Completed,Unknown,0.0,10
653,12557,32,2010-06-11,Completed,Unknown,0.0,3
654,12623,14,2010-06-13,Completed,Unknown,0.0,17
655,12474,14,2010-06-13,Completed,Unknown,0.0,5
656,12631,12,2010-06-13,Completed,Unknown,0.0,28
657,12637,13,2010-06-14,Completed,Unknown,0.0,37
658,12731,13,2010-06-14,Completed,Unknown,0.0,4
659,12594,18,2010-06-14,Completed,Unknown,0.0,14
660,12709,14,2010-06-15,Completed,Unknown,0.0,9
661,12472,14,2010-06-15,Completed,Unknown,0.0,93
662,12613,14,2010-06-16,Completed,Unknown,0.0,42
663,12540,32,2010-06-16,Completed,Unknown,0.0,21
664,12681,13,2010-06-17,Completed,Unknown,0.0,71
665,12417,4,2010-06-17,Completed,Unknown,0.0,15
666,13919,10,2010-06-17,Completed,Unknown,0.0,31
667,12802,24,2010-06-18,Completed,Unknown,0.0,14
668,12412,10,2010-06-18,Completed,Unknown,0.0,30
669,14646,24,2010-06-18,Completed,Unknown,0.0,35
670,12621,14,2010-06-20,Completed,Unknown,0.0,11
671,12469,35,2010-06-21,Completed,Unknown,0.0,10
672,14646,24,2010-06-22,Returned,Unknown,0.0,2
673,12359,8,2010-06-22,Completed,Unknown,0.0,20
674,12774,24,2010-06-22,Completed,Unknown,0.0,5
675,12785,28,2010-06-22,Completed,Unknown,0.0,22
676,12724,13,2010-06-22,Completed,Unknown,0.0,34
677,12810,19,2010-06-23,Completed,Unknown,0.0,22
678,12792,28,2010-06-23,Completed,Unknown,0.0,21
679,12431,1,2010-06-23,Completed,Unknown,0.0,8
680,12379,4,2010-06-23,Completed,Unknown,0.0,17
681,12412,10,2010-06-24,Returned,Unknown,0.0,1
682,12437,13,2010-06-24,Completed,Unknown,0.0,22
683,12705,14,2010-06-24,Completed,Unknown,0.0,92
684,14566,7,2010-06-24,Completed,Unknown,0.0,6
685,12779,27,2010-06-24,Completed,Unknown,0.0,25
686,12741,36,2010-06-24,Completed,Unknown,0.0,15
687,12621,14,2010-06-28,Returned,Unknown,0.0,1
688,12417,4,2010-06-28,Returned,Unknown,0.0,1
689,14646,24,2010-06-28,Returned,Unknown,0.0,1
690,12799,19,2010-06-28,Completed,Unknown,0.0,15
691,12485,33,2010-06-28,Completed,Unknown,0.0,34
692,12701,14,2010-06-28,Completed,Unknown,0.0,11
693,12527,14,2010-06-28,Completed,Unknown,0.0,13
694,12451,34,2010-06-28,Completed,Unknown,0.0,111
695,12472,14,2010-06-28,Returned,Unknown,0.0,17
696,14646,24,2010-06-28,Completed,Unknown,0.0,4
697,14646,24,2010-06-28,Completed,Unknown,0.0,71
698,12784,28,2010-06-28,Completed,Unknown,0.0,71
699,12695,13,2010-06-29,Completed,Unknown,0.0,3
700,12380,4,2010-06-29,Completed,Unknown,0.0,23
701,12529,13,2010-06-29,Completed,Unknown,0.0,21
702,12380,4,2010-06-29,Completed,Unknown,0.0,49
703,12471,14,2010-06-29,Completed,Unknown,0.0,1
704,12471,14,2010-06-29,Completed,Unknown,0.0,22
705,12567,13,2010-06-29,Completed,Unknown,0.0,9
706,12647,14,2010-06-29,Completed,Unknown,0.0,11
707,12682,13,2010-06-29,Completed,Unknown,0.0,17
708,12788,24,2010-06-29,Completed,Unknown,0.0,9
709,13813,14,2010-06-30,Completed,Unknown,0.0,24
710,17508,15,2010-06-30,Completed,Unknown,0.0,9
711,12708,14,2010-06-30,Completed,Unknown,0.0,16
712,13814,14,2010-06-30,Completed,Unknown,0.0,22
713,12714,13,2010-06-30,Completed,Unknown,0.0,38
714,12770,19,2010-06-30,Returned,Unknown,0.0,4
715,12415,1,2010-06-30,Completed,Unknown,0.0,87
716,12874,4,2010-06-30,Returned,Unknown,0.0,1
717,12431,1,2010-07-01,Returned,Unknown,0.0,1
718,12576,27,2010-07-01,Completed,Unknown,0.0,20
719,12662,14,2010-07-01,Completed,Unknown,0.0,17
720,12765,24,2010-07-01,Completed,Unknown,0.0,7
721,12468,14,2010-07-01,Completed,Unknown,0.0,28
722,12575,13,2010-07-01,Completed,Unknown,0.0,22
723,12653,17,2010-07-01,Completed,Unknown,0.0,43
724,12779,27,2010-07-02,Returned,Unknown,0.0,1
725,12409,34,2010-07-02,Completed,Unknown,0.0,1
726,12633,14,2010-07-02,Completed,Unknown,0.0,134
727,12422,34,2010-07-02,Completed,Unknown,0.0,10
728,12409,34,2010-07-02,Returned,Unknown,0.0,1
729,12477,14,2010-07-02,Completed,Unknown,0.0,88
730,12469,35,2010-07-05,Completed,Unknown,0.0,66
731,12755,19,2010-07-05,Completed,Unknown,0.0,10
732,12681,13,2010-07-05,Completed,Unknown,0.0,35
733,12500,14,2010-07-05,Completed,Unknown,0.0,5
734,12529,13,2010-07-05,Returned,Unknown,0.0,2
735,12708,14,2010-07-05,Returned,Unknown,0.0,1
736,12755,19,2010-07-05,Returned,Unknown,0.0,10
737,12583,13,2010-07-05,Returned,Unknown,0.0,1
738,12693,14,2010-07-05,Completed,Unknown,0.0,29
739,12431,1,2010-07-06,Completed,Unknown,0.0,10
740,12402,4,2010-07-06,Completed,Unknown,0.0,10
741,12730,14,2010-07-06,Completed,Unknown,0.0,46
742,12678,13,2010-07-06,Completed,Unknown,0.0,6
743,13813,14,2010-07-06,Returned,Unknown,0.0,3
744,12709,14,2010-07-06,Returned,Unknown,0.0,3
745,12403,10,2010-07-06,Completed,Unknown,0.0,3
746,12759,24,2010-07-07,Completed,Unknown,0.0,30
747,12583,13,2010-07-07,Completed,Unknown,0.0,15
748,12632,14,2010-07-07,Completed,Unknown,0.0,20
749,12782,28,2010-07-08,Completed,Unknown,0.0,15
750,12592,14,2010-07-08,Completed,Unknown,0.0,30
751,12693,14,2010-07-08,Returned,Unknown,0.0,1
752,12399,4,2010-07-08,Completed,Unknown,0.0,20
753,12592,14,2010-07-08,Completed,Unknown,0.0,30
754,12712,14,2010-07-08,Completed,Unknown,0.0,13
755,12621,14,2010-07-09,Completed,Unknown,0.0,12
756,12576,27,2010-07-09,Returned,Unknown,0.0,3
757,12472,14,2010-07-12,Completed,Unknown,0.0,32
758,16320,38,2010-07-13,Completed,Unknown,0.0,34
759,12664,12,2010-07-13,Completed,Unknown,0.0,3
760,16320,38,2010-07-14,Completed,Unknown,0.0,34
761,15332,22,2010-07-14,Completed,Unknown,0.0,78
762,12468,14,2010-07-14,Returned,Unknown,0.0,1
763,12431,1,2010-07-14,Returned,Unknown,0.0,1
764,13814,14,2010-07-14,Returned,Unknown,0.0,1
765,12490,13,2010-07-15,Completed,Unknown,0.0,24
766,12682,13,2010-07-15,Completed,Unknown,0.0,18
767,12523,13,2010-07-15,Completed,Unknown,0.0,12
768,12788,24,2010-07-15,Completed,Unknown,0.0,5
769,12789,24,2010-07-15,Completed,Unknown,0.0,1
770,12415,1,2010-07-16,Completed,Unknown,0.0,7
771,12709,14,2010-07-16,Completed,Unknown,0.0,37
772,12633,14,2010-07-16,Returned,Unknown,0.0,3
773,12625,14,2010-07-18,Completed,Unknown,0.0,58
774,12431,4,2010-07-19,Completed,Unknown,0.0,30
775,12471,14,2010-07-19,Returned,Unknown,0.0,6
776,12709,14,2010-07-19,Completed,Unknown,0.0,2
777,17404,33,2010-07-19,Completed,Unknown,0.0,11
778,14646,24,2010-07-19,Completed,Unknown,0.0,48
779,12696,12,2010-07-19,Completed,Unknown,0.0,20
780,12480,14,2010-07-20,Completed,Unknown,0.0,26
781,12755,19,2010-07-20,Completed,Unknown,0.0,11
782,12474,14,2010-07-21,Completed,Unknown,0.0,14
783,12720,14,2010-07-21,Completed,Unknown,0.0,57
784,12417,4,2010-07-21,Completed,Unknown,0.0,10
785,12523,13,2010-07-21,Returned,Unknown,0.0,3
786,14938,7,2010-07-21,Returned,Unknown,0.0,4
787,12724,13,2010-07-22,Completed,Unknown,0.0,22
788,12421,32,2010-07-22,Completed,Unknown,0.0,3
789,14646,24,2010-07-22,Completed,Unknown,0.0,10
790,12693,14,2010-07-22,Returned,Unknown,0.0,1
791,12647,14,2010-07-23,Completed,Unknown,0.0,28
792,12615,13,2010-07-23,Completed,Unknown,0.0,52
793,12755,19,2010-07-23,Completed,Unknown,0.0,11
794,12595,14,2010-07-23,Completed,Unknown,0.0,18
795,12755,19,2010-07-23,Returned,Unknown,0.0,11
796,12866,4,2010-07-25,Completed,Unknown,0.0,19
797,12788,24,2010-07-25,Completed,Unknown,0.0,2
798,12523,13,2010-07-25,Completed,Unknown,0.0,7
799,14938,7,2010-07-25,Returned,Unknown,0.0,1
800,12410,34,2010-07-25,Completed,Unknown,0.0,13
801,12451,34,2010-07-26,Returned,Unknown,0.0,2
802,12590,14,2010-07-26,Returned,Unknown,0.0,1
803,12476,14,2010-07-26,Completed,Unknown,0.0,67
804,12813,24,2010-07-26,Completed,Unknown,0.0,23
805,12709,14,2010-07-26,Completed,Unknown,0.0,1
806,12801,33,2010-07-27,Completed,Unknown,0.0,49
807,12804,24,2010-07-27,Completed,Unknown,0.0,42
808,12547,32,2010-07-27,Completed,Unknown,0.0,12
809,12637,13,2010-07-27,Completed,Unknown,0.0,53
810,12421,32,2010-07-27,Returned,Unknown,0.0,1
811,12484,32,2010-07-28,Completed,Unknown,0.0,50
812,12656,13,2010-07-28,Completed,Unknown,0.0,21
813,12731,13,2010-07-28,Completed,Unknown,0.0,15
814,12472,14,2010-07-29,Returned,Unknown,0.0,5
815,12609,14,2010-07-29,Completed,Unknown,0.0,22
816,12408,4,2010-07-29,Completed,Unknown,0.0,9
817,12525,13,2010-07-29,Completed,Unknown,0.0,17
818,12471,14,2010-07-30,Returned,Unknown,0.0,1
819,17404,33,2010-07-30,Returned,Unknown,0.0,1
820,12733,36,2010-07-30,Returned,Unknown,0.0,1
821,12733,36,2010-07-30,Completed,Unknown,0.0,24
822,12395,4,2010-08-02,Completed,Unknown,0.0,15
823,12621,14,2010-08-02,Completed,Unknown,0.0,12
824,12527,14,2010-08-02,Completed,Unknown,0.0,1
825,12770,19,2010-08-03,Returned,Unknown,0.0,1
826,12621,14,2010-08-03,Completed,Unknown,0.0,21
827,12437,13,2010-08-04,Completed,Unknown,0.0,9
828,12524,14,2010-08-04,Completed,Unknown,0.0,17
829,12765,24,2010-08-04,Completed,Unknown,0.0,19
830,12678,13,2010-08-05,Returned,Unknown,0.0,3
831,12525,13,2010-08-05,Returned,Unknown,0.0,5
832,12471,14,2010-08-05,Completed,Unknown,0.0,16
833,12633,14,2010-08-06,Completed,Unknown,0.0,35
834,12712,14,2010-08-06,Completed,Unknown,0.0,10
835,12567,13,2010-08-09,Completed,Unknown,0.0,38
836,12458,34,2010-08-09,Completed,Unknown,0.0,19
837,14277,13,2010-08-09,Completed,Unknown,0.0,30
838,12412,10,2010-08-09,Completed,Unknown,0.0,25
839,12621,14,2010-08-09,Returned,Unknown,0.0,2
840,14646,24,2010-08-10,Completed,Unknown,0.0,1
841,13501,34,2010-08-10,Completed,Unknown,0.0,32
842,14646,24,2010-08-10,Completed,Unknown,0.0,89
843,14646,24,2010-08-10,Completed,Unknown,0.0,1
844,12662,14,2010-08-11,Completed,Unknown,0.0,19
845,12600,14,2010-08-11,Completed,Unknown,0.0,5
846,12771,28,2010-08-11,Completed,Unknown,0.0,14
847,12471,14,2010-08-12,Returned,Unknown,0.0,3
848,12542,32,2010-08-12,Completed,Unknown,0.0,14
849,12676,33,2010-08-13,Completed,Unknown,0.0,17
850,12676,33,2010-08-13,Completed,Unknown,0.0,6
851,12484,32,2010-08-13,Completed,Unknown,0.0,4
852,12633,14,2010-08-13,Returned,Unknown,0.0,2
853,12583,13,2010-08-15,Completed,Unknown,0.0,9
854,12805,24,2010-08-15,Completed,Unknown,0.0,14
855,12687,33,2010-08-16,Completed,Unknown,0.0,125
856,12530,14,2010-08-16,Completed,Unknown,0.0,23
857,14646,24,2010-08-17,Completed,Unknown,0.0,68
858,12431,1,2010-08-17,Completed,Unknown,0.0,7
859,12613,14,2010-08-17,Completed,Unknown,0.0,20
860,12412,10,2010-08-17,Returned,Unknown,0.0,3
861,12474,14,2010-08-18,Completed,Unknown,0.0,33
862,12435,10,2010-08-19,Completed,Unknown,0.0,32
863,12484,32,2010-08-19,Returned,Unknown,0.0,3
864,12801,33,2010-08-19,Returned,Unknown,0.0,1
865,12647,14,2010-08-19,Completed,Unknown,0.0,23
866,17829,37,2010-08-19,Completed,Unknown,0.0,75
867,12865,2,2010-08-20,Completed,Unknown,0.0,62
868,12720,14,2010-08-20,Returned,Unknown,0.0,3
869,15702,25,2010-08-20,Completed,Unknown,0.0,29
870,14566,7,2010-08-20,Completed,Unknown,0.0,2
871,13520,34,2010-08-20,Completed,Unknown,0.0,27
872,12519,14,2010-08-20,Completed,Unknown,0.0,21
873,12433,26,2010-08-20,Completed,Unknown,0.0,8
874,14646,24,2010-08-20,Completed,Unknown,0.0,1
875,12866,4,2010-08-22,Completed,Unknown,0.0,16
876,12450,32,2010-08-22,Completed,Unknown,0.0,11
877,12471,14,2010-08-22,Completed,Unknown,0.0,18
878,12471,14,2010-08-22,Completed,Unknown,0.0,4
879,17508,15,2010-08-23,Completed,Unknown,0.0,33
880,18140,39,2010-08-23,Completed,Unknown,0.0,49
881,12678,13,2010-08-23,Completed,Unknown,0.0,22
882,12720,14,2010-08-24,Returned,Unknown,0.0,3
883,12472,14,2010-08-24,Completed,Unknown,0.0,46
884,12765,24,2010-08-24,Completed,Unknown,0.0,12
885,12720,14,2010-08-24,Completed,Unknown,0.0,3
886,12721,13,2010-08-25,Completed,Unknown,0.0,41
887,12682,13,2010-08-25,Completed,Unknown,0.0,20
888,12720,14,2010-08-25,Completed,Unknown,0.0,21
889,12599,13,2010-08-25,Completed,Unknown,0.0,8
890,13520,34,2010-08-25,Returned,Unknown,0.0,2
891,12621,14,2010-08-25,Completed,Unknown,0.0,9
892,12720,14,2010-08-26,Returned,Unknown,0.0,2
893,14930,7,2010-08-26,Completed,Unknown,0.0,48
894,12621,14,2010-08-26,Completed,Unknown,0.0,17
895,12802,24,2010-08-26,Completed,Unknown,0.0,27
896,12800,28,2010-08-26,Completed,Unknown,0.0,9
897,12779,27,2010-08-26,Completed,Unknown,0.0,22
898,15480,23,2010-08-27,Completed,Unknown,0.0,123
899,12573,13,2010-08-31,Completed,Unknown,0.0,9
900,12423,10,2010-08-31,Completed,Unknown,0.0,12
901,14646,24,2010-08-31,Returned,Unknown,0.0,5
902,12709,14,2010-08-31,Returned,Unknown,0.0,4
903,12804,24,2010-08-31,Completed,Unknown,0.0,21
904,12623,14,2010-08-31,Completed,Unknown,0.0,21
905,12540,32,2010-08-31,Completed,Unknown,0.0,26
906,12380,4,2010-08-31,Completed,Unknown,0.0,44
907,12651,13,2010-08-31,Completed,Unknown,0.0,8
908,12721,13,2010-09-01,Returned,Unknown,0.0,9
909,12621,14,2010-09-01,Returned,Unknown,0.0,1
910,12771,28,2010-09-01,Returned,Unknown,0.0,1
911,12519,14,2010-09-01,Returned,Unknown,0.0,2
912,16320,38,2010-09-01,Returned,Unknown,0.0,1
913,12720,14,2010-09-01,Returned,Unknown,0.0,6
914,12645,14,2010-09-01,Completed,Unknown,0.0,25
915,12802,24,2010-09-01,Returned,Unknown,0.0,1
916,14646,24,2010-09-01,Completed,Unknown,0.0,39
917,13815,14,2010-09-01,Completed,Unknown,0.0,29
918,14265,38,2010-09-01,Completed,Unknown,0.0,34
919,12391,8,2010-09-01,Completed,Unknown,0.0,69
920,12761,24,2010-09-01,Completed,Unknown,0.0,25
921,12414,2,2010-09-02,Returned,Unknown,0.0,7
922,12451,34,2010-09-02,Completed,Unknown,0.0,42
923,12598,13,2010-09-02,Completed,Unknown,0.0,34
924,12788,24,2010-09-02,Completed,Unknown,0.0,6
925,12414,2,2010-09-02,Completed,Unknown,0.0,7
926,12431,1,2010-09-02,Completed,Unknown,0.0,1
927,12471,14,2010-09-02,Completed,Unknown,0.0,1
928,12451,34,2010-09-02,Completed,Unknown,0.0,4
929,12589,13,2010-09-02,Completed,Unknown,0.0,42
930,14646,24,2010-09-02,Completed,Unknown,0.0,18
931,12361,4,2010-09-03,Completed,Unknown,0.0,5
932,12683,13,2010-09-03,Completed,Unknown,0.0,18
933,12681,13,2010-09-03,Completed,Unknown,0.0,25
934,12808,28,2010-09-03,Completed,Unknown,0.0,12
935,12450,32,2010-09-03,Returned,Unknown,0.0,1
936,12440,2,2010-09-03,Completed,Unknown,0.0,10
937,13809,8,2010-09-05,Completed,Unknown,0.0,9
938,12437,13,2010-09-05,Completed,Unknown,0.0,7
939,12647,14,2010-09-05,Completed,Unknown,0.0,25
940,12744,31,2010-09-06,Completed,Unknown,0.0,16
941,12510,32,2010-09-06,Completed,Unknown,0.0,40
942,12524,14,2010-09-06,Completed,Unknown,0.0,4
943,12758,28,2010-09-06,Completed,Unknown,0.0,36
944,12779,27,2010-09-06,Completed,Unknown,0.0,4
945,12490,13,2010-09-06,Completed,Unknown,0.0,23
946,12744,31,2010-09-06,Completed,Unknown,0.0,7
947,12744,31,2010-09-06,Completed,Unknown,0.0,58
948,12779,27,2010-09-06,Returned,Unknown,0.0,6
949,17404,33,2010-09-06,Completed,Unknown,0.0,10
950,14442,7,2010-09-06,Completed,Unknown,0.0,31
951,12437,13,2010-09-07,Completed,Unknown,0.0,16
952,12576,27,2010-09-07,Completed,Unknown,0.0,13
953,12605,14,2010-09-07,Completed,Unknown,0.0,13
954,14646,24,2010-09-07,Completed,Unknown,0.0,1
955,12594,18,2010-09-08,Completed,Unknown,0.0,9
956,12471,14,2010-09-08,Completed,Unknown,0.0,15
957,12575,13,2010-09-08,Completed,Unknown,0.0,14
958,12440,2,2010-09-08,Returned,Unknown,0.0,3
959,12471,14,2010-09-08,Completed,Unknown,0.0,2
960,12708,14,2010-09-09,Completed,Unknown,0.0,14
961,12683,13,2010-09-09,Completed,Unknown,0.0,15
962,12631,12,2010-09-09,Completed,Unknown,0.0,38
963,12681,13,2010-09-09,Completed,Unknown,0.0,61
964,12460,4,2010-09-09,Completed,Unknown,0.0,17
965,12647,14,2010-09-09,Completed,Unknown,0.0,2
966,12682,13,2010-09-09,Completed,Unknown,0.0,17
967,12770,19,2010-09-09,Completed,Unknown,0.0,16
968,12714,13,2010-09-09,Completed,Unknown,0.0,82
969,12635,14,2010-09-09,Completed,Unknown,0.0,48
970,12621,14,2010-09-09,Returned,Unknown,0.0,1
971,12615,13,2010-09-10,Returned,Unknown,0.0,3
972,12760,24,2010-09-10,Completed,Unknown,0.0,20
973,12474,14,2010-09-10,Completed,Unknown,0.0,34
974,16320,38,2010-09-12,Completed,Unknown,0.0,76
975,12471,14,2010-09-13,Returned,Unknown,0.0,1
976,12683,13,2010-09-13,Returned,Unknown,0.0,2
977,12530,14,2010-09-13,Completed,Unknown,0.0,20
978,12693,14,2010-09-13,Completed,Unknown,0.0,7
979,12476,14,2010-09-14,Completed,Unknown,0.0,28
980,12682,13,2010-09-14,Completed,Unknown,0.0,17
981,12778,24,2010-09-14,Completed,Unknown,0.0,12
982,12621,14,2010-09-14,Completed,Unknown,0.0,15
983,12483,33,2010-09-14,Completed,Unknown,0.0,9
984,12583,13,2010-09-14,Completed,Unknown,0.0,16
985,12474,14,2010-09-14,Returned,Unknown,0.0,2
986,12733,36,2010-09-14,Returned,Unknown,0.0,4
987,12450,32,2010-09-14,Completed,Unknown,0.0,5
988,12709,14,2010-09-15,Completed,Unknown,0.0,25
989,12402,4,2010-09-15,Completed,Unknown,0.0,8
990,12408,4,2010-09-15,Completed,Unknown,0.0,15
991,12422,34,2010-09-15,Completed,Unknown,0.0,15
992,12768,20,2010-09-15,Completed,Unknown,0.0,10
993,12481,14,2010-09-15,Completed,Unknown,0.0,68
994,12539,32,2010-09-15,Completed,Unknown,0.0,23
995,14646,24,2010-09-15,Completed,Unknown,0.0,41
996,12472,14,2010-09-16,Returned,Unknown,0.0,10
997,12782,28,2010-09-16,Completed,Unknown,0.0,37
998,12433,26,2010-09-16,Completed,Unknown,0.0,53
999,12437,13,2010-09-16,Completed,Unknown,0.0,3
1000,12600,14,2010-09-16,Completed,Unknown,0.0,3
1001,12369,2,2010-09-16,Completed,Unknown,0.0,74
1002,12474,14,2010-09-16,Returned,Unknown,0.0,2
1003,12554,32,2010-09-17,Completed,Unknown,0.0,25
1004,12425,28,2010-09-17,Completed,Unknown,0.0,55
1005,12662,14,2010-09-17,Completed,Unknown,0.0,20
1006,12598,13,2010-09-17,Returned,Unknown,0.0,1
1007,12543,32,2010-09-17,Completed,Unknown,0.0,42
1008,14646,24,2010-09-19,Completed,Unknown,0.0,22
1009,12643,13,2010-09-20,Completed,Unknown,0.0,1
1010,12524,14,2010-09-20,Completed,Unknown,0.0,35
1011,12524,14,2010-09-20,Completed,Unknown,0.0,1
1012,12437,13,2010-09-20,Completed,Unknown,0.0,10
1013,12388,1,2010-09-20,Completed,Unknown,0.0,20
1014,12455,8,2010-09-20,Completed,Unknown,0.0,17
1015,12417,4,2010-09-20,Completed,Unknown,0.0,16
1016,12708,14,2010-09-20,Returned,Unknown,0.0,2
1017,14933,7,2010-09-21,Completed,Unknown,0.0,1
1018,12802,24,2010-09-21,Completed,Unknown,0.0,17
1019,12474,14,2010-09-21,Completed,Unknown,0.0,28
1020,12600,14,2010-09-21,Returned,Unknown,0.0,2
1021,12474,14,2010-09-21,Returned,Unknown,0.0,3
1022,14936,7,2010-09-21,Completed,Unknown,0.0,57
1023,12751,5,2010-09-21,Completed,Unknown,0.0,61
1024,12681,13,2010-09-22,Completed,Unknown,0.0,35
1025,14933,7,2010-09-22,Completed,Unknown,0.0,1
1026,14933,7,2010-09-22,Completed,Unknown,0.0,1
1027,14933,7,2010-09-22,Completed,Unknown,0.0,1
1028,12578,18,2010-09-22,Completed,Unknown,0.0,38
1029,14439,15,2010-09-22,Completed,Unknown,0.0,8
1030,14933,7,2010-09-22,Returned,Unknown,0.0,1
1031,12450,32,2010-09-22,Returned,Unknown,0.0,2
1032,12437,13,2010-09-23,Returned,Unknown,0.0,1
1033,12731,13,2010-09-23,Completed,Unknown,0.0,46
1034,12727,13,2010-09-23,Completed,Unknown,0.0,12
1035,12782,28,2010-09-24,Returned,Unknown,0.0,5
1036,14646,24,2010-09-24,Completed,Unknown,0.0,85
1037,12429,10,2010-09-24,Completed,Unknown,0.0,1
1038,12429,10,2010-09-24,Completed,Unknown,0.0,30
1039,14934,7,2010-09-24,Completed,Unknown,0.0,29
1040,14934,7,2010-09-24,Completed,Unknown,0.0,31
1041,14646,24,2010-09-24,Completed,Unknown,0.0,30
1042,12782,28,2010-09-26,Returned,Unknown,0.0,5
1043,12471,14,2010-09-27,Completed,Unknown,0.0,9
1044,12471,14,2010-09-27,Completed,Unknown,0.0,21
1045,14646,24,2010-09-27,Completed,Unknown,0.0,37
1046,12348,12,2010-09-27,Completed,Unknown,0.0,19
1047,12474,14,2010-09-27,Returned,Unknown,0.0,1
1048,12471,14,2010-09-27,Completed,Unknown,0.0,12
1049,12449,10,2010-09-27,Completed,Unknown,0.0,9
1050,12782,28,2010-09-28,Completed,Unknown,0.0,5
1051,12648,14,2010-09-28,Completed,Unknown,0.0,25
1052,12759,24,2010-09-28,Completed,Unknown,0.0,40
1053,12476,14,2010-09-28,Completed,Unknown,0.0,33
1054,12408,4,2010-09-28,Returned,Unknown,0.0,1
1055,12481,14,2010-09-28,Returned,Unknown,0.0,1
1056,14277,13,2010-09-28,Returned,Unknown,0.0,30
1057,12540,32,2010-09-29,Completed,Unknown,0.0,24
1058,12661,33,2010-09-29,Completed,Unknown,0.0,11
1059,12524,14,2010-09-29,Returned,Unknown,0.0,2
1060,12681,13,2010-09-29,Returned,Unknown,0.0,2
1061,12483,33,2010-09-29,Completed,Unknown,0.0,1
1062,12562,13,2010-09-30,Completed,Unknown,0.0,19
1063,12523,13,2010-09-30,Completed,Unknown,0.0,12
1064,12500,14,2010-09-30,Completed,Unknown,0.0,8
1065,12457,34,2010-09-30,Completed,Unknown,0.0,21
1066,12808,28,2010-09-30,Completed,Unknown,0.0,7
1067,12472,14,2010-09-30,Completed,Unknown,0.0,35
1068,12705,14,2010-09-30,Completed,Unknown,0.0,57
1069,12576,27,2010-09-30,Returned,Unknown,0.0,1
1070,12598,13,2010-09-30,Returned,Unknown,0.0,1
1071,12705,14,2010-09-30,Returned,Unknown,0.0,1
1072,14568,7,2010-09-30,Completed,Unknown,0.0,47
1073,12720,14,2010-10-01,Returned,Unknown,0.0,1
1074,12417,32,2010-10-01,Completed,Unknown,0.0,10
1075,12817,2,2010-10-01,Completed,Unknown,0.0,8
1076,12648,14,2010-10-01,Returned,Unknown,0.0,1
1077,12696,12,2010-10-01,Completed,Unknown,0.0,27
1078,12639,33,2010-10-01,Completed,Unknown,0.0,26
1079,12609,14,2010-10-01,Completed,Unknown,0.0,20
1080,14646,24,2010-10-01,Completed,Unknown,0.0,2
1081,12652,14,2010-10-01,Completed,Unknown,0.0,3
1082,12471,14,2010-10-01,Returned,Unknown,0.0,5
1083,12474,14,2010-10-01,Returned,Unknown,0.0,1
1084,14646,24,2010-10-01,Completed,Unknown,0.0,18
1085,14564,7,2010-10-01,Completed,Unknown,0.0,68
1086,12557,32,2010-10-03,Completed,Unknown,0.0,14
1087,12600,14,2010-10-03,Completed,Unknown,0.0,6
1088,12583,13,2010-10-03,Completed,Unknown,0.0,25
1089,12490,13,2010-10-03,Completed,Unknown,0.0,15
1090,12631,12,2010-10-04,Returned,Unknown,0.0,3
1091,12474,14,2010-10-04,Completed,Unknown,0.0,49
1092,12768,20,2010-10-04,Returned,Unknown,0.0,10
1093,12726,13,2010-10-04,Completed,Unknown,0.0,25
1094,12486,33,2010-10-04,Completed,Unknown,0.0,48
1095,12471,14,2010-10-04,Completed,Unknown,0.0,7
1096,12471,14,2010-10-04,Completed,Unknown,0.0,12
1097,12474,14,2010-10-04,Returned,Unknown,0.0,1
1098,12644,14,2010-10-05,Completed,Unknown,0.0,33
1099,17097,32,2010-10-05,Completed,Unknown,0.0,56
1100,12468,14,2010-10-05,Returned,Unknown,0.0,2
1101,12437,13,2010-10-05,Completed,Unknown,0.0,9
1102,14564,7,2010-10-05,Returned,Unknown,0.0,1
1103,12425,28,2010-10-05,Returned,Unknown,0.0,4
1104,12516,14,2010-10-05,Completed,Unknown,0.0,22
1105,13022,4,2010-10-06,Completed,Unknown,0.0,4
1106,12668,14,2010-10-06,Completed,Unknown,0.0,87
1107,12471,14,2010-10-07,Completed,Unknown,0.0,16
1108,12393,1,2010-10-07,Completed,Unknown,0.0,16
1109,12472,14,2010-10-07,Returned,Unknown,0.0,12
1110,12578,18,2010-10-07,Returned,Unknown,0.0,3
1111,12429,10,2010-10-07,Returned,Unknown,0.0,1
1112,12511,15,2010-10-07,Completed,Unknown,0.0,190
1113,12811,28,2010-10-08,Completed,Unknown,0.0,13
1114,14646,24,2010-10-08,Completed,Unknown,0.0,11
1115,12471,14,2010-10-08,Returned,Unknown,0.0,6
1116,12480,14,2010-10-08,Completed,Unknown,0.0,37
1117,12458,34,2010-10-08,Completed,Unknown,0.0,25
1118,17404,33,2010-10-08,Completed,Unknown,0.0,20
1119,14564,7,2010-10-08,Returned,Unknown,0.0,1
1120,12422,1,2010-10-10,Completed,Unknown,0.0,6
1121,12676,33,2010-10-10,Completed,Unknown,0.0,25
1122,12359,8,2010-10-10,Completed,Unknown,0.0,31
1123,12656,13,2010-10-10,Completed,Unknown,0.0,46
1124,12797,28,2010-10-11,Completed,Unknown,0.0,16
1125,14568,7,2010-10-11,Returned,Unknown,0.0,1
1126,13919,10,2010-10-11,Completed,Unknown,0.0,16
1127,12678,13,2010-10-11,Completed,Unknown,0.0,52
1128,12782,28,2010-10-11,Completed,Unknown,0.0,25
1129,12356,28,2010-10-11,Completed,Unknown,0.0,36
1130,12573,13,2010-10-11,Completed,Unknown,0.0,19
1131,17829,37,2010-10-11,Completed,Unknown,0.0,11
1132,12682,13,2010-10-11,Completed,Unknown,0.0,20
1133,12476,14,2010-10-12,Returned,Unknown,0.0,2
1134,12471,14,2010-10-12,Returned,Unknown,0.0,5
1135,12649,14,2010-10-12,Completed,Unknown,0.0,21
1136,12553,13,2010-10-12,Completed,Unknown,0.0,24
1137,12467,36,2010-10-12,Completed,Unknown,0.0,9
1138,12647,14,2010-10-12,Completed,Unknown,0.0,20
1139,12599,13,2010-10-12,Completed,Unknown,0.0,8
1140,12655,13,2010-10-12,Completed,Unknown,0.0,15
1141,12629,33,2010-10-12,Completed,Unknown,0.0,19
1142,12605,14,2010-10-12,Completed,Unknown,0.0,29
1143,12437,13,2010-10-13,Completed,Unknown,0.0,12
1144,12540,32,2010-10-13,Completed,Unknown,0.0,50
1145,14646,24,2010-10-13,Completed,Unknown,0.0,1
1146,12471,14,2010-10-13,Completed,Unknown,0.0,16
1147,12582,12,2010-10-13,Completed,Unknown,0.0,28
1148,12709,14,2010-10-13,Returned,Unknown,0.0,4
1149,12480,14,2010-10-13,Returned,Unknown,0.0,3
1150,12681,13,2010-10-13,Completed,Unknown,0.0,29
1151,12424,1,2010-10-13,Completed,Unknown,0.0,47
1152,12379,4,2010-10-13,Completed,Unknown,0.0,22
1153,14646,24,2010-10-13,Completed,Unknown,0.0,78
1154,12374,2,2010-10-14,Completed,Unknown,0.0,13
1155,12589,13,2010-10-14,Completed,Unknown,0.0,28
1156,12589,13,2010-10-14,Completed,Unknown,0.0,28
1157,12798,19,2010-10-14,Completed,Unknown,0.0,25
1158,14930,7,2010-10-14,Returned,Unknown,0.0,1
1159,12589,13,2010-10-14,Returned,Unknown,0.0,28
1160,12694,13,2010-10-14,Completed,Unknown,0.0,45
1161,12454,32,2010-10-14,Completed,Unknown,0.0,8
1162,14646,24,2010-10-14,Completed,Unknown,0.0,2
1163,12709,14,2010-10-15,Completed,Unknown,0.0,6
1164,12409,34,2010-10-15,Completed,Unknown,0.0,65
1165,12691,13,2010-10-15,Completed,Unknown,0.0,6
1166,12445,32,2010-10-15,Completed,Unknown,0.0,20
1167,12437,13,2010-10-15,Completed,Unknown,0.0,19
1168,12417,4,2010-10-15,Completed,Unknown,0.0,14
1169,12712,14,2010-10-15,Completed,Unknown,0.0,17
1170,12415,1,2010-10-15,Completed,Unknown,0.0,16
1171,14646,24,2010-10-15,Completed,Unknown,0.0,1
1172,12457,34,2010-10-18,Returned,Unknown,0.0,3
1173,12504,14,2010-10-18,Completed,Unknown,0.0,4
1174,14566,7,2010-10-18,Completed,Unknown,0.0,4
1175,12699,14,2010-10-18,Completed,Unknown,0.0,40
1176,12665,14,2010-10-18,Completed,Unknown,0.0,5
1177,12376,34,2010-10-18,Completed,Unknown,0.0,10
1178,12594,18,2010-10-19,Completed,Unknown,0.0,28
1179,12454,32,2010-10-19,Completed,Unknown,0.0,8
1180,12476,14,2010-10-19,Completed,Unknown,0.0,4
1181,12476,14,2010-10-19,Completed,Unknown,0.0,51
1182,12623,14,2010-10-19,Completed,Unknown,0.0,19
1183,12454,32,2010-10-19,Returned,Unknown,0.0,8
1184,12523,13,2010-10-20,Completed,Unknown,0.0,8
1185,12694,13,2010-10-20,Returned,Unknown,0.0,1
1186,12421,32,2010-10-20,Completed,Unknown,0.0,15
1187,12530,14,2010-10-20,Completed,Unknown,0.0,13
1188,12387,1,2010-10-20,Completed,Unknown,0.0,9
1189,12643,13,2010-10-20,Completed,Unknown,0.0,6
1190,14442,7,2010-10-21,Completed,Unknown,0.0,32
1191,12589,13,2010-10-21,Returned,Unknown,0.0,2
1192,12471,14,2010-10-21,Returned,Unknown,0.0,3
1193,14442,7,2010-10-21,Completed,Unknown,0.0,1
1194,12511,15,2010-10-21,Returned,Unknown,0.0,4
1195,12400,1,2010-10-21,Completed,Unknown,0.0,11
1196,12725,18,2010-10-21,Completed,Unknown,0.0,33
1197,12586,18,2010-10-21,Completed,Unknown,0.0,31
1198,12369,2,2010-10-22,Completed,Unknown,0.0,8
1199,12418,34,2010-10-22,Completed,Unknown,0.0,28
1200,12621,14,2010-10-22,Completed,Unknown,0.0,25
1201,12787,24,2010-10-22,Completed,Unknown,0.0,23
1202,12615,13,2010-10-22,Completed,Unknown,0.0,10
1203,12419,32,2010-10-22,Completed,Unknown,0.0,19
1204,17829,37,2010-10-22,Returned,Unknown,0.0,1
1205,12797,28,2010-10-22,Returned,Unknown,0.0,1
1206,12553,13,2010-10-22,Returned,Unknown,0.0,1
1207,12615,13,2010-10-22,Completed,Unknown,0.0,40
1208,14277,13,2010-10-24,Completed,Unknown,0.0,27
1209,12494,13,2010-10-24,Completed,Unknown,0.0,10
1210,12720,14,2010-10-24,Completed,Unknown,0.0,41
1211,14277,13,2010-10-24,Completed,Unknown,0.0,52
1212,12523,13,2010-10-25,Returned,Unknown,0.0,1
1213,12481,14,2010-10-25,Completed,Unknown,0.0,16
1214,12790,24,2010-10-25,Completed,Unknown,0.0,15
1215,12417,4,2010-10-25,Completed,Unknown,0.0,16
1216,12437,13,2010-10-25,Returned,Unknown,0.0,2
1217,12577,13,2010-10-26,Completed,Unknown,0.0,9
1218,12530,14,2010-10-26,Returned,Unknown,0.0,1
1219,12475,14,2010-10-26,Completed,Unknown,0.0,24
1220,12411,1,2010-10-26,Completed,Unknown,0.0,22
1221,12431,1,2010-10-26,Completed,Unknown,0.0,13
1222,12577,13,2010-10-26,Completed,Unknown,0.0,56
1223,12524,14,2010-10-26,Completed,Unknown,0.0,9
1224,17829,37,2010-10-26,Completed,Unknown,0.0,1
1225,12371,34,2010-10-26,Completed,Unknown,0.0,69
1226,17404,33,2010-10-26,Completed,Unknown,0.0,4
1227,15390,6,2010-10-26,Completed,Unknown,0.0,50
1228,12645,14,2010-10-26,Completed,Unknown,0.0,19
1229,12775,24,2010-10-26,Completed,Unknown,0.0,8
1230,12647,14,2010-10-27,Returned,Unknown,0.0,1
1231,12471,14,2010-10-27,Returned,Unknown,0.0,1
1232,12563,18,2010-10-27,Completed,Unknown,0.0,12
1233,12591,18,2010-10-27,Completed,Unknown,0.0,36
1234,12505,18,2010-10-27,Completed,Unknown,0.0,41
1235,12537,33,2010-10-27,Completed,Unknown,0.0,42
1236,12353,3,2010-10-27,Completed,Unknown,0.0,20
1237,12676,33,2010-10-27,Completed,Unknown,0.0,10
1238,12766,28,2010-10-28,Completed,Unknown,0.0,65
1239,12474,14,2010-10-28,Returned,Unknown,0.0,1
1240,12790,24,2010-10-28,Returned,Unknown,0.0,3
1241,12349,18,2010-10-28,Completed,Unknown,0.0,54
1242,12422,34,2010-10-29,Completed,Unknown,0.0,22
1243,13815,14,2010-10-29,Completed,Unknown,0.0,36
1244,12395,4,2010-10-29,Completed,Unknown,0.0,17
1245,12651,13,2010-10-29,Completed,Unknown,0.0,5
1246,12705,14,2010-10-29,Completed,Unknown,0.0,76
1247,12347,16,2010-10-31,Completed,Unknown,0.0,40
1248,12601,14,2010-10-31,Completed,Unknown,0.0,5
1249,12708,14,2010-10-31,Completed,Unknown,0.0,22
1250,14934,7,2010-11-01,Returned,Unknown,0.0,29
1251,12494,13,2010-11-01,Returned,Unknown,0.0,2
1252,12492,14,2010-11-01,Completed,Unknown,0.0,21
1253,12413,32,2010-11-02,Completed,Unknown,0.0,12
1254,13520,34,2010-11-02,Completed,Unknown,0.0,17
1255,12412,10,2010-11-02,Completed,Unknown,0.0,8
1256,12681,13,2010-11-02,Completed,Unknown,0.0,29
1257,12476,14,2010-11-02,Completed,Unknown,0.0,56
1258,12483,33,2010-11-02,Completed,Unknown,0.0,1
1259,12483,33,2010-11-02,Completed,Unknown,0.0,5
1260,14934,7,2010-11-02,Returned,Unknown,0.0,31
1261,12797,28,2010-11-02,Returned,Unknown,0.0,1
1262,12594,18,2010-11-02,Returned,Unknown,0.0,2
1263,12389,1,2010-11-02,Completed,Unknown,0.0,23
1264,12417,4,2010-11-03,Returned,Unknown,0.0,1
1265,14646,24,2010-11-03,Completed,Unknown,0.0,37
1266,14912,18,2010-11-03,Completed,Unknown,0.0,13
1267,14912,18,2010-11-03,Completed,Unknown,0.0,4
1268,12673,14,2010-11-03,Completed,Unknown,0.0,31
1269,14646,24,2010-11-03,Completed,Unknown,0.0,14
1270,14646,24,2010-11-03,Completed,Unknown,0.0,6
1271,12793,28,2010-11-03,Completed,Unknown,0.0,19
1272,14646,24,2010-11-03,Completed,Unknown,0.0,22
1273,15481,26,2010-11-03,Completed,Unknown,0.0,38
1274,15332,22,2010-11-04,Completed,Unknown,0.0,41
1275,12393,1,2010-11-04,Returned,Unknown,0.0,5
1276,12720,14,2010-11-04,Returned,Unknown,0.0,3
1277,12708,14,2010-11-04,Returned,Unknown,0.0,3
1278,12497,14,2010-11-04,Completed,Unknown,0.0,26
1279,12770,19,2010-11-04,Returned,Unknown,0.0,1
1280,12474,14,2010-11-04,Returned,Unknown,0.0,2
1281,12445,32,2010-11-04,Returned,Unknown,0.0,1
1282,12540,32,2010-11-04,Completed,Unknown,0.0,10
1283,12433,26,2010-11-05,Completed,Unknown,0.0,78
1284,12770,19,2010-11-05,Returned,Unknown,0.0,1
1285,12476,14,2010-11-05,Returned,Unknown,0.0,1
1286,12817,2,2010-11-05,Completed,Unknown,0.0,11
1287,12477,14,2010-11-05,Completed,Unknown,0.0,71
1288,12406,10,2010-11-05,Completed,Unknown,0.0,26
1289,12712,14,2010-11-05,Completed,Unknown,0.0,8
1290,12588,12,2010-11-05,Completed,Unknown,0.0,17
1291,12476,14,2010-11-05,Returned,Unknown,0.0,5
1292,12621,14,2010-11-05,Completed,Unknown,0.0,20
1293,12480,14,2010-11-05,Completed,Unknown,0.0,22
1294,17404,33,2010-11-05,Returned,Unknown,0.0,1
1295,12476,14,2010-11-05,Returned,Unknown,0.0,1
1296,12450,32,2010-11-05,Completed,Unknown,0.0,13
1297,12437,13,2010-11-07,Completed,Unknown,0.0,17
1298,12476,14,2010-11-07,Completed,Unknown,0.0,35
1299,12599,13,2010-11-07,Completed,Unknown,0.0,12
1300,12708,14,2010-11-08,Returned,Unknown,0.0,1
1301,12651,13,2010-11-08,Returned,Unknown,0.0,2
1302,13815,14,2010-11-08,Returned,Unknown,0.0,4
1303,12720,14,2010-11-08,Returned,Unknown,0.0,1
1304,12681,13,2010-11-08,Returned,Unknown,0.0,2
1305,12435,10,2010-11-08,Completed,Unknown,0.0,28
1306,12778,24,2010-11-08,Completed,Unknown,0.0,23
1307,12693,14,2010-11-08,Completed,Unknown,0.0,1
1308,15390,6,2010-11-08,Completed,Unknown,0.0,27
1309,12472,14,2010-11-08,Completed,Unknown,0.0,59
1310,12454,32,2010-11-09,Completed,Unknown,0.0,8
1311,12454,32,2010-11-09,Returned,Unknown,0.0,8
1312,12476,14,2010-11-09,Returned,Unknown,0.0,7
1313,12681,13,2010-11-09,Completed,Unknown,0.0,44
1314,12682,13,2010-11-09,Completed,Unknown,0.0,41
1315,12437,13,2010-11-09,Completed,Unknown,0.0,4
1316,12437,13,2010-11-09,Completed,Unknown,0.0,8
1317,12782,28,2010-11-09,Completed,Unknown,0.0,16
1318,12876,4,2010-11-10,Completed,Unknown,0.0,52
1319,13809,8,2010-11-10,Completed,Unknown,0.0,4
1320,12739,37,2010-11-10,Completed,Unknown,0.0,49
1321,12621,14,2010-11-10,Returned,Unknown,0.0,1
1322,12662,14,2010-11-10,Completed,Unknown,0.0,20
1323,12422,34,2010-11-10,Completed,Unknown,0.0,14
1324,12474,14,2010-11-10,Returned,Unknown,0.0,2
1325,12666,17,2010-11-10,Completed,Unknown,0.0,31
1326,12583,13,2010-11-10,Completed,Unknown,0.0,9
1327,12356,28,2010-11-11,Completed,Unknown,0.0,19
1328,12637,13,2010-11-11,Completed,Unknown,0.0,80
1329,12803,24,2010-11-11,Completed,Unknown,0.0,54
1330,12505,18,2010-11-11,Returned,Unknown,0.0,4
1331,12437,13,2010-11-11,Returned,Unknown,0.0,2
1332,12474,14,2010-11-12,Completed,Unknown,0.0,25
1333,12734,13,2010-11-12,Completed,Unknown,0.0,5
1334,12779,27,2010-11-12,Completed,Unknown,0.0,32
1335,12635,14,2010-11-12,Completed,Unknown,0.0,28
1336,12647,14,2010-11-12,Completed,Unknown,0.0,24
1337,12360,2,2010-11-12,Completed,Unknown,0.0,42
1338,12791,24,2010-11-12,Completed,Unknown,0.0,1
1339,12352,26,2010-11-12,Completed,Unknown,0.0,6
1340,12600,14,2010-11-12,Completed,Unknown,0.0,6
1341,12402,4,2010-11-12,Completed,Unknown,0.0,10
1342,12576,27,2010-11-12,Completed,Unknown,0.0,20
1343,12591,18,2010-11-14,Completed,Unknown,0.0,4
1344,14936,7,2010-11-14,Completed,Unknown,0.0,45
1345,12709,14,2010-11-15,Returned,Unknown,0.0,6
1346,12471,14,2010-11-15,Completed,Unknown,0.0,1
1347,12376,34,2010-11-15,Completed,Unknown,0.0,1
1348,12471,14,2010-11-15,Completed,Unknown,0.0,38
1349,12733,36,2010-11-15,Completed,Unknown,0.0,38
1350,12431,1,2010-11-16,Returned,Unknown,0.0,1
1351,12406,10,2010-11-16,Returned,Unknown,0.0,1
1352,12681,13,2010-11-16,Returned,Unknown,0.0,2
1353,12471,14,2010-11-16,Returned,Unknown,0.0,1
1354,12662,14,2010-11-16,Returned,Unknown,0.0,3
1355,12714,13,2010-11-16,Completed,Unknown,0.0,76
1356,12775,24,2010-11-16,Completed,Unknown,0.0,5
1357,12524,14,2010-11-16,Completed,Unknown,0.0,5
1358,12357,34,2010-11-16,Completed,Unknown,0.0,164
1359,12616,13,2010-11-16,Completed,Unknown,0.0,21
1360,12766,28,2010-11-16,Completed,Unknown,0.0,25
1361,12567,13,2010-11-16,Completed,Unknown,0.0,16
1362,12613,14,2010-11-16,Completed,Unknown,0.0,22
1363,12766,28,2010-11-17,Returned,Unknown,0.0,3
1364,12766,28,2010-11-17,Returned,Unknown,0.0,1
1365,12755,19,2010-11-17,Returned,Unknown,0.0,1
1366,12726,13,2010-11-17,Completed,Unknown,0.0,11
1367,12755,19,2010-11-17,Returned,Unknown,0.0,1
1368,12755,19,2010-11-17,Completed,Unknown,0.0,1
1369,14646,24,2010-11-17,Completed,Unknown,0.0,36
1370,12423,4,2010-11-17,Completed,Unknown,0.0,26
1371,14646,24,2010-11-17,Completed,Unknown,0.0,2
1372,12755,19,2010-11-17,Completed,Unknown,0.0,1
1373,12759,24,2010-11-18,Completed,Unknown,0.0,39
1374,12779,27,2010-11-18,Returned,Unknown,0.0,1
1375,12709,14,2010-11-18,Completed,Unknown,0.0,1
1376,12621,14,2010-11-18,Completed,Unknown,0.0,10
1377,12471,14,2010-11-18,Returned,Unknown,0.0,4
1378,14646,24,2010-11-18,Completed,Unknown,0.0,1
1379,12467,36,2010-11-18,Returned,Unknown,0.0,9
1380,12709,14,2010-11-18,Completed,Unknown,0.0,8
1381,12807,33,2010-11-18,Returned,Unknown,0.0,1
1382,12643,13,2010-11-19,Completed,Unknown,0.0,7
1383,12399,4,2010-11-19,Completed,Unknown,0.0,14
1384,14932,7,2010-11-19,Completed,Unknown,0.0,14
1385,12629,33,2010-11-19,Completed,Unknown,0.0,24
1386,12562,13,2010-11-19,Completed,Unknown,0.0,18
1387,12647,14,2010-11-19,Completed,Unknown,0.0,17
1388,12419,32,2010-11-19,Completed,Unknown,0.0,4
1389,12471,14,2010-11-19,Returned,Unknown,0.0,1
1390,12755,19,2010-11-19,Returned,Unknown,0.0,1
1391,12578,18,2010-11-19,Completed,Unknown,0.0,18
1392,12874,4,2010-11-19,Completed,Unknown,0.0,21
1393,12721,13,2010-11-19,Completed,Unknown,0.0,35
1394,12670,13,2010-11-19,Completed,Unknown,0.0,14
1395,12408,4,2010-11-19,Completed,Unknown,0.0,27
1396,12755,19,2010-11-19,Completed,Unknown,0.0,1
1397,12682,13,2010-11-19,Completed,Unknown,0.0,22
1398,12553,13,2010-11-19,Completed,Unknown,0.0,21
1399,12583,13,2010-11-19,Completed,Unknown,0.0,16
1400,12728,13,2010-11-21,Completed,Unknown,0.0,14
1401,12705,14,2010-11-21,Completed,Unknown,0.0,25
1402,12705,14,2010-11-21,Completed,Unknown,0.0,12
1403,12573,13,2010-11-21,Completed,Unknown,0.0,21
1404,12724,13,2010-11-21,Completed,Unknown,0.0,17
1405,14912,18,2010-11-21,Returned,Unknown,0.0,1
1406,12807,33,2010-11-21,Completed,Unknown,0.0,15
1407,12616,13,2010-11-22,Returned,Unknown,0.0,1
1408,12393,1,2010-11-22,Completed,Unknown,0.0,27
1409,12649,14,2010-11-22,Completed,Unknown,0.0,25
1410,12681,13,2010-11-22,Completed,Unknown,0.0,77
1411,14646,24,2010-11-22,Completed,Unknown,0.0,93
1412,12633,14,2010-11-22,Completed,Unknown,0.0,33
1413,17508,15,2010-11-23,Completed,Unknown,0.0,38
1414,12805,24,2010-11-23,Completed,Unknown,0.0,21
1415,12573,13,2010-11-23,Completed,Unknown,0.0,42
1416,12434,1,2010-11-23,Completed,Unknown,0.0,20
1417,12577,13,2010-11-23,Completed,Unknown,0.0,43
1418,12377,34,2010-11-23,Completed,Unknown,0.0,27
1419,12599,13,2010-11-23,Completed,Unknown,0.0,7
1420,12380,4,2010-11-23,Returned,Unknown,0.0,3
1421,12662,14,2010-11-23,Completed,Unknown,0.0,12
1422,12577,13,2010-11-23,Completed,Unknown,0.0,30
1423,14646,24,2010-11-24,Returned,Unknown,0.0,16
1424,14646,24,2010-11-24,Completed,Unknown,0.0,8
1425,12356,28,2010-11-24,Completed,Unknown,0.0,25
1426,12408,4,2010-11-25,Returned,Unknown,0.0,2
1427,12385,4,2010-11-25,Completed,Unknown,0.0,64
1428,12474,14,2010-11-26,Returned,Unknown,0.0,2
1429,12651,13,2010-11-26,Completed,Unknown,0.0,8
1430,12540,32,2010-11-26,Completed,Unknown,0.0,17
1431,12490,13,2010-11-26,Completed,Unknown,0.0,27
1432,12865,2,2010-11-26,Completed,Unknown,0.0,38
1433,12483,33,2010-11-26,Completed,Unknown,0.0,7
1434,12474,14,2010-11-26,Completed,Unknown,0.0,22
1435,12594,18,2010-11-26,Completed,Unknown,0.0,17
1436,12668,14,2010-11-26,Completed,Unknown,0.0,48
1437,14934,7,2010-11-26,Completed,Unknown,0.0,36
1438,12637,13,2010-11-26,Completed,Unknown,0.0,46
1439,12681,13,2010-11-26,Completed,Unknown,0.0,29
1440,12811,28,2010-11-26,Completed,Unknown,0.0,10
1441,12538,32,2010-11-26,Completed,Unknown,0.0,13
1442,12481,14,2010-11-28,Completed,Unknown,0.0,26
1443,12605,14,2010-11-28,Completed,Unknown,0.0,30
1444,12621,14,2010-11-28,Completed,Unknown,0.0,24
1445,12351,38,2010-11-29,Completed,Unknown,0.0,21
1446,12415,1,2010-11-29,Completed,Unknown,0.0,99
1447,14646,24,2010-11-29,Completed,Unknown,0.0,2
1448,14646,24,2010-11-29,Completed,Unknown,0.0,8
1449,14646,24,2010-11-29,Completed,Unknown,0.0,20
1450,12523,13,2010-11-29,Completed,Unknown,0.0,8
1451,12767,20,2010-11-29,Completed,Unknown,0.0,43
1452,12358,2,2010-11-29,Completed,Unknown,0.0,22
1453,12352,26,2010-11-29,Completed,Unknown,0.0,12
1454,12600,14,2010-11-29,Completed,Unknown,0.0,2
1455,12678,13,2010-11-29,Completed,Unknown,0.0,10
1456,12705,14,2010-11-30,Returned,Unknown,0.0,9
1457,12476,14,2010-11-30,Returned,Unknown,0.0,1
1458,14646,24,2010-11-30,Completed,Unknown,0.0,5
1459,14646,24,2010-11-30,Completed,Unknown,0.0,35
1460,12609,14,2010-11-30,Completed,Unknown,0.0,24
1461,12471,14,2010-11-30,Completed,Unknown,0.0,34
1462,12471,14,2010-11-30,Completed,Unknown,0.0,7
1463,12471,14,2010-11-30,Completed,Unknown,0.0,29
1464,12523,13,2010-11-30,Completed,Unknown,0.0,1
1465,12782,28,2010-11-30,Completed,Unknown,0.0,21
1466,12734,13,2010-11-30,Completed,Unknown,0.0,9
1467,12586,18,2010-11-30,Completed,Unknown,0.0,33
1468,14646,24,2010-11-30,Completed,Unknown,0.0,12
1469,12472,14,2010-12-01,Returned,Unknown,0.0,14
1470,12583,13,2010-12-01,Completed,Unknown,0.0,19
1471,12431,1,2010-12-01,Completed,Unknown,0.0,14
1472,12791,24,2010-12-01,Completed,Unknown,0.0,1
1473,12662,14,2010-12-01,Completed,Unknown,0.0,14
1474,12433,26,2010-12-01,Completed,Unknown,0.0,73
1475,12738,14,2010-12-02,Completed,Unknown,0.0,10
1476,12471,14,2010-12-02,Returned,Unknown,0.0,1
1477,12686,13,2010-12-03,Completed,Unknown,0.0,6
1478,12395,4,2010-12-03,Completed,Unknown,0.0,11
1479,12725,18,2010-12-03,Completed,Unknown,0.0,23
1480,12793,28,2010-12-03,Completed,Unknown,0.0,6
1481,12712,14,2010-12-03,Completed,Unknown,0.0,8
1482,12600,14,2010-12-03,Completed,Unknown,0.0,1
1483,12779,27,2010-12-03,Completed,Unknown,0.0,8
1484,12557,32,2010-12-03,Completed,Unknown,0.0,5
1485,12427,14,2010-12-03,Completed,Unknown,0.0,9
1486,13520,34,2010-12-03,Completed,Unknown,0.0,5
1487,12682,13,2010-12-03,Completed,Unknown,0.0,15
1488,12567,13,2010-12-05,Completed,Unknown,0.0,62
1489,15332,22,2010-12-05,Completed,Unknown,0.0,25
1490,15332,22,2010-12-05,Completed,Unknown,0.0,8
1491,15332,22,2010-12-05,Completed,Unknown,0.0,1
1492,12472,14,2010-12-05,Completed,Unknown,0.0,69
1493,12647,14,2010-12-05,Completed,Unknown,0.0,1
1494,12647,14,2010-12-05,Completed,Unknown,0.0,15
1495,12763,19,2010-12-05,Completed,Unknown,0.0,16
1496,12720,14,2010-12-05,Completed,Unknown,0.0,29
1497,12708,14,2010-12-06,Completed,Unknown,0.0,13
1498,12808,28,2010-12-06,Completed,Unknown,0.0,6
1499,12586,18,2010-12-06,Returned,Unknown,0.0,1
1500,12474,14,2010-12-06,Returned,Unknown,0.0,1
1501,12347,16,2010-12-07,Completed,Unknown,0.0,31
1502,12567,13,2010-12-07,Completed,Unknown,0.0,19
1503,12681,13,2010-12-07,Completed,Unknown,0.0,40
1504,12647,14,2010-12-07,Completed,Unknown,0.0,16
1505,12712,14,2010-12-08,Returned,Unknown,0.0,1
1506,12433,26,2010-12-08,Completed,Unknown,0.0,74
1507,12386,1,2010-12-08,Completed,Unknown,0.0,8
1508,15332,22,2010-12-08,Completed,Unknown,0.0,1
1509,12766,28,2010-12-08,Completed,Unknown,0.0,52
1510,12441,13,2010-12-08,Completed,Unknown,0.0,10
1511,12709,14,2010-12-08,Completed,Unknown,0.0,6
1512,12649,14,2010-12-09,Returned,Unknown,0.0,2
1513,12797,28,2010-12-09,Completed,Unknown,0.0,12
1514,12494,13,2010-12-09,Completed,Unknown,0.0,2
1515,12712,14,2010-12-09,Completed,Unknown,0.0,10
1516,14932,7,2010-12-09,Completed,Unknown,0.0,16
1517,12481,14,2010-12-09,Completed,Unknown,0.0,9
1518,12429,10,2010-12-09,Completed,Unknown,0.0,19
1519,12683,13,2010-12-09,Completed,Unknown,0.0,40
1520,12682,13,2010-12-09,Completed,Unknown,0.0,32
1521,12721,13,2010-12-09,Returned,Unknown,0.0,3
1522,12621,14,2010-12-09,Completed,Unknown,0.0,13
1523,12755,19,2010-12-09,Completed,Unknown,0.0,1
1524,12683,13,2010-12-09,Completed,Unknown,0.0,12
1525,17097,32,2010-12-09,Completed,Unknown,0.0,40
1526,12605,14,2010-12-09,Returned,Unknown,0.0,3
1527,12471,14,2010-12-10,Completed,Unknown,0.0,46
1528,12731,13,2010-12-10,Completed,Unknown,0.0,15
1529,12785,28,2010-12-10,Completed,Unknown,0.0,13
1530,12753,19,2010-12-12,Completed,Unknown,0.0,48
1531,12476,14,2010-12-13,Returned,Unknown,0.0,2
1532,12476,14,2010-12-13,Returned,Unknown,0.0,2
1533,12540,32,2010-12-13,Completed,Unknown,0.0,19
1534,12476,14,2010-12-13,Completed,Unknown,0.0,2
1535,12434,1,2010-12-14,Returned,Unknown,0.0,3
1536,12797,28,2010-12-14,Returned,Unknown,0.0,3
1537,12797,28,2010-12-14,Returned,Unknown,0.0,1
1538,17404,33,2010-12-14,Completed,Unknown,0.0,1
1539,12370,8,2010-12-14,Completed,Unknown,0.0,82
1540,17404,33,2010-12-14,Returned,Unknown,0.0,1
1541,12865,2,2010-12-15,Returned,Unknown,0.0,1
1542,12647,14,2010-12-15,Returned,Unknown,0.0,6
1543,12666,17,2010-12-15,Returned,Unknown,0.0,2
1544,12577,13,2010-12-15,Completed,Unknown,0.0,67
1545,12621,14,2010-12-16,Returned,Unknown,0.0,1
1546,12494,13,2010-12-16,Returned,Unknown,0.0,1
1547,12494,13,2010-12-16,Returned,Unknown,0.0,1
1548,12348,12,2010-12-16,Completed,Unknown,0.0,12
1549,12494,13,2010-12-16,Completed,Unknown,0.0,1
1550,12600,14,2010-12-17,Completed,Unknown,0.0,4
1551,12370,2,2010-12-17,Completed,Unknown,0.0,7
1552,17404,33,2010-12-17,Completed,Unknown,0.0,25
1553,12551,32,2010-12-17,Completed,Unknown,0.0,10
1554,12782,28,2010-12-17,Completed,Unknown,0.0,21
1555,12417,4,2010-12-17,Completed,Unknown,0.0,10
1556,12471,14,2010-12-17,Completed,Unknown,0.0,26
1557,12471,14,2010-12-17,Completed,Unknown,0.0,1
1558,12709,14,2010-12-17,Completed,Unknown,0.0,7
1559,12647,14,2010-12-17,Completed,Unknown,0.0,10
1560,12621,14,2010-12-17,Completed,Unknown,0.0,17
1561,12726,13,2010-12-17,Completed,Unknown,0.0,5
1562,12720,14,2010-12-17,Completed,Unknown,0.0,14
1563,12431,1,2010-12-17,Completed,Unknown,0.0,9
1564,12691,13,2010-12-17,Completed,Unknown,0.0,4
1565,12705,14,2010-12-17,Completed,Unknown,0.0,29
1566,12395,4,2010-12-17,Completed,Unknown,0.0,18
1567,12668,14,2010-12-19,Completed,Unknown,0.0,23
1568,12377,34,2010-12-20,Completed,Unknown,0.0,43
1569,14646,24,2010-12-20,Completed,Unknown,0.0,15
1570,12721,13,2010-12-20,Completed,Unknown,0.0,14
1571,12681,13,2010-12-20,Completed,Unknown,0.0,46
1572,12481,14,2010-12-20,Completed,Unknown,0.0,11
1573,12471,14,2010-12-20,Returned,Unknown,0.0,14
1574,12515,18,2010-12-21,Completed,Unknown,0.0,15
1575,14646,24,2010-12-21,Completed,Unknown,0.0,54
1576,12678,13,2010-12-21,Completed,Unknown,0.0,3
1577,12423,4,2010-12-21,Completed,Unknown,0.0,15
1578,12383,4,2010-12-22,Completed,Unknown,0.0,36
1579,12734,13,2010-12-22,Completed,Unknown,0.0,4
1580,12585,14,2010-12-23,Completed,Unknown,0.0,64
1581,13817,14,2010-12-23,Completed,Unknown,0.0,8
1582,12427,14,2010-12-23,Returned,Unknown,0.0,3
1583,12483,33,2011-01-04,Completed,Unknown,0.0,12
1584,12682,13,2011-01-05,Completed,Unknown,0.0,39
1585,12681,13,2011-01-05,Completed,Unknown,0.0,33
1586,12471,14,2011-01-05,Returned,Unknown,0.0,8
1587,12578,18,2011-01-05,Returned,Unknown,0.0,1
1588,12782,28,2011-01-05,Returned,Unknown,0.0,4
1589,12494,13,2011-01-05,Returned,Unknown,0.0,1
1590,12395,4,2011-01-05,Returned,Unknown,0.0,1
1591,12683,13,2011-01-05,Returned,Unknown,0.0,1
1592,12585,14,2011-01-05,Returned,Unknown,0.0,9
1593,12415,1,2011-01-06,Completed,Unknown,0.0,46
1594,12386,1,2011-01-06,Completed,Unknown,0.0,2
1595,12735,13,2011-01-06,Completed,Unknown,0.0,21
1596,12413,13,2011-01-06,Completed,Unknown,0.0,23
1597,12471,14,2011-01-06,Returned,Unknown,0.0,1
1598,12417,4,2011-01-06,Returned,Unknown,0.0,3
1599,12753,19,2011-01-06,Returned,Unknown,0.0,4
1600,12583,13,2011-01-07,Completed,Unknown,0.0,21
1601,12530,14,2011-01-07,Completed,Unknown,0.0,12
1602,12481,14,2011-01-07,Completed,Unknown,0.0,23
1603,12480,14,2011-01-07,Completed,Unknown,0.0,41
1604,12484,32,2011-01-07,Completed,Unknown,0.0,97
1605,12489,13,2011-01-07,Completed,Unknown,0.0,14
1606,12501,14,2011-01-07,Completed,Unknown,0.0,148
1607,12766,28,2011-01-09,Completed,Unknown,0.0,34
1608,12651,13,2011-01-09,Completed,Unknown,0.0,9
1609,12793,28,2011-01-09,Completed,Unknown,0.0,16
1610,12471,14,2011-01-10,Returned,Unknown,0.0,1
1611,12681,13,2011-01-10,Completed,Unknown,0.0,49
1612,12539,32,2011-01-10,Completed,Unknown,0.0,93
1613,12415,1,2011-01-10,Completed,Unknown,0.0,1
1614,12524,14,2011-01-10,Completed,Unknown,0.0,15
1615,12500,14,2011-01-10,Completed,Unknown,0.0,4
1616,12643,13,2011-01-11,Completed,Unknown,0.0,1
1617,12540,32,2011-01-11,Completed,Unknown,0.0,30
1618,12728,13,2011-01-11,Completed,Unknown,0.0,12
1619,12724,13,2011-01-11,Completed,Unknown,0.0,10
1620,12736,13,2011-01-11,Completed,Unknown,0.0,3
1621,12601,14,2011-01-11,Completed,Unknown,0.0,8
1622,12393,1,2011-01-11,Completed,Unknown,0.0,19
1623,12557,32,2011-01-11,Completed,Unknown,0.0,4
1624,12413,13,2011-01-12,Returned,Unknown,0.0,1
1625,12437,13,2011-01-12,Completed,Unknown,0.0,6
1626,12523,13,2011-01-12,Completed,Unknown,0.0,7
1627,12665,14,2011-01-12,Returned,Unknown,0.0,1
1628,12712,14,2011-01-12,Completed,Unknown,0.0,10
1629,12359,8,2011-01-12,Completed,Unknown,0.0,16
1630,12652,13,2011-01-12,Completed,Unknown,0.0,47
1631,12383,4,2011-01-12,Completed,Unknown,0.0,30
1632,12471,14,2011-01-13,Completed,Unknown,0.0,6
1633,12578,18,2011-01-13,Completed,Unknown,0.0,69
1634,12474,14,2011-01-14,Completed,Unknown,0.0,10
1635,14646,24,2011-01-14,Completed,Unknown,0.0,79
1636,12393,1,2011-01-14,Completed,Unknown,0.0,3
1637,12672,13,2011-01-14,Completed,Unknown,0.0,10
1638,12474,14,2011-01-14,Completed,Unknown,0.0,1
1639,12708,14,2011-01-14,Completed,Unknown,0.0,18
1640,12490,13,2011-01-14,Completed,Unknown,0.0,42
1641,12553,13,2011-01-14,Completed,Unknown,0.0,37
1642,12626,14,2011-01-17,Completed,Unknown,0.0,52
1643,12779,27,2011-01-17,Completed,Unknown,0.0,25
1644,12683,13,2011-01-17,Completed,Unknown,0.0,20
1645,12388,1,2011-01-17,Completed,Unknown,0.0,19
1646,12673,14,2011-01-17,Completed,Unknown,0.0,23
1647,12356,28,2011-01-18,Completed,Unknown,0.0,35
1648,12527,14,2011-01-18,Completed,Unknown,0.0,9
1649,12510,32,2011-01-18,Completed,Unknown,0.0,28
1650,12383,4,2011-01-19,Returned,Unknown,0.0,1
1651,12665,14,2011-01-19,Completed,Unknown,0.0,2
1652,12451,34,2011-01-19,Completed,Unknown,0.0,101
1653,12422,1,2011-01-19,Completed,Unknown,0.0,13
1654,12681,13,2011-01-19,Completed,Unknown,0.0,30
1655,13520,34,2011-01-19,Completed,Unknown,0.0,24
1656,14646,24,2011-01-19,Completed,Unknown,0.0,33
1657,17097,32,2011-01-19,Completed,Unknown,0.0,23
1658,12540,32,2011-01-20,Returned,Unknown,0.0,1
1659,14646,24,2011-01-20,Completed,Unknown,0.0,2
1660,12637,13,2011-01-20,Completed,Unknown,0.0,71
1661,12402,4,2011-01-20,Completed,Unknown,0.0,10
1662,12683,13,2011-01-20,Returned,Unknown,0.0,1
1663,16321,1,2011-01-20,Completed,Unknown,0.0,4
1664,12594,18,2011-01-21,Completed,Unknown,0.0,11
1665,14646,24,2011-01-21,Completed,Unknown,0.0,106
1666,12664,12,2011-01-21,Completed,Unknown,0.0,4
1667,12652,13,2011-01-21,Returned,Unknown,0.0,3
1668,12626,14,2011-01-21,Returned,Unknown,0.0,6
1669,12727,13,2011-01-23,Completed,Unknown,0.0,11
1670,12559,14,2011-01-24,Completed,Unknown,0.0,19
1671,14439,15,2011-01-24,Completed,Unknown,0.0,32
1672,12693,14,2011-01-24,Completed,Unknown,0.0,8
1673,12625,14,2011-01-24,Completed,Unknown,0.0,52
1674,12421,32,2011-01-24,Completed,Unknown,0.0,10
1675,12691,13,2011-01-24,Completed,Unknown,0.0,9
1676,12553,13,2011-01-25,Returned,Unknown,0.0,1
1677,12471,14,2011-01-25,Returned,Unknown,0.0,3
1678,12609,14,2011-01-25,Completed,Unknown,0.0,15
1679,12709,14,2011-01-25,Completed,Unknown,0.0,10
1680,12417,4,2011-01-25,Completed,Unknown,0.0,15
1681,13815,14,2011-01-25,Completed,Unknown,0.0,52
1682,12348,12,2011-01-25,Completed,Unknown,0.0,5
1683,12681,13,2011-01-25,Returned,Unknown,0.0,2
1684,12744,31,2011-01-25,Completed,Unknown,0.0,56
1685,12591,18,2011-01-26,Completed,Unknown,0.0,25
1686,12472,14,2011-01-26,Completed,Unknown,0.0,41
1687,12474,14,2011-01-26,Completed,Unknown,0.0,21
1688,12782,28,2011-01-26,Completed,Unknown,0.0,29
1689,12347,16,2011-01-26,Completed,Unknown,0.0,29
1690,12764,21,2011-01-27,Completed,Unknown,0.0,45
1691,12539,32,2011-01-27,Completed,Unknown,0.0,93
1692,12645,14,2011-01-27,Completed,Unknown,0.0,15
1693,12468,14,2011-01-27,Completed,Unknown,0.0,11
1694,12626,14,2011-01-27,Completed,Unknown,0.0,5
1695,12709,14,2011-01-27,Returned,Unknown,0.0,8
1696,12578,18,2011-01-27,Returned,Unknown,0.0,5
1697,12637,13,2011-01-27,Returned,Unknown,0.0,3
1698,14442,7,2011-01-27,Completed,Unknown,0.0,30
1699,12501,14,2011-01-28,Returned,Unknown,0.0,11
1700,17404,33,2011-01-28,Completed,Unknown,0.0,21
1701,12431,1,2011-01-28,Completed,Unknown,0.0,20
1702,12735,13,2011-01-28,Completed,Unknown,0.0,20
1703,12726,13,2011-01-28,Completed,Unknown,0.0,18
1704,12574,13,2011-01-28,Completed,Unknown,0.0,10
1705,12377,34,2011-01-28,Completed,Unknown,0.0,33
1706,12437,13,2011-01-31,Returned,Unknown,0.0,1
1707,14442,7,2011-01-31,Returned,Unknown,0.0,2
1708,12681,13,2011-01-31,Completed,Unknown,0.0,17
1709,12731,13,2011-01-31,Completed,Unknown,0.0,46
1710,12528,14,2011-01-31,Completed,Unknown,0.0,30
1711,12720,14,2011-01-31,Completed,Unknown,0.0,18
1712,12476,14,2011-01-31,Completed,Unknown,0.0,20
1713,12668,14,2011-01-31,Completed,Unknown,0.0,49
1714,12778,24,2011-01-31,Completed,Unknown,0.0,8
1715,12676,33,2011-02-01,Completed,Unknown,0.0,11
1716,12540,32,2011-02-01,Completed,Unknown,0.0,11
1717,12775,24,2011-02-01,Completed,Unknown,0.0,11
1718,12682,13,2011-02-01,Completed,Unknown,0.0,18
1719,12712,14,2011-02-01,Completed,Unknown,0.0,10
1720,12373,2,2011-02-01,Completed,Unknown,0.0,13
1721,12626,14,2011-02-01,Returned,Unknown,0.0,2
1722,12477,14,2011-02-01,Returned,Unknown,0.0,2
1723,12437,13,2011-02-02,Completed,Unknown,0.0,9
1724,12559,14,2011-02-02,Returned,Unknown,0.0,1
1725,12682,13,2011-02-02,Completed,Unknown,0.0,18
1726,12559,14,2011-02-02,Completed,Unknown,0.0,1
1727,12414,2,2011-02-02,Completed,Unknown,0.0,6
1728,12350,26,2011-02-02,Completed,Unknown,0.0,16
1729,12471,14,2011-02-03,Completed,Unknown,0.0,15
1730,12502,32,2011-02-03,Completed,Unknown,0.0,30
1731,12662,14,2011-02-03,Completed,Unknown,0.0,18
1732,12464,4,2011-02-03,Completed,Unknown,0.0,5
1733,12775,24,2011-02-03,Returned,Unknown,0.0,1
1734,12625,14,2011-02-03,Returned,Unknown,0.0,4
1735,12600,14,2011-02-03,Completed,Unknown,0.0,7
1736,12712,14,2011-02-04,Returned,Unknown,0.0,3
1737,12779,27,2011-02-04,Completed,Unknown,0.0,9
1738,12410,34,2011-02-04,Completed,Unknown,0.0,4
1739,12754,19,2011-02-04,Completed,Unknown,0.0,37
1740,12410,34,2011-02-04,Completed,Unknown,0.0,21
1741,12567,13,2011-02-04,Completed,Unknown,0.0,62
1742,13809,8,2011-02-07,Completed,Unknown,0.0,11
1743,16321,1,2011-02-07,Completed,Unknown,0.0,2
1744,16321,1,2011-02-07,Returned,Unknown,0.0,2
1745,12472,14,2011-02-07,Returned,Unknown,0.0,15
1746,12388,1,2011-02-07,Completed,Unknown,0.0,6
1747,12359,8,2011-02-07,Completed,Unknown,0.0,80
1748,16321,1,2011-02-07,Completed,Unknown,0.0,2
1749,12599,13,2011-02-08,Completed,Unknown,0.0,13
1750,12709,14,2011-02-08,Returned,Unknown,0.0,9
1751,12662,14,2011-02-08,Returned,Unknown,0.0,2
1752,12474,14,2011-02-08,Returned,Unknown,0.0,4
1753,12576,27,2011-02-08,Completed,Unknown,0.0,19
1754,14646,24,2011-02-08,Completed,Unknown,0.0,13
1755,12401,4,2011-02-09,Completed,Unknown,0.0,4
1756,12753,19,2011-02-09,Completed,Unknown,0.0,48
1757,12720,14,2011-02-09,Completed,Unknown,0.0,12
1758,12721,13,2011-02-09,Completed,Unknown,0.0,26
1759,12462,32,2011-02-09,Completed,Unknown,0.0,39
1760,12601,14,2011-02-10,Completed,Unknown,0.0,5
1761,12561,14,2011-02-10,Completed,Unknown,0.0,16
1762,12583,13,2011-02-10,Completed,Unknown,0.0,12
1763,12471,14,2011-02-11,Returned,Unknown,0.0,6
1764,12410,34,2011-02-11,Returned,Unknown,0.0,2
1765,12395,4,2011-02-11,Completed,Unknown,0.0,13
1766,12477,14,2011-02-11,Completed,Unknown,0.0,52
1767,12476,14,2011-02-14,Returned,Unknown,0.0,3
1768,12553,13,2011-02-14,Returned,Unknown,0.0,1
1769,12476,14,2011-02-14,Completed,Unknown,0.0,7
1770,12507,32,2011-02-14,Completed,Unknown,0.0,12
1771,12621,14,2011-02-14,Completed,Unknown,0.0,29
1772,17829,37,2011-02-14,Completed,Unknown,0.0,30
1773,14935,7,2011-02-15,Completed,Unknown,0.0,10
1774,12616,13,2011-02-15,Completed,Unknown,0.0,10
1775,12415,1,2011-02-15,Completed,Unknown,0.0,69
1776,12653,17,2011-02-16,Completed,Unknown,0.0,16
1777,12352,26,2011-02-16,Completed,Unknown,0.0,15
1778,12372,10,2011-02-16,Completed,Unknown,0.0,19
1779,12455,8,2011-02-16,Completed,Unknown,0.0,41
1780,12727,13,2011-02-16,Completed,Unknown,0.0,47
1781,12431,4,2011-02-17,Completed,Unknown,0.0,36
1782,12494,13,2011-02-17,Completed,Unknown,0.0,15
1783,12362,4,2011-02-17,Completed,Unknown,0.0,26
1784,12500,14,2011-02-17,Completed,Unknown,0.0,4
1785,12654,14,2011-02-17,Completed,Unknown,0.0,10
1786,12714,13,2011-02-18,Completed,Unknown,0.0,52
1787,12395,4,2011-02-18,Returned,Unknown,0.0,1
1788,12553,13,2011-02-18,Returned,Unknown,0.0,1
1789,12527,14,2011-02-18,Completed,Unknown,0.0,5
1790,12553,13,2011-02-18,Completed,Unknown,0.0,1
1791,12594,18,2011-02-18,Completed,Unknown,0.0,12
1792,12462,32,2011-02-18,Returned,Unknown,0.0,4
1793,12471,14,2011-02-21,Returned,Unknown,0.0,1
1794,12523,13,2011-02-21,Completed,Unknown,0.0,7
1795,12423,4,2011-02-21,Completed,Unknown,0.0,14
1796,14646,24,2011-02-21,Completed,Unknown,0.0,43
1797,12524,14,2011-02-21,Completed,Unknown,0.0,11
1798,12766,28,2011-02-21,Completed,Unknown,0.0,42
1799,12621,14,2011-02-21,Completed,Unknown,0.0,21
1800,12365,8,2011-02-21,Completed,Unknown,0.0,21
1801,12707,13,2011-02-21,Completed,Unknown,0.0,33
1802,14646,24,2011-02-21,Completed,Unknown,0.0,76
1803,12494,13,2011-02-22,Returned,Unknown,0.0,1
1804,14646,24,2011-02-22,Completed,Unknown,0.0,44
1805,12616,13,2011-02-22,Returned,Unknown,0.0,2
1806,12471,14,2011-02-23,Completed,Unknown,0.0,13
1807,12437,13,2011-02-23,Completed,Unknown,0.0,16
1808,12437,13,2011-02-23,Completed,Unknown,0.0,4
1809,12362,4,2011-02-24,Returned,Unknown,0.0,2
1810,13501,34,2011-02-24,Completed,Unknown,0.0,52
1811,12582,12,2011-02-24,Completed,Unknown,0.0,11
1812,12565,30,2011-02-24,Completed,Unknown,0.0,9
1813,12361,4,2011-02-25,Completed,Unknown,0.0,9
1814,13493,34,2011-02-25,Completed,Unknown,0.0,3
1815,12633,14,2011-02-25,Completed,Unknown,0.0,33
1816,12474,14,2011-02-25,Completed,Unknown,0.0,12
1817,12431,1,2011-02-27,Completed,Unknown,0.0,10
1818,12599,13,2011-02-27,Completed,Unknown,0.0,4
1819,12781,9,2011-02-28,Completed,Unknown,0.0,15
1820,12458,34,2011-02-28,Completed,Unknown,0.0,18
1821,12678,13,2011-02-28,Completed,Unknown,0.0,12
1822,12598,13,2011-02-28,Completed,Unknown,0.0,25
1823,12464,4,2011-02-28,Completed,Unknown,0.0,2
1824,12509,13,2011-02-28,Completed,Unknown,0.0,6
1825,12811,28,2011-02-28,Completed,Unknown,0.0,13
1826,12728,13,2011-02-28,Completed,Unknown,0.0,11
1827,12352,26,2011-03-01,Completed,Unknown,0.0,4
1828,12428,12,2011-03-01,Completed,Unknown,0.0,98
1829,12709,14,2011-03-01,Completed,Unknown,0.0,14
1830,12679,13,2011-03-01,Completed,Unknown,0.0,41
1831,12866,4,2011-03-01,Completed,Unknown,0.0,25
1832,12683,13,2011-03-01,Completed,Unknown,0.0,16
1833,12428,12,2011-03-01,Completed,Unknown,0.0,95
1834,12753,19,2011-03-02,Returned,Unknown,0.0,5
1835,14934,7,2011-03-02,Completed,Unknown,0.0,39
1836,12753,19,2011-03-02,Completed,Unknown,0.0,1
1837,12415,1,2011-03-03,Completed,Unknown,0.0,82
1838,12727,13,2011-03-03,Completed,Unknown,0.0,27
1839,12727,13,2011-03-03,Completed,Unknown,0.0,1
1840,12524,14,2011-03-03,Completed,Unknown,0.0,22
1841,12565,30,2011-03-03,Returned,Unknown,0.0,1
1842,12417,4,2011-03-03,Completed,Unknown,0.0,18
1843,12817,2,2011-03-03,Completed,Unknown,0.0,3
1844,12500,14,2011-03-03,Completed,Unknown,0.0,4
1845,12415,1,2011-03-03,Returned,Unknown,0.0,2
1846,17508,15,2011-03-04,Completed,Unknown,0.0,22
1847,12553,13,2011-03-04,Completed,Unknown,0.0,15
1848,12541,32,2011-03-04,Completed,Unknown,0.0,16
1849,12755,19,2011-03-04,Completed,Unknown,0.0,3
1850,12547,32,2011-03-04,Completed,Unknown,0.0,5
1851,12584,18,2011-03-04,Completed,Unknown,0.0,17
1852,12598,13,2011-03-07,Returned,Unknown,0.0,1
1853,12754,19,2011-03-07,Completed,Unknown,0.0,12
1854,12614,14,2011-03-07,Completed,Unknown,0.0,20
1855,12708,14,2011-03-07,Completed,Unknown,0.0,17
1856,12712,14,2011-03-07,Completed,Unknown,0.0,8
1857,12484,32,2011-03-07,Returned,Unknown,0.0,3
1858,12679,13,2011-03-08,Returned,Unknown,0.0,3
1859,12623,14,2011-03-08,Completed,Unknown,0.0,17
1860,12662,14,2011-03-08,Completed,Unknown,0.0,18
1861,12758,28,2011-03-08,Completed,Unknown,0.0,56
1862,12528,14,2011-03-08,Completed,Unknown,0.0,12
1863,13493,34,2011-03-09,Completed,Unknown,0.0,3
1864,14936,7,2011-03-09,Completed,Unknown,0.0,81
1865,12759,24,2011-03-09,Completed,Unknown,0.0,26
1866,12388,1,2011-03-09,Completed,Unknown,0.0,10
1867,12370,8,2011-03-10,Completed,Unknown,0.0,48
1868,17404,33,2011-03-10,Completed,Unknown,0.0,1
1869,12417,4,2011-03-10,Returned,Unknown,0.0,2
1870,14930,7,2011-03-10,Completed,Unknown,0.0,62
1871,17404,33,2011-03-10,Returned,Unknown,0.0,1
1872,12583,13,2011-03-11,Completed,Unknown,0.0,19
1873,12520,14,2011-03-11,Completed,Unknown,0.0,59
1874,12708,14,2011-03-11,Returned,Unknown,0.0,2
1875,12681,13,2011-03-13,Completed,Unknown,0.0,17
1876,12682,13,2011-03-14,Completed,Unknown,0.0,20
1877,12383,4,2011-03-14,Completed,Unknown,0.0,14
1878,12778,24,2011-03-14,Completed,Unknown,0.0,7
1879,12712,14,2011-03-14,Returned,Unknown,0.0,3
1880,12584,18,2011-03-14,Returned,Unknown,0.0,1
1881,15388,6,2011-03-14,Completed,Unknown,0.0,10
1882,17404,33,2011-03-14,Completed,Unknown,0.0,27
1883,12681,13,2011-03-15,Completed,Unknown,0.0,28
1884,12779,27,2011-03-15,Completed,Unknown,0.0,9
1885,12727,13,2011-03-15,Returned,Unknown,0.0,1
1886,12502,32,2011-03-16,Completed,Unknown,0.0,30
1887,12523,13,2011-03-16,Completed,Unknown,0.0,8
1888,12437,13,2011-03-16,Completed,Unknown,0.0,7
1889,12597,32,2011-03-16,Completed,Unknown,0.0,29
1890,12712,14,2011-03-16,Completed,Unknown,0.0,10
1891,12520,14,2011-03-17,Returned,Unknown,0.0,3
1892,12514,18,2011-03-17,Completed,Unknown,0.0,51
1893,12352,26,2011-03-17,Completed,Unknown,0.0,7
1894,12480,14,2011-03-17,Completed,Unknown,0.0,34
1895,12472,14,2011-03-17,Completed,Unknown,0.0,25
1896,12435,10,2011-03-17,Completed,Unknown,0.0,19
1897,12647,14,2011-03-18,Completed,Unknown,0.0,4
1898,12471,14,2011-03-18,Completed,Unknown,0.0,2
1899,12474,14,2011-03-18,Completed,Unknown,0.0,47
1900,12500,14,2011-03-18,Completed,Unknown,0.0,2
1901,12471,14,2011-03-18,Completed,Unknown,0.0,17
1902,12726,13,2011-03-20,Completed,Unknown,0.0,14
1903,12428,12,2011-03-20,Completed,Unknown,0.0,9
1904,12600,14,2011-03-20,Completed,Unknown,0.0,2
1905,12693,14,2011-03-20,Completed,Unknown,0.0,10
1906,12407,4,2011-03-20,Completed,Unknown,0.0,14
1907,12423,4,2011-03-21,Completed,Unknown,0.0,19
1908,12637,13,2011-03-21,Completed,Unknown,0.0,38
1909,12637,13,2011-03-21,Completed,Unknown,0.0,4
1910,12779,27,2011-03-21,Returned,Unknown,0.0,3
1911,12428,12,2011-03-21,Returned,Unknown,0.0,2
1912,12352,26,2011-03-22,Returned,Unknown,0.0,7
1913,12681,13,2011-03-22,Completed,Unknown,0.0,30
1914,12775,24,2011-03-22,Completed,Unknown,0.0,11
1915,12720,14,2011-03-22,Completed,Unknown,0.0,28
1916,12613,14,2011-03-22,Completed,Unknown,0.0,44
1917,12539,32,2011-03-22,Completed,Unknown,0.0,44
1918,12352,26,2011-03-22,Completed,Unknown,0.0,7
1919,12564,13,2011-03-23,Completed,Unknown,0.0,20
1920,12395,4,2011-03-23,Completed,Unknown,0.0,9
1921,12683,13,2011-03-23,Completed,Unknown,0.0,8
1922,12683,13,2011-03-23,Completed,Unknown,0.0,34
1923,12811,28,2011-03-23,Completed,Unknown,0.0,15
1924,12604,13,2011-03-23,Completed,Unknown,0.0,9
1925,12399,4,2011-03-23,Completed,Unknown,0.0,19
1926,12818,2,2011-03-23,Completed,Unknown,0.0,13
1927,12408,4,2011-03-24,Completed,Unknown,0.0,4
1928,12676,33,2011-03-24,Completed,Unknown,0.0,6
1929,12434,1,2011-03-24,Completed,Unknown,0.0,16
1930,12408,4,2011-03-24,Completed,Unknown,0.0,31
1931,12540,32,2011-03-24,Completed,Unknown,0.0,33
1932,12693,14,2011-03-24,Returned,Unknown,0.0,1
1933,12474,14,2011-03-24,Returned,Unknown,0.0,4
1934,12474,14,2011-03-24,Returned,Unknown,0.0,2
1935,12553,13,2011-03-25,Completed,Unknown,0.0,22
1936,12528,14,2011-03-25,Returned,Unknown,0.0,2
1937,12778,24,2011-03-25,Completed,Unknown,0.0,8
1938,12545,32,2011-03-25,Completed,Unknown,0.0,33
1939,12621,14,2011-03-25,Completed,Unknown,0.0,4
1940,12520,14,2011-03-25,Completed,Unknown,0.0,16
1941,13520,34,2011-03-25,Completed,Unknown,0.0,12
1942,14646,24,2011-03-25,Completed,Unknown,0.0,12
1943,12668,14,2011-03-25,Completed,Unknown,0.0,48
1944,12728,13,2011-03-27,Completed,Unknown,0.0,7
1945,12471,14,2011-03-27,Returned,Unknown,0.0,1
1946,12471,14,2011-03-28,Returned,Unknown,0.0,2
1947,12557,32,2011-03-28,Completed,Unknown,0.0,5
1948,12481,14,2011-03-28,Completed,Unknown,0.0,10
1949,12594,18,2011-03-28,Completed,Unknown,0.0,12
1950,12792,28,2011-03-28,Completed,Unknown,0.0,24
1951,12669,13,2011-03-28,Completed,Unknown,0.0,68
1952,12474,14,2011-03-28,Completed,Unknown,0.0,16
1953,12481,14,2011-03-28,Completed,Unknown,0.0,27
1954,14646,24,2011-03-29,Completed,Unknown,0.0,15
1955,14646,24,2011-03-29,Completed,Unknown,0.0,89
1956,12472,14,2011-03-30,Returned,Unknown,0.0,7
1957,12456,34,2011-03-30,Completed,Unknown,0.0,40
1958,12428,12,2011-03-30,Completed,Unknown,0.0,9
1959,14646,24,2011-03-30,Completed,Unknown,0.0,16
1960,12709,14,2011-03-30,Completed,Unknown,0.0,6
1961,12731,13,2011-03-31,Completed,Unknown,0.0,33
1962,12731,13,2011-03-31,Completed,Unknown,0.0,4
1963,12601,14,2011-03-31,Completed,Unknown,0.0,2
1964,12782,28,2011-03-31,Completed,Unknown,0.0,15
1965,12619,14,2011-03-31,Completed,Unknown,0.0,5
1966,12678,13,2011-03-31,Completed,Unknown,0.0,35
1967,12616,13,2011-04-01,Returned,Unknown,0.0,1
1968,12781,9,2011-04-01,Returned,Unknown,0.0,2
1969,12523,13,2011-04-01,Completed,Unknown,0.0,9
1970,12731,13,2011-04-01,Completed,Unknown,0.0,3
1971,12569,14,2011-04-01,Completed,Unknown,0.0,9
1972,12682,13,2011-04-04,Completed,Unknown,0.0,26
1973,12471,14,2011-04-04,Completed,Unknown,0.0,26
1974,12471,14,2011-04-04,Completed,Unknown,0.0,1
1975,12434,1,2011-04-04,Returned,Unknown,0.0,1
1976,12755,19,2011-04-04,Returned,Unknown,0.0,1
1977,12668,14,2011-04-05,Returned,Unknown,0.0,2
1978,12474,14,2011-04-05,Returned,Unknown,0.0,5
1979,12348,12,2011-04-05,Completed,Unknown,0.0,4
1980,12753,19,2011-04-05,Completed,Unknown,0.0,32
1981,14646,24,2011-04-05,Completed,Unknown,0.0,6
1982,14646,24,2011-04-05,Completed,Unknown,0.0,9
1983,12744,31,2011-04-05,Completed,Unknown,0.0,52
1984,12779,27,2011-04-05,Completed,Unknown,0.0,25
1985,12481,14,2011-04-06,Returned,Unknown,0.0,1
1986,12428,12,2011-04-07,Returned,Unknown,0.0,2
1987,12408,4,2011-04-07,Returned,Unknown,0.0,5
1988,12423,4,2011-04-07,Completed,Unknown,0.0,17
1989,12721,13,2011-04-07,Completed,Unknown,0.0,23
1990,14912,18,2011-04-07,Completed,Unknown,0.0,14
1991,12580,14,2011-04-07,Completed,Unknown,0.0,23
1992,12347,16,2011-04-07,Completed,Unknown,0.0,24
1993,12356,28,2011-04-08,Completed,Unknown,0.0,21
1994,12647,14,2011-04-08,Completed,Unknown,0.0,5
1995,12717,15,2011-04-08,Completed,Unknown,0.0,30
1996,12705,14,2011-04-08,Completed,Unknown,0.0,63
1997,12393,1,2011-04-08,Completed,Unknown,0.0,17
1998,12471,14,2011-04-08,Returned,Unknown,0.0,2
1999,12408,4,2011-04-08,Returned,Unknown,0.0,1
2000,12447,4,2011-04-10,Completed,Unknown,0.0,25
2001,12656,13,2011-04-11,Returned,Unknown,0.0,1
2002,13501,34,2011-04-11,Returned,Unknown,0.0,1
2003,12701,14,2011-04-11,Completed,Unknown,0.0,20
2004,12428,12,2011-04-11,Completed,Unknown,0.0,20
2005,12363,38,2011-04-11,Completed,Unknown,0.0,16
2006,12596,32,2011-04-11,Completed,Unknown,0.0,14
2007,12720,14,2011-04-11,Completed,Unknown,0.0,21
2008,12463,4,2011-04-12,Completed,Unknown,0.0,19
2009,12359,8,2011-04-13,Returned,Unknown,0.0,2
2010,12766,28,2011-04-13,Completed,Unknown,0.0,56
2011,14931,7,2011-04-13,Completed,Unknown,0.0,8
2012,12585,14,2011-04-14,Returned,Unknown,0.0,1
2013,12569,14,2011-04-14,Completed,Unknown,0.0,8
2014,12637,13,2011-04-14,Completed,Unknown,0.0,30
2015,12477,14,2011-04-14,Completed,Unknown,0.0,57
2016,12569,14,2011-04-14,Completed,Unknown,0.0,8
2017,12709,14,2011-04-14,Completed,Unknown,0.0,1
2018,12662,14,2011-04-14,Completed,Unknown,0.0,23
2019,12457,34,2011-04-14,Completed,Unknown,0.0,21
2020,13811,14,2011-04-14,Completed,Unknown,0.0,5
2021,12582,12,2011-04-15,Completed,Unknown,0.0,9
2022,12769,5,2011-04-15,Completed,Unknown,0.0,32
2023,12639,33,2011-04-15,Completed,Unknown,0.0,21
2024,12457,34,2011-04-15,Completed,Unknown,0.0,1
2025,12383,4,2011-04-15,Completed,Unknown,0.0,10
2026,12681,13,2011-04-17,Completed,Unknown,0.0,26
2027,12413,13,2011-04-17,Completed,Unknown,0.0,4
2028,12407,4,2011-04-18,Completed,Unknown,0.0,11
2029,12754,19,2011-04-18,Completed,Unknown,0.0,14
2030,12731,13,2011-04-18,Returned,Unknown,0.0,1
2031,12594,18,2011-04-19,Completed,Unknown,0.0,8
2032,12585,14,2011-04-19,Completed,Unknown,0.0,21
2033,12619,14,2011-04-19,Completed,Unknown,0.0,6
2034,12733,36,2011-04-19,Completed,Unknown,0.0,22
2035,12569,14,2011-04-19,Returned,Unknown,0.0,1
2036,12476,14,2011-04-19,Completed,Unknown,0.0,50
2037,12656,13,2011-04-20,Completed,Unknown,0.0,17
2038,12457,34,2011-04-20,Returned,Unknown,0.0,1
2039,12457,34,2011-04-20,Completed,Unknown,0.0,1
2040,12457,34,2011-04-20,Returned,Unknown,0.0,1
2041,12530,14,2011-04-20,Completed,Unknown,0.0,13
2042,12354,32,2011-04-21,Completed,Unknown,0.0,58
2043,12506,13,2011-04-21,Completed,Unknown,0.0,23
2044,12670,13,2011-04-21,Completed,Unknown,0.0,21
2045,13505,34,2011-04-21,Completed,Unknown,0.0,53
2046,12664,12,2011-04-21,Completed,Unknown,0.0,3
2047,12708,14,2011-04-21,Completed,Unknown,0.0,11
2048,12622,14,2011-04-21,Completed,Unknown,0.0,10
2049,12573,13,2011-04-26,Completed,Unknown,0.0,26
2050,12414,2,2011-04-26,Completed,Unknown,0.0,4
2051,15108,11,2011-04-26,Completed,Unknown,0.0,10
2052,12429,2,2011-04-26,Completed,Unknown,0.0,20
2053,12705,14,2011-04-26,Returned,Unknown,0.0,9
2054,12753,19,2011-04-26,Returned,Unknown,0.0,8
2055,12483,33,2011-04-27,Completed,Unknown,0.0,11
2056,12621,14,2011-04-27,Completed,Unknown,0.0,33
2057,12681,13,2011-04-27,Returned,Unknown,0.0,1
2058,14646,24,2011-04-28,Completed,Unknown,0.0,8
2059,12362,4,2011-04-28,Completed,Unknown,0.0,28
2060,12437,13,2011-04-28,Completed,Unknown,0.0,7
2061,12417,32,2011-04-28,Completed,Unknown,0.0,22
2062,12600,14,2011-04-28,Completed,Unknown,0.0,7
2063,12415,1,2011-04-28,Returned,Unknown,0.0,1
2064,12524,14,2011-05-01,Completed,Unknown,0.0,32
2065,12683,13,2011-05-03,Completed,Unknown,0.0,1
2066,12483,33,2011-05-03,Returned,Unknown,0.0,1
2067,12683,13,2011-05-03,Completed,Unknown,0.0,20
2068,13505,34,2011-05-03,Returned,Unknown,0.0,2
2069,12643,13,2011-05-03,Completed,Unknown,0.0,3
2070,12643,13,2011-05-03,Completed,Unknown,0.0,4
2071,12598,13,2011-05-03,Completed,Unknown,0.0,20
2072,12708,14,2011-05-03,Returned,Unknown,0.0,3
2073,12483,33,2011-05-04,Returned,Unknown,0.0,1
2074,12720,14,2011-05-04,Completed,Unknown,0.0,8
2075,12720,14,2011-05-04,Completed,Unknown,0.0,1
2076,12569,14,2011-05-04,Completed,Unknown,0.0,7
2077,12645,14,2011-05-04,Completed,Unknown,0.0,19
2078,12540,32,2011-05-04,Completed,Unknown,0.0,40
2079,17443,6,2011-05-04,Completed,Unknown,0.0,1
2080,12576,27,2011-05-05,Completed,Unknown,0.0,11
2081,12451,34,2011-05-05,Completed,Unknown,0.0,94
2082,12593,13,2011-05-05,Completed,Unknown,0.0,10
2083,12569,14,2011-05-05,Completed,Unknown,0.0,6
2084,12476,14,2011-05-05,Completed,Unknown,0.0,2
2085,12395,4,2011-05-05,Completed,Unknown,0.0,10
2086,12502,32,2011-05-06,Completed,Unknown,0.0,14
2087,12394,4,2011-05-06,Completed,Unknown,0.0,20
2088,12414,2,2011-05-06,Completed,Unknown,0.0,5
2089,12709,14,2011-05-06,Completed,Unknown,0.0,9
2090,12476,14,2011-05-06,Returned,Unknown,0.0,1
2091,12700,13,2011-05-08,Completed,Unknown,0.0,61
2092,12709,14,2011-05-09,Returned,Unknown,0.0,4
2093,12683,13,2011-05-09,Returned,Unknown,0.0,1
2094,13492,34,2011-05-09,Completed,Unknown,0.0,15
2095,12490,13,2011-05-09,Completed,Unknown,0.0,16
2096,12621,14,2011-05-09,Completed,Unknown,0.0,32
2097,12355,3,2011-05-09,Completed,Unknown,0.0,13
2098,12726,13,2011-05-09,Completed,Unknown,0.0,9
2099,12399,4,2011-05-10,Completed,Unknown,0.0,21
2100,12684,13,2011-05-10,Completed,Unknown,0.0,29
2101,12592,14,2011-05-10,Completed,Unknown,0.0,8
2102,12712,14,2011-05-10,Completed,Unknown,0.0,15
2103,16320,38,2011-05-10,Completed,Unknown,0.0,47
2104,14646,24,2011-05-11,Completed,Unknown,0.0,6
2105,12731,13,2011-05-11,Completed,Unknown,0.0,23
2106,14646,24,2011-05-11,Completed,Unknown,0.0,1
2107,12649,14,2011-05-11,Completed,Unknown,0.0,16
2108,12483,33,2011-05-11,Completed,Unknown,0.0,1
2109,12372,10,2011-05-11,Completed,Unknown,0.0,18
2110,12720,14,2011-05-11,Returned,Unknown,0.0,1
2111,14277,13,2011-05-11,Completed,Unknown,0.0,71
2112,12590,14,2011-05-12,Completed,Unknown,0.0,67
2113,14646,24,2011-05-12,Completed,Unknown,0.0,1
2114,17404,33,2011-05-12,Completed,Unknown,0.0,16
2115,12431,1,2011-05-12,Completed,Unknown,0.0,23
2116,12683,13,2011-05-12,Completed,Unknown,0.0,11
2117,14646,24,2011-05-12,Completed,Unknown,0.0,92
2118,12395,4,2011-05-12,Completed,Unknown,0.0,12
2119,12625,14,2011-05-12,Completed,Unknown,0.0,32
2120,12621,14,2011-05-12,Completed,Unknown,0.0,6
2121,12621,14,2011-05-12,Completed,Unknown,0.0,41
2122,12693,14,2011-05-12,Completed,Unknown,0.0,11
2123,12757,28,2011-05-12,Completed,Unknown,0.0,74
2124,14646,24,2011-05-12,Completed,Unknown,0.0,15
2125,12471,14,2011-05-13,Completed,Unknown,0.0,5
2126,12471,14,2011-05-13,Completed,Unknown,0.0,12
2127,12770,19,2011-05-13,Completed,Unknown,0.0,12
2128,12695,13,2011-05-13,Completed,Unknown,0.0,6
2129,12681,13,2011-05-13,Completed,Unknown,0.0,22
2130,12682,13,2011-05-13,Completed,Unknown,0.0,23
2131,12599,13,2011-05-15,Completed,Unknown,0.0,9
2132,12674,13,2011-05-16,Completed,Unknown,0.0,16
2133,12682,13,2011-05-16,Completed,Unknown,0.0,6
2134,12474,14,2011-05-17,Completed,Unknown,0.0,37
2135,12714,13,2011-05-17,Completed,Unknown,0.0,44
2136,12463,4,2011-05-17,Completed,Unknown,0.0,17
2137,12415,1,2011-05-17,Completed,Unknown,0.0,73
2138,14646,24,2011-05-18,Completed,Unknown,0.0,4
2139,12483,33,2011-05-18,Completed,Unknown,0.0,1
2140,12679,13,2011-05-18,Completed,Unknown,0.0,1
2141,12437,13,2011-05-18,Completed,Unknown,0.0,9
2142,12690,13,2011-05-18,Completed,Unknown,0.0,15
2143,12553,13,2011-05-19,Completed,Unknown,0.0,18
2144,12601,14,2011-05-19,Completed,Unknown,0.0,5
2145,12600,14,2011-05-19,Completed,Unknown,0.0,4
2146,12353,3,2011-05-19,Completed,Unknown,0.0,4
2147,12524,14,2011-05-19,Completed,Unknown,0.0,19
2148,12481,14,2011-05-19,Completed,Unknown,0.0,35
2149,14442,7,2011-05-19,Completed,Unknown,0.0,33
2150,12520,14,2011-05-19,Completed,Unknown,0.0,24
2151,12481,14,2011-05-19,Completed,Unknown,0.0,7
2152,12620,13,2011-05-19,Completed,Unknown,0.0,33
2153,12471,14,2011-05-19,Returned,Unknown,0.0,1
2154,12476,14,2011-05-20,Returned,Unknown,0.0,2
2155,12681,13,2011-05-20,Returned,Unknown,0.0,2
2156,12415,1,2011-05-20,Completed,Unknown,0.0,3
2157,12656,13,2011-05-20,Completed,Unknown,0.0,13
2158,12775,24,2011-05-20,Completed,Unknown,0.0,12
2159,12567,13,2011-05-22,Completed,Unknown,0.0,34
2160,12705,14,2011-05-22,Completed,Unknown,0.0,52
2161,12710,14,2011-05-22,Completed,Unknown,0.0,43
2162,12682,13,2011-05-22,Completed,Unknown,0.0,9
2163,12360,2,2011-05-23,Completed,Unknown,0.0,44
2164,12621,14,2011-05-23,Completed,Unknown,0.0,20
2165,12712,14,2011-05-23,Completed,Unknown,0.0,3
2166,12474,14,2011-05-23,Completed,Unknown,0.0,1
2167,12464,4,2011-05-23,Completed,Unknown,0.0,2
2168,12464,4,2011-05-23,Completed,Unknown,0.0,3
2169,12423,4,2011-05-23,Completed,Unknown,0.0,21
2170,12708,14,2011-05-23,Completed,Unknown,0.0,18
2171,12583,13,2011-05-23,Completed,Unknown,0.0,19
2172,12431,1,2011-05-23,Completed,Unknown,0.0,17
2173,12474,14,2011-05-23,Returned,Unknown,0.0,4
2174,12474,14,2011-05-23,Returned,Unknown,0.0,5
2175,12647,14,2011-05-24,Completed,Unknown,0.0,14
2176,12670,13,2011-05-24,Completed,Unknown,0.0,12
2177,12463,4,2011-05-24,Returned,Unknown,0.0,2
2178,12681,13,2011-05-25,Completed,Unknown,0.0,29
2179,14442,7,2011-05-25,Returned,Unknown,0.0,2
2180,12815,27,2011-05-25,Completed,Unknown,0.0,30
2181,12437,13,2011-05-25,Completed,Unknown,0.0,10
2182,14646,24,2011-05-25,Completed,Unknown,0.0,1
2183,12562,13,2011-05-25,Completed,Unknown,0.0,20
2184,12779,27,2011-05-25,Completed,Unknown,0.0,27
2185,12613,14,2011-05-26,Completed,Unknown,0.0,21
2186,12613,14,2011-05-26,Completed,Unknown,0.0,6
2187,12654,14,2011-05-26,Completed,Unknown,0.0,7
2188,12654,14,2011-05-26,Completed,Unknown,0.0,3
2189,12720,14,2011-05-26,Completed,Unknown,0.0,14
2190,12493,13,2011-05-26,Completed,Unknown,0.0,11
2191,14646,24,2011-05-26,Completed,Unknown,0.0,50
2192,12684,13,2011-05-26,Completed,Unknown,0.0,12
2193,12547,32,2011-05-26,Completed,Unknown,0.0,1
2194,12494,13,2011-05-27,Completed,Unknown,0.0,20
2195,12876,4,2011-05-27,Completed,Unknown,0.0,33
2196,12633,14,2011-05-27,Completed,Unknown,0.0,37
2197,12426,14,2011-05-29,Completed,Unknown,0.0,29
2198,12601,14,2011-05-31,Returned,Unknown,0.0,1
2199,12720,14,2011-05-31,Completed,Unknown,0.0,4
2200,12787,24,2011-05-31,Completed,Unknown,0.0,7
2201,12540,32,2011-05-31,Completed,Unknown,0.0,46
2202,12790,24,2011-05-31,Completed,Unknown,0.0,20
2203,12594,18,2011-05-31,Completed,Unknown,0.0,23
2204,13505,34,2011-05-31,Completed,Unknown,0.0,41
2205,12493,13,2011-05-31,Returned,Unknown,0.0,1
2206,12431,1,2011-05-31,Returned,Unknown,0.0,1
2207,12682,13,2011-05-31,Completed,Unknown,0.0,17
2208,14646,24,2011-06-01,Completed,Unknown,0.0,13
2209,12423,4,2011-06-01,Completed,Unknown,0.0,4
2210,14646,24,2011-06-01,Completed,Unknown,0.0,13
2211,12473,14,2011-06-01,Completed,Unknown,0.0,33
2212,12779,27,2011-06-01,Returned,Unknown,0.0,3
2213,12708,14,2011-06-01,Returned,Unknown,0.0,4
2214,12676,33,2011-06-02,Completed,Unknown,0.0,4
2215,12431,1,2011-06-02,Returned,Unknown,0.0,2
2216,12710,14,2011-06-02,Returned,Unknown,0.0,2
2217,12590,14,2011-06-02,Returned,Unknown,0.0,2
2218,12709,14,2011-06-02,Completed,Unknown,0.0,42
2219,12517,14,2011-06-02,Completed,Unknown,0.0,125
2220,12359,8,2011-06-03,Completed,Unknown,0.0,47
2221,12455,32,2011-06-03,Completed,Unknown,0.0,12
2222,12601,14,2011-06-03,Completed,Unknown,0.0,3
2223,12779,27,2011-06-03,Completed,Unknown,0.0,1
2224,12779,27,2011-06-03,Returned,Unknown,0.0,1
2225,12775,24,2011-06-03,Completed,Unknown,0.0,14
2226,12449,4,2011-06-05,Completed,Unknown,0.0,47
2227,12662,14,2011-06-05,Completed,Unknown,0.0,30
2228,12727,13,2011-06-05,Completed,Unknown,0.0,18
2229,12681,13,2011-06-05,Completed,Unknown,0.0,31
2230,12417,4,2011-06-05,Completed,Unknown,0.0,22
2231,12678,13,2011-06-05,Completed,Unknown,0.0,17
2232,12468,14,2011-06-05,Completed,Unknown,0.0,25
2233,15108,11,2011-06-05,Completed,Unknown,0.0,19
2234,12540,32,2011-06-06,Completed,Unknown,0.0,22
2235,12609,14,2011-06-06,Completed,Unknown,0.0,26
2236,12633,14,2011-06-06,Returned,Unknown,0.0,2
2237,12802,24,2011-06-06,Completed,Unknown,0.0,24
2238,12535,13,2011-06-06,Completed,Unknown,0.0,18
2239,12473,14,2011-06-07,Returned,Unknown,0.0,7
2240,12380,4,2011-06-07,Completed,Unknown,0.0,35
2241,12584,18,2011-06-07,Completed,Unknown,0.0,9
2242,12757,28,2011-06-07,Completed,Unknown,0.0,14
2243,12383,4,2011-06-08,Completed,Unknown,0.0,4
2244,12567,13,2011-06-08,Completed,Unknown,0.0,17
2245,12808,28,2011-06-08,Completed,Unknown,0.0,9
2246,13520,34,2011-06-08,Completed,Unknown,0.0,15
2247,12567,13,2011-06-08,Returned,Unknown,0.0,17
2248,12726,13,2011-06-08,Completed,Unknown,0.0,16
2249,12683,13,2011-06-08,Completed,Unknown,0.0,29
2250,17828,23,2011-06-08,Completed,Unknown,0.0,43
2251,12567,13,2011-06-08,Completed,Unknown,0.0,17
2252,12347,16,2011-06-09,Completed,Unknown,0.0,18
2253,12802,24,2011-06-09,Returned,Unknown,0.0,1
2254,12399,4,2011-06-09,Completed,Unknown,0.0,4
2255,12778,24,2011-06-09,Completed,Unknown,0.0,4
2256,12597,32,2011-06-09,Completed,Unknown,0.0,47
2257,12694,13,2011-06-09,Completed,Unknown,0.0,19
2258,12721,13,2011-06-09,Completed,Unknown,0.0,35
2259,12483,33,2011-06-09,Completed,Unknown,0.0,10
2260,12406,10,2011-06-09,Completed,Unknown,0.0,48
2261,12569,14,2011-06-09,Completed,Unknown,0.0,5
2262,13811,14,2011-06-09,Completed,Unknown,0.0,5
2263,12594,18,2011-06-09,Completed,Unknown,0.0,1
2264,15108,11,2011-06-10,Returned,Unknown,0.0,1
2265,12643,13,2011-06-10,Completed,Unknown,0.0,2
2266,12409,34,2011-06-10,Completed,Unknown,0.0,64
2267,12712,14,2011-06-10,Completed,Unknown,0.0,8
2268,12583,13,2011-06-12,Completed,Unknown,0.0,13
2269,12516,14,2011-06-12,Completed,Unknown,0.0,12
2270,12567,13,2011-06-13,Completed,Unknown,0.0,60
2271,12708,14,2011-06-13,Completed,Unknown,0.0,15
2272,12714,13,2011-06-13,Completed,Unknown,0.0,23
2273,12472,14,2011-06-13,Completed,Unknown,0.0,67
2274,12481,14,2011-06-13,Completed,Unknown,0.0,28
2275,12732,13,2011-06-13,Completed,Unknown,0.0,11
2276,13505,34,2011-06-13,Returned,Unknown,0.0,4
2277,12818,2,2011-06-14,Returned,Unknown,0.0,2
2278,12437,13,2011-06-15,Completed,Unknown,0.0,12
2279,12682,13,2011-06-15,Completed,Unknown,0.0,11
2280,12682,13,2011-06-15,Completed,Unknown,0.0,17
2281,12809,28,2011-06-15,Completed,Unknown,0.0,24
2282,12624,13,2011-06-15,Completed,Unknown,0.0,18
2283,12415,1,2011-06-15,Completed,Unknown,0.0,138
2284,12415,1,2011-06-15,Completed,Unknown,0.0,1
2285,12562,13,2011-06-16,Completed,Unknown,0.0,27
2286,12621,14,2011-06-16,Completed,Unknown,0.0,1
2287,12621,14,2011-06-16,Completed,Unknown,0.0,10
2288,17828,23,2011-06-16,Returned,Unknown,0.0,2
2289,12484,32,2011-06-16,Completed,Unknown,0.0,60
2290,12705,14,2011-06-16,Returned,Unknown,0.0,1
2291,12816,27,2011-06-16,Completed,Unknown,0.0,14
2292,12731,13,2011-06-17,Completed,Unknown,0.0,22
2293,14936,7,2011-06-17,Completed,Unknown,0.0,81
2294,12678,13,2011-06-17,Returned,Unknown,0.0,2
2295,12408,4,2011-06-17,Completed,Unknown,0.0,28
2296,12463,4,2011-06-17,Completed,Unknown,0.0,22
2297,14646,24,2011-06-19,Completed,Unknown,0.0,52
2298,12724,13,2011-06-19,Completed,Unknown,0.0,6
2299,12421,32,2011-06-19,Completed,Unknown,0.0,13
2300,12450,32,2011-06-19,Completed,Unknown,0.0,6
2301,12541,32,2011-06-19,Completed,Unknown,0.0,10
2302,17444,6,2011-06-20,Completed,Unknown,0.0,57
2303,14646,24,2011-06-20,Completed,Unknown,0.0,59
2304,12429,10,2011-06-20,Completed,Unknown,0.0,28
2305,13815,14,2011-06-20,Completed,Unknown,0.0,82
2306,12432,26,2011-06-20,Completed,Unknown,0.0,13
2307,12643,13,2011-06-20,Completed,Unknown,0.0,1
2308,12490,13,2011-06-20,Completed,Unknown,0.0,19
2309,16320,38,2011-06-20,Completed,Unknown,0.0,9
2310,12432,26,2011-06-20,Completed,Unknown,0.0,62
2311,12621,14,2011-06-20,Returned,Unknown,0.0,1
2312,12708,14,2011-06-20,Returned,Unknown,0.0,4
2313,12583,13,2011-06-21,Completed,Unknown,0.0,11
2314,12759,24,2011-06-21,Completed,Unknown,0.0,38
2315,12474,14,2011-06-21,Completed,Unknown,0.0,23
2316,12444,26,2011-06-21,Completed,Unknown,0.0,90
2317,17828,23,2011-06-22,Completed,Unknown,0.0,1
2318,12674,13,2011-06-22,Completed,Unknown,0.0,19
2319,12798,19,2011-06-22,Completed,Unknown,0.0,6
2320,12684,13,2011-06-22,Completed,Unknown,0.0,13
2321,12379,4,2011-06-22,Completed,Unknown,0.0,19
2322,12704,12,2011-06-23,Completed,Unknown,0.0,12
2323,12720,14,2011-06-23,Completed,Unknown,0.0,15
2324,12465,4,2011-06-23,Completed,Unknown,0.0,25
2325,12412,10,2011-06-23,Completed,Unknown,0.0,27
2326,12697,33,2011-06-23,Completed,Unknown,0.0,18
2327,12422,34,2011-06-24,Completed,Unknown,0.0,17
2328,12500,14,2011-06-24,Completed,Unknown,0.0,8
2329,12615,13,2011-06-24,Completed,Unknown,0.0,30
2330,12809,28,2011-06-24,Returned,Unknown,0.0,1
2331,12548,32,2011-06-26,Completed,Unknown,0.0,4
2332,12474,14,2011-06-26,Completed,Unknown,0.0,1
2333,13505,34,2011-06-26,Completed,Unknown,0.0,26
2334,12493,13,2011-06-27,Completed,Unknown,0.0,9
2335,14646,24,2011-06-28,Completed,Unknown,0.0,72
2336,14646,24,2011-06-28,Completed,Unknown,0.0,11
2337,14646,24,2011-06-28,Completed,Unknown,0.0,20
2338,12599,13,2011-06-28,Completed,Unknown,0.0,7
2339,12408,4,2011-06-29,Returned,Unknown,0.0,1
2340,12584,18,2011-06-29,Returned,Unknown,0.0,3
2341,12424,1,2011-06-30,Completed,Unknown,0.0,23
2342,12424,1,2011-06-30,Completed,Unknown,0.0,7
2343,12524,14,2011-06-30,Completed,Unknown,0.0,11
2344,12395,4,2011-06-30,Completed,Unknown,0.0,9
2345,12569,14,2011-06-30,Completed,Unknown,0.0,5
2346,12626,14,2011-06-30,Completed,Unknown,0.0,43
2347,12674,13,2011-06-30,Returned,Unknown,0.0,1
2348,13492,34,2011-07-01,Completed,Unknown,0.0,13
2349,12598,13,2011-07-01,Completed,Unknown,0.0,15
2350,12494,13,2011-07-01,Completed,Unknown,0.0,9
2351,12710,14,2011-07-01,Completed,Unknown,0.0,3
2352,12709,14,2011-07-01,Returned,Unknown,0.0,6
2353,12682,13,2011-07-04,Completed,Unknown,0.0,15
2354,12557,32,2011-07-04,Completed,Unknown,0.0,15
2355,12705,14,2011-07-04,Completed,Unknown,0.0,60
2356,12637,13,2011-07-05,Completed,Unknown,0.0,32
2357,12494,13,2011-07-05,Returned,Unknown,0.0,1
2358,12428,12,2011-07-05,Completed,Unknown,0.0,19
2359,12450,32,2011-07-06,Completed,Unknown,0.0,2
2360,12700,13,2011-07-06,Completed,Unknown,0.0,59
2361,12455,32,2011-07-06,Completed,Unknown,0.0,10
2362,17404,33,2011-07-06,Completed,Unknown,0.0,20
2363,12407,4,2011-07-06,Completed,Unknown,0.0,32
2364,12379,4,2011-07-07,Returned,Unknown,0.0,1
2365,12540,32,2011-07-07,Completed,Unknown,0.0,24
2366,12507,32,2011-07-07,Completed,Unknown,0.0,1
2367,12362,4,2011-07-07,Completed,Unknown,0.0,18
2368,12471,14,2011-07-07,Completed,Unknown,0.0,21
2369,12471,14,2011-07-07,Completed,Unknown,0.0,12
2370,12647,14,2011-07-07,Completed,Unknown,0.0,15
2371,12507,32,2011-07-07,Returned,Unknown,0.0,1
2372,12626,14,2011-07-07,Returned,Unknown,0.0,2
2373,12472,14,2011-07-07,Returned,Unknown,0.0,9
2374,12461,34,2011-07-08,Completed,Unknown,0.0,34
2375,12635,14,2011-07-08,Completed,Unknown,0.0,39
2376,12648,14,2011-07-08,Completed,Unknown,0.0,20
2377,12553,13,2011-07-08,Completed,Unknown,0.0,15
2378,12583,13,2011-07-08,Completed,Unknown,0.0,13
2379,12681,13,2011-07-08,Completed,Unknown,0.0,35
2380,12599,13,2011-07-11,Completed,Unknown,0.0,4
2381,17444,6,2011-07-11,Completed,Unknown,0.0,77
2382,12681,13,2011-07-11,Completed,Unknown,0.0,26
2383,12717,15,2011-07-11,Completed,Unknown,0.0,23
2384,12556,32,2011-07-11,Completed,Unknown,0.0,60
2385,12682,13,2011-07-12,Completed,Unknown,0.0,9
2386,12720,14,2011-07-12,Completed,Unknown,0.0,6
2387,12720,14,2011-07-12,Completed,Unknown,0.0,20
2388,12722,13,2011-07-12,Completed,Unknown,0.0,19
2389,12474,14,2011-07-12,Completed,Unknown,0.0,10
2390,12358,2,2011-07-12,Completed,Unknown,0.0,11
2391,12669,13,2011-07-12,Completed,Unknown,0.0,30
2392,12682,13,2011-07-12,Completed,Unknown,0.0,10
2393,12782,28,2011-07-13,Completed,Unknown,0.0,20
2394,12678,13,2011-07-13,Completed,Unknown,0.0,9
2395,12528,14,2011-07-13,Completed,Unknown,0.0,11
2396,12415,1,2011-07-13,Completed,Unknown,0.0,22
2397,12415,1,2011-07-13,Completed,Unknown,0.0,1
2398,12576,27,2011-07-13,Completed,Unknown,0.0,16
2399,12464,4,2011-07-13,Completed,Unknown,0.0,1
2400,12766,28,2011-07-13,Completed,Unknown,0.0,40
2401,12388,1,2011-07-14,Completed,Unknown,0.0,35
2402,12653,17,2011-07-14,Completed,Unknown,0.0,27
2403,14265,38,2011-07-14,Completed,Unknown,0.0,15
2404,12405,12,2011-07-14,Completed,Unknown,0.0,53
2405,13815,14,2011-07-14,Returned,Unknown,0.0,1
2406,12619,14,2011-07-14,Completed,Unknown,0.0,14
2407,12709,14,2011-07-14,Completed,Unknown,0.0,13
2408,12621,14,2011-07-15,Completed,Unknown,0.0,27
2409,12815,27,2011-07-15,Completed,Unknown,0.0,15
2410,12712,14,2011-07-15,Completed,Unknown,0.0,12
2411,12451,34,2011-07-15,Returned,Unknown,0.0,1
2412,12600,14,2011-07-17,Completed,Unknown,0.0,8
2413,12691,13,2011-07-17,Completed,Unknown,0.0,5
2414,12744,31,2011-07-18,Completed,Unknown,0.0,75
2415,12589,13,2011-07-18,Completed,Unknown,0.0,9
2416,12731,13,2011-07-18,Completed,Unknown,0.0,32
2417,12415,1,2011-07-19,Returned,Unknown,0.0,57
2418,12705,14,2011-07-19,Returned,Unknown,0.0,1
2419,12682,13,2011-07-19,Completed,Unknown,0.0,4
2420,12431,1,2011-07-19,Completed,Unknown,0.0,23
2421,12415,1,2011-07-19,Completed,Unknown,0.0,57
2422,12569,14,2011-07-19,Completed,Unknown,0.0,4
2423,12468,14,2011-07-19,Returned,Unknown,0.0,2
2424,12664,12,2011-07-19,Completed,Unknown,0.0,8
2425,12569,14,2011-07-19,Completed,Unknown,0.0,5
2426,12480,14,2011-07-19,Completed,Unknown,0.0,36
2427,12560,14,2011-07-19,Completed,Unknown,0.0,76
2428,12662,14,2011-07-19,Completed,Unknown,0.0,29
2429,12510,32,2011-07-20,Completed,Unknown,0.0,3
2430,12521,14,2011-07-20,Completed,Unknown,0.0,37
2431,12757,28,2011-07-20,Completed,Unknown,0.0,28
2432,14646,24,2011-07-20,Completed,Unknown,0.0,9
2433,12520,14,2011-07-20,Completed,Unknown,0.0,18
2434,15108,11,2011-07-21,Completed,Unknown,0.0,28
2435,12626,14,2011-07-21,Completed,Unknown,0.0,35
2436,12476,14,2011-07-21,Completed,Unknown,0.0,31
2437,12722,13,2011-07-21,Returned,Unknown,0.0,2
2438,12438,26,2011-07-22,Completed,Unknown,0.0,48
2439,12627,14,2011-07-22,Completed,Unknown,0.0,39
2440,12763,19,2011-07-24,Completed,Unknown,0.0,2
2441,12472,14,2011-07-24,Completed,Unknown,0.0,42
2442,12431,1,2011-07-24,Completed,Unknown,0.0,20
2443,12490,13,2011-07-24,Completed,Unknown,0.0,23
2444,12540,32,2011-07-25,Completed,Unknown,0.0,46
2445,12474,14,2011-07-25,Completed,Unknown,0.0,32
2446,12412,10,2011-07-25,Completed,Unknown,0.0,16
2447,13520,34,2011-07-25,Completed,Unknown,0.0,11
2448,13814,14,2011-07-25,Completed,Unknown,0.0,31
2449,12576,27,2011-07-25,Returned,Unknown,0.0,1
2450,12584,18,2011-07-26,Completed,Unknown,0.0,6
2451,13492,34,2011-07-26,Completed,Unknown,0.0,22
2452,12431,1,2011-07-26,Completed,Unknown,0.0,1
2453,12471,14,2011-07-26,Returned,Unknown,0.0,2
2454,12626,14,2011-07-26,Returned,Unknown,0.0,3
2455,12431,1,2011-07-26,Returned,Unknown,0.0,1
2456,12523,13,2011-07-27,Completed,Unknown,0.0,12
2457,12397,4,2011-07-27,Completed,Unknown,0.0,69
2458,12709,14,2011-07-27,Completed,Unknown,0.0,8
2459,12753,19,2011-07-27,Completed,Unknown,0.0,37
2460,12507,32,2011-07-28,Completed,Unknown,0.0,6
2461,12407,4,2011-07-28,Completed,Unknown,0.0,3
2462,12743,38,2011-07-28,Completed,Unknown,0.0,47
2463,12743,38,2011-07-28,Completed,Unknown,0.0,82
2464,12453,2,2011-07-28,Completed,Unknown,0.0,43
2465,13813,14,2011-07-28,Completed,Unknown,0.0,16
2466,12722,13,2011-07-28,Returned,Unknown,0.0,2
2467,12709,14,2011-07-29,Returned,Unknown,0.0,4
2468,12716,13,2011-07-29,Completed,Unknown,0.0,44
2469,12456,34,2011-07-31,Completed,Unknown,0.0,44
2470,12697,33,2011-07-31,Completed,Unknown,0.0,9
2471,17404,33,2011-07-31,Completed,Unknown,0.0,23
2472,14937,7,2011-08-01,Completed,Unknown,0.0,13
2473,12534,14,2011-08-01,Completed,Unknown,0.0,62
2474,12627,14,2011-08-02,Completed,Unknown,0.0,27
2475,12347,16,2011-08-02,Completed,Unknown,0.0,22
2476,12457,34,2011-08-02,Returned,Unknown,0.0,1
2477,13505,34,2011-08-02,Returned,Unknown,0.0,3
2478,12633,14,2011-08-02,Completed,Unknown,0.0,13
2479,12593,13,2011-08-02,Completed,Unknown,0.0,5
2480,12644,14,2011-08-02,Completed,Unknown,0.0,31
2481,12378,34,2011-08-02,Completed,Unknown,0.0,219
2482,12449,4,2011-08-02,Completed,Unknown,0.0,38
2483,12757,28,2011-08-03,Returned,Unknown,0.0,1
2484,13520,34,2011-08-03,Returned,Unknown,0.0,1
2485,12750,27,2011-08-03,Completed,Unknown,0.0,15
2486,12643,13,2011-08-03,Completed,Unknown,0.0,7
2487,12720,14,2011-08-03,Completed,Unknown,0.0,13
2488,12455,32,2011-08-04,Completed,Unknown,0.0,4
2489,12476,14,2011-08-04,Returned,Unknown,0.0,5
2490,12584,18,2011-08-04,Returned,Unknown,0.0,3
2491,12584,18,2011-08-04,Returned,Unknown,0.0,1
2492,12626,14,2011-08-04,Completed,Unknown,0.0,43
2493,12417,4,2011-08-04,Completed,Unknown,0.0,20
2494,12502,32,2011-08-04,Completed,Unknown,0.0,30
2495,12693,14,2011-08-04,Completed,Unknown,0.0,6
2496,12584,18,2011-08-04,Completed,Unknown,0.0,1
2497,12704,12,2011-08-04,Completed,Unknown,0.0,16
2498,12689,13,2011-08-04,Completed,Unknown,0.0,33
2499,17404,33,2011-08-04,Completed,Unknown,0.0,2
2500,12562,13,2011-08-05,Completed,Unknown,0.0,28
2501,12599,13,2011-08-05,Completed,Unknown,0.0,5
2502,12647,14,2011-08-05,Completed,Unknown,0.0,3
2503,12610,18,2011-08-05,Completed,Unknown,0.0,53
2504,12517,14,2011-08-05,Completed,Unknown,0.0,49
2505,13813,14,2011-08-05,Returned,Unknown,0.0,2
2506,12720,14,2011-08-07,Completed,Unknown,0.0,6
2507,12676,33,2011-08-08,Completed,Unknown,0.0,5
2508,12865,2,2011-08-08,Completed,Unknown,0.0,58
2509,12530,14,2011-08-08,Completed,Unknown,0.0,18
2510,14646,24,2011-08-09,Completed,Unknown,0.0,10
2511,14646,24,2011-08-09,Completed,Unknown,0.0,96
2512,12406,10,2011-08-09,Returned,Unknown,0.0,3
2513,12569,14,2011-08-09,Completed,Unknown,0.0,4
2514,12594,18,2011-08-10,Completed,Unknown,0.0,22
2515,12571,13,2011-08-10,Completed,Unknown,0.0,14
2516,12384,34,2011-08-10,Completed,Unknown,0.0,13
2517,13919,10,2011-08-10,Completed,Unknown,0.0,15
2518,12444,26,2011-08-10,Completed,Unknown,0.0,14
2519,14646,24,2011-08-11,Completed,Unknown,0.0,119
2520,12610,18,2011-08-11,Returned,Unknown,0.0,2
2521,12428,12,2011-08-11,Completed,Unknown,0.0,23
2522,12362,4,2011-08-11,Completed,Unknown,0.0,29
2523,12693,14,2011-08-11,Returned,Unknown,0.0,1
2524,12682,13,2011-08-12,Completed,Unknown,0.0,24
2525,12399,4,2011-08-12,Completed,Unknown,0.0,11
2526,12656,13,2011-08-12,Returned,Unknown,0.0,2
2527,12381,26,2011-08-12,Completed,Unknown,0.0,61
2528,12709,14,2011-08-12,Returned,Unknown,0.0,4
2529,14646,24,2011-08-12,Completed,Unknown,0.0,7
2530,12431,1,2011-08-12,Completed,Unknown,0.0,10
2531,12409,34,2011-08-14,Returned,Unknown,0.0,1
2532,12722,13,2011-08-14,Completed,Unknown,0.0,2
2533,12758,28,2011-08-15,Completed,Unknown,0.0,41
2534,12656,13,2011-08-15,Completed,Unknown,0.0,36
2535,12619,14,2011-08-15,Completed,Unknown,0.0,10
2536,15480,23,2011-08-15,Completed,Unknown,0.0,45
2537,12569,14,2011-08-16,Completed,Unknown,0.0,4
2538,17097,32,2011-08-16,Completed,Unknown,0.0,40
2539,17097,32,2011-08-16,Completed,Unknown,0.0,6
2540,12641,33,2011-08-16,Completed,Unknown,0.0,9
2541,12722,13,2011-08-17,Completed,Unknown,0.0,29
2542,12697,33,2011-08-17,Returned,Unknown,0.0,1
2543,12421,32,2011-08-17,Completed,Unknown,0.0,10
2544,12473,14,2011-08-17,Completed,Unknown,0.0,29
2545,12528,14,2011-08-17,Completed,Unknown,0.0,8
2546,12688,17,2011-08-18,Completed,Unknown,0.0,171
2547,12415,1,2011-08-18,Completed,Unknown,0.0,97
2548,12729,13,2011-08-18,Completed,Unknown,0.0,25
2549,12680,13,2011-08-18,Completed,Unknown,0.0,19
2550,14937,7,2011-08-18,Returned,Unknown,0.0,1
2551,12360,2,2011-08-19,Completed,Unknown,0.0,29
2552,12513,13,2011-08-19,Completed,Unknown,0.0,34
2553,12418,34,2011-08-19,Completed,Unknown,0.0,34
2554,12600,14,2011-08-19,Completed,Unknown,0.0,8
2555,12626,14,2011-08-19,Completed,Unknown,0.0,22
2556,12395,4,2011-08-19,Completed,Unknown,0.0,6
2557,12364,4,2011-08-19,Completed,Unknown,0.0,33
2558,12362,4,2011-08-19,Returned,Unknown,0.0,3
2559,12528,14,2011-08-19,Returned,Unknown,0.0,1
2560,14566,7,2011-08-21,Completed,Unknown,0.0,4
2561,12523,13,2011-08-21,Completed,Unknown,0.0,7
2562,17097,32,2011-08-21,Returned,Unknown,0.0,2
2563,12518,14,2011-08-21,Completed,Unknown,0.0,17
2564,12553,13,2011-08-21,Completed,Unknown,0.0,21
2565,17097,32,2011-08-21,Completed,Unknown,0.0,2
2566,12627,14,2011-08-22,Completed,Unknown,0.0,35
2567,12645,14,2011-08-22,Completed,Unknown,0.0,22
2568,14265,38,2011-08-22,Completed,Unknown,0.0,16
2569,12363,38,2011-08-22,Completed,Unknown,0.0,7
2570,17828,23,2011-08-22,Completed,Unknown,0.0,9
2571,12471,14,2011-08-22,Completed,Unknown,0.0,20
2572,12567,13,2011-08-23,Completed,Unknown,0.0,38
2573,14930,7,2011-08-23,Completed,Unknown,0.0,10
2574,12621,14,2011-08-23,Completed,Unknown,0.0,30
2575,14936,7,2011-08-23,Completed,Unknown,0.0,57
2576,12593,13,2011-08-23,Completed,Unknown,0.0,5
2577,14646,24,2011-08-23,Completed,Unknown,0.0,2
2578,14930,7,2011-08-23,Completed,Unknown,0.0,55
2579,12530,14,2011-08-23,Returned,Unknown,0.0,2
2580,12428,12,2011-08-23,Returned,Unknown,0.0,1
2581,12456,34,2011-08-23,Returned,Unknown,0.0,4
2582,12753,19,2011-08-23,Returned,Unknown,0.0,8
2583,12477,14,2011-08-23,Returned,Unknown,0.0,3
2584,12649,14,2011-08-24,Completed,Unknown,0.0,12
2585,12569,14,2011-08-24,Completed,Unknown,0.0,3
2586,12662,14,2011-08-24,Completed,Unknown,0.0,18
2587,12695,13,2011-08-24,Completed,Unknown,0.0,13
2588,12471,14,2011-08-24,Completed,Unknown,0.0,5
2589,12523,13,2011-08-24,Completed,Unknown,0.0,9
2590,12642,14,2011-08-24,Completed,Unknown,0.0,23
2591,12540,32,2011-08-24,Completed,Unknown,0.0,17
2592,12471,14,2011-08-24,Completed,Unknown,0.0,22
2593,12649,14,2011-08-24,Completed,Unknown,0.0,1
2594,12712,14,2011-08-25,Completed,Unknown,0.0,9
2595,12583,13,2011-08-25,Completed,Unknown,0.0,10
2596,12500,14,2011-08-25,Completed,Unknown,0.0,4
2597,12610,18,2011-08-25,Completed,Unknown,0.0,17
2598,12682,13,2011-08-25,Completed,Unknown,0.0,22
2599,12464,4,2011-08-25,Completed,Unknown,0.0,3
2600,12624,13,2011-08-25,Completed,Unknown,0.0,18
2601,12715,33,2011-08-25,Completed,Unknown,0.0,19
2602,12714,13,2011-08-25,Completed,Unknown,0.0,68
2603,17844,6,2011-08-25,Completed,Unknown,0.0,5
2604,12417,4,2011-08-25,Completed,Unknown,0.0,34
2605,12492,14,2011-08-26,Completed,Unknown,0.0,8
2606,12683,13,2011-08-26,Completed,Unknown,0.0,47
2607,14646,24,2011-08-26,Completed,Unknown,0.0,1
2608,14646,24,2011-08-26,Completed,Unknown,0.0,41
2609,13812,14,2011-08-26,Completed,Unknown,0.0,19
2610,12704,12,2011-08-26,Completed,Unknown,0.0,19
2611,12484,32,2011-08-28,Completed,Unknown,0.0,117
2612,17828,23,2011-08-30,Returned,Unknown,0.0,2
2613,12708,14,2011-08-30,Completed,Unknown,0.0,20
2614,12814,27,2011-08-30,Completed,Unknown,0.0,1
2615,12682,13,2011-08-31,Completed,Unknown,0.0,1
2616,12560,14,2011-08-31,Returned,Unknown,0.0,6
2617,14646,24,2011-08-31,Returned,Unknown,0.0,2
2618,12423,4,2011-08-31,Completed,Unknown,0.0,11
2619,12490,13,2011-08-31,Completed,Unknown,0.0,18
2620,12621,14,2011-08-31,Completed,Unknown,0.0,49
2621,17097,32,2011-08-31,Completed,Unknown,0.0,15
2622,12678,13,2011-08-31,Completed,Unknown,0.0,10
2623,12381,26,2011-08-31,Returned,Unknown,0.0,4
2624,12477,14,2011-08-31,Completed,Unknown,0.0,90
2625,12436,26,2011-09-01,Completed,Unknown,0.0,15
2626,12415,1,2011-09-01,Completed,Unknown,0.0,1
2627,12739,37,2011-09-01,Completed,Unknown,0.0,37
2628,12474,14,2011-09-01,Returned,Unknown,0.0,1
2629,12645,14,2011-09-01,Returned,Unknown,0.0,1
2630,12415,1,2011-09-01,Completed,Unknown,0.0,8
2631,12708,14,2011-09-02,Returned,Unknown,0.0,1
2632,12423,4,2011-09-02,Returned,Unknown,0.0,1
2633,12471,14,2011-09-02,Returned,Unknown,0.0,7
2634,12670,13,2011-09-02,Completed,Unknown,0.0,22
2635,12408,4,2011-09-02,Completed,Unknown,0.0,16
2636,12474,14,2011-09-02,Completed,Unknown,0.0,25
2637,12483,33,2011-09-02,Completed,Unknown,0.0,13
2638,12794,28,2011-09-02,Completed,Unknown,0.0,20
2639,12437,13,2011-09-02,Completed,Unknown,0.0,8
2640,12437,13,2011-09-02,Completed,Unknown,0.0,5
2641,12375,12,2011-09-02,Completed,Unknown,0.0,10
2642,12710,14,2011-09-04,Completed,Unknown,0.0,28
2643,12569,14,2011-09-04,Completed,Unknown,0.0,5
2644,14335,14,2011-09-04,Completed,Unknown,0.0,40
2645,12709,14,2011-09-04,Completed,Unknown,0.0,19
2646,12627,14,2011-09-04,Completed,Unknown,0.0,36
2647,12567,13,2011-09-04,Completed,Unknown,0.0,49
2648,12422,1,2011-09-05,Completed,Unknown,0.0,8
2649,12709,14,2011-09-05,Returned,Unknown,0.0,4
2650,12683,13,2011-09-05,Returned,Unknown,0.0,9
2651,12576,27,2011-09-05,Completed,Unknown,0.0,16
2652,12816,27,2011-09-05,Completed,Unknown,0.0,13
2653,12727,13,2011-09-05,Completed,Unknown,0.0,6
2654,12616,13,2011-09-05,Completed,Unknown,0.0,20
2655,12502,32,2011-09-05,Completed,Unknown,0.0,38
2656,12720,14,2011-09-06,Completed,Unknown,0.0,20
2657,12720,14,2011-09-06,Completed,Unknown,0.0,1
2658,12526,14,2011-09-06,Completed,Unknown,0.0,28
2659,12569,14,2011-09-06,Completed,Unknown,0.0,3
2660,12637,13,2011-09-07,Completed,Unknown,0.0,67
2661,12685,13,2011-09-07,Completed,Unknown,0.0,25
2662,12490,13,2011-09-07,Completed,Unknown,0.0,41
2663,12569,14,2011-09-08,Completed,Unknown,0.0,2
2664,12685,13,2011-09-08,Completed,Unknown,0.0,63
2665,12683,13,2011-09-08,Completed,Unknown,0.0,22
2666,14646,24,2011-09-08,Completed,Unknown,0.0,51
2667,14646,24,2011-09-08,Completed,Unknown,0.0,1
2668,12540,32,2011-09-08,Completed,Unknown,0.0,22
2669,13814,14,2011-09-08,Completed,Unknown,0.0,26
2670,12592,14,2011-09-08,Completed,Unknown,0.0,8
2671,12535,13,2011-09-09,Completed,Unknown,0.0,16
2672,12787,24,2011-09-09,Completed,Unknown,0.0,7
2673,12637,13,2011-09-09,Completed,Unknown,0.0,67
2674,12621,14,2011-09-09,Returned,Unknown,0.0,5
2675,12477,14,2011-09-09,Returned,Unknown,0.0,3
2676,12433,26,2011-09-09,Completed,Unknown,0.0,81
2677,12674,13,2011-09-09,Completed,Unknown,0.0,21
2678,12449,4,2011-09-09,Completed,Unknown,0.0,44
2679,12635,14,2011-09-11,Completed,Unknown,0.0,60
2680,12680,13,2011-09-11,Completed,Unknown,0.0,6
2681,12647,14,2011-09-11,Completed,Unknown,0.0,18
2682,13813,14,2011-09-11,Completed,Unknown,0.0,14
2683,12619,14,2011-09-13,Completed,Unknown,0.0,6
2684,12679,13,2011-09-13,Completed,Unknown,0.0,1
2685,17404,33,2011-09-13,Completed,Unknown,0.0,17
2686,14646,24,2011-09-13,Completed,Unknown,0.0,57
2687,12664,12,2011-09-13,Completed,Unknown,0.0,3
2688,12566,14,2011-09-14,Completed,Unknown,0.0,18
2689,12457,34,2011-09-14,Completed,Unknown,0.0,34
2690,12726,13,2011-09-14,Completed,Unknown,0.0,20
2691,12756,19,2011-09-14,Completed,Unknown,0.0,4
2692,12616,13,2011-09-15,Returned,Unknown,0.0,1
2693,12444,26,2011-09-15,Completed,Unknown,0.0,19
2694,12731,13,2011-09-15,Completed,Unknown,0.0,31
2695,12682,13,2011-09-15,Completed,Unknown,0.0,15
2696,12722,13,2011-09-15,Completed,Unknown,0.0,2
2697,12434,1,2011-09-16,Completed,Unknown,0.0,34
2698,12476,14,2011-09-16,Completed,Unknown,0.0,12
2699,12600,14,2011-09-16,Completed,Unknown,0.0,5
2700,12709,14,2011-09-16,Returned,Unknown,0.0,3
2701,12476,14,2011-09-16,Returned,Unknown,0.0,1
2702,12471,14,2011-09-16,Completed,Unknown,0.0,18
2703,12513,13,2011-09-16,Returned,Unknown,0.0,1
2704,12457,8,2011-09-19,Completed,Unknown,0.0,1
2705,12562,13,2011-09-19,Completed,Unknown,0.0,20
2706,12379,4,2011-09-19,Completed,Unknown,0.0,19
2707,14934,7,2011-09-19,Completed,Unknown,0.0,48
2708,14646,24,2011-09-19,Completed,Unknown,0.0,66
2709,14646,24,2011-09-19,Completed,Unknown,0.0,38
2710,12527,14,2011-09-19,Completed,Unknown,0.0,3
2711,12640,13,2011-09-19,Completed,Unknown,0.0,41
2712,12682,13,2011-09-19,Completed,Unknown,0.0,17
2713,12724,13,2011-09-19,Completed,Unknown,0.0,26
2714,12705,14,2011-09-19,Returned,Unknown,0.0,1
2715,12540,32,2011-09-19,Completed,Unknown,0.0,35
2716,12621,14,2011-09-19,Completed,Unknown,0.0,9
2717,12621,14,2011-09-19,Completed,Unknown,0.0,14
2718,12752,26,2011-09-19,Completed,Unknown,0.0,53
2719,12497,14,2011-09-19,Completed,Unknown,0.0,13
2720,12540,32,2011-09-20,Returned,Unknown,0.0,2
2721,12474,14,2011-09-20,Returned,Unknown,0.0,1
2722,12620,13,2011-09-20,Completed,Unknown,0.0,24
2723,12584,18,2011-09-20,Completed,Unknown,0.0,15
2724,12352,26,2011-09-20,Completed,Unknown,0.0,17
2725,12720,14,2011-09-20,Completed,Unknown,0.0,9
2726,12550,32,2011-09-21,Completed,Unknown,0.0,56
2727,12604,13,2011-09-21,Completed,Unknown,0.0,6
2728,12520,14,2011-09-21,Completed,Unknown,0.0,30
2729,12721,13,2011-09-21,Completed,Unknown,0.0,23
2730,12523,13,2011-09-21,Completed,Unknown,0.0,8
2731,12701,14,2011-09-21,Completed,Unknown,0.0,31
2732,12390,4,2011-09-21,Completed,Unknown,0.0,31
2733,12583,13,2011-09-21,Completed,Unknown,0.0,21
2734,12384,34,2011-09-21,Returned,Unknown,0.0,3
2735,12409,34,2011-09-21,Returned,Unknown,0.0,1
2736,12409,34,2011-09-21,Completed,Unknown,0.0,1
2737,12409,34,2011-09-21,Returned,Unknown,0.0,2
2738,12435,10,2011-09-21,Completed,Unknown,0.0,17
2739,12409,34,2011-09-21,Returned,Unknown,0.0,1
2740,12409,34,2011-09-22,Completed,Unknown,0.0,44
2741,12678,13,2011-09-22,Completed,Unknown,0.0,9
2742,12657,13,2011-09-22,Completed,Unknown,0.0,27
2743,12609,14,2011-09-22,Completed,Unknown,0.0,16
2744,12437,13,2011-09-22,Completed,Unknown,0.0,9
2745,12647,14,2011-09-22,Completed,Unknown,0.0,2
2746,12579,13,2011-09-22,Completed,Unknown,0.0,28
2747,12471,14,2011-09-22,Completed,Unknown,0.0,7
2748,12380,4,2011-09-22,Completed,Unknown,0.0,27
2749,12425,28,2011-09-22,Completed,Unknown,0.0,36
2750,12704,12,2011-09-22,Completed,Unknown,0.0,14
2751,12364,4,2011-09-22,Completed,Unknown,0.0,1
2752,14646,24,2011-09-22,Completed,Unknown,0.0,20
2753,12681,13,2011-09-23,Completed,Unknown,0.0,37
2754,12518,14,2011-09-23,Completed,Unknown,0.0,32
2755,12705,14,2011-09-23,Completed,Unknown,0.0,37
2756,12540,32,2011-09-23,Completed,Unknown,0.0,6
2757,12516,14,2011-09-23,Completed,Unknown,0.0,12
2758,12546,32,2011-09-23,Completed,Unknown,0.0,44
2759,12619,14,2011-09-23,Completed,Unknown,0.0,12
2760,12488,13,2011-09-25,Completed,Unknown,0.0,21
2761,12388,1,2011-09-25,Completed,Unknown,0.0,22
2762,12685,13,2011-09-25,Completed,Unknown,0.0,13
2763,12545,32,2011-09-25,Completed,Unknown,0.0,15
2764,12783,28,2011-09-25,Completed,Unknown,0.0,17
2765,12348,12,2011-09-25,Completed,Unknown,0.0,2
2766,12583,13,2011-09-26,Returned,Unknown,0.0,2
2767,12412,10,2011-09-26,Completed,Unknown,0.0,15
2768,14931,7,2011-09-26,Completed,Unknown,0.0,17
2769,12612,14,2011-09-26,Completed,Unknown,0.0,18
2770,12720,14,2011-09-27,Returned,Unknown,0.0,2
2771,12455,32,2011-09-27,Completed,Unknown,0.0,18
2772,12579,13,2011-09-27,Returned,Unknown,0.0,1
2773,12681,13,2011-09-27,Returned,Unknown,0.0,2
2774,12680,13,2011-09-27,Completed,Unknown,0.0,9
2775,12517,14,2011-09-27,Completed,Unknown,0.0,22
2776,16321,1,2011-09-28,Completed,Unknown,0.0,2
2777,16321,1,2011-09-28,Completed,Unknown,0.0,2
2778,12352,26,2011-09-28,Completed,Unknown,0.0,13
2779,12362,4,2011-09-28,Completed,Unknown,0.0,39
2780,12619,14,2011-09-28,Returned,Unknown,0.0,1
2781,12393,1,2011-09-28,Completed,Unknown,0.0,24
2782,12566,14,2011-09-28,Returned,Unknown,0.0,1
2783,14934,7,2011-09-28,Returned,Unknown,0.0,1
2784,13505,34,2011-09-28,Completed,Unknown,0.0,91
2785,12656,13,2011-09-28,Completed,Unknown,0.0,28
2786,12708,14,2011-09-28,Completed,Unknown,0.0,19
2787,16321,1,2011-09-28,Returned,Unknown,0.0,2
2788,12458,34,2011-09-29,Completed,Unknown,0.0,18
2789,12728,13,2011-09-29,Completed,Unknown,0.0,12
2790,12619,14,2011-09-29,Returned,Unknown,0.0,1
2791,12372,10,2011-09-29,Completed,Unknown,0.0,12
2792,12703,14,2011-09-29,Completed,Unknown,0.0,20
2793,12615,13,2011-09-29,Completed,Unknown,0.0,28
2794,12718,13,2011-09-29,Completed,Unknown,0.0,18
2795,12709,14,2011-09-29,Completed,Unknown,0.0,23
2796,12598,13,2011-09-29,Completed,Unknown,0.0,17
2797,13813,14,2011-09-30,Completed,Unknown,0.0,16
2798,12676,33,2011-09-30,Completed,Unknown,0.0,6
2799,12731,13,2011-09-30,Completed,Unknown,0.0,26
2800,12583,13,2011-09-30,Completed,Unknown,0.0,13
2801,12694,13,2011-09-30,Completed,Unknown,0.0,16
2802,13505,34,2011-10-03,Returned,Unknown,0.0,3
2803,12484,32,2011-10-03,Returned,Unknown,0.0,1
2804,12637,13,2011-10-03,Completed,Unknown,0.0,65
2805,12695,13,2011-10-04,Completed,Unknown,0.0,5
2806,12512,17,2011-10-04,Completed,Unknown,0.0,29
2807,12395,4,2011-10-04,Completed,Unknown,0.0,16
2808,12413,13,2011-10-04,Completed,Unknown,0.0,9
2809,12512,17,2011-10-04,Completed,Unknown,0.0,2
2810,12664,12,2011-10-04,Completed,Unknown,0.0,1
2811,12457,8,2011-10-04,Completed,Unknown,0.0,1
2812,12546,32,2011-10-04,Returned,Unknown,0.0,1
2813,12705,14,2011-10-04,Returned,Unknown,0.0,2
2814,12457,8,2011-10-04,Returned,Unknown,0.0,1
2815,12723,13,2011-10-05,Completed,Unknown,0.0,35
2816,12451,34,2011-10-05,Completed,Unknown,0.0,100
2817,12415,1,2011-10-05,Completed,Unknown,0.0,81
2818,12415,1,2011-10-05,Completed,Unknown,0.0,1
2819,12471,14,2011-10-05,Completed,Unknown,0.0,27
2820,12700,13,2011-10-05,Completed,Unknown,0.0,88
2821,12481,14,2011-10-05,Completed,Unknown,0.0,47
2822,12720,14,2011-10-05,Completed,Unknown,0.0,29
2823,14936,7,2011-10-05,Completed,Unknown,0.0,18
2824,14936,7,2011-10-05,Completed,Unknown,0.0,1
2825,14936,7,2011-10-05,Completed,Unknown,0.0,62
2826,12789,24,2011-10-05,Completed,Unknown,0.0,3
2827,12719,13,2011-10-05,Completed,Unknown,0.0,17
2828,12723,13,2011-10-05,Completed,Unknown,0.0,1
2829,14646,24,2011-10-06,Completed,Unknown,0.0,6
2830,14646,24,2011-10-06,Completed,Unknown,0.0,15
2831,12628,14,2011-10-06,Completed,Unknown,0.0,16
2832,12431,1,2011-10-06,Completed,Unknown,0.0,27
2833,12431,1,2011-10-06,Completed,Unknown,0.0,5
2834,12500,14,2011-10-06,Completed,Unknown,0.0,6
2835,13812,14,2011-10-06,Completed,Unknown,0.0,7
2836,13816,14,2011-10-06,Completed,Unknown,0.0,16
2837,12569,14,2011-10-06,Completed,Unknown,0.0,12
2838,12757,28,2011-10-06,Completed,Unknown,0.0,41
2839,12627,14,2011-10-06,Completed,Unknown,0.0,59
2840,12569,14,2011-10-06,Completed,Unknown,0.0,2
2841,12523,13,2011-10-06,Completed,Unknown,0.0,8
2842,12757,28,2011-10-06,Completed,Unknown,0.0,164
2843,12626,14,2011-10-06,Completed,Unknown,0.0,61
2844,12500,14,2011-10-06,Returned,Unknown,0.0,1
2845,12584,18,2011-10-06,Returned,Unknown,0.0,6
2846,12703,14,2011-10-06,Returned,Unknown,0.0,1
2847,12679,13,2011-10-06,Returned,Unknown,0.0,2
2848,12778,24,2011-10-07,Completed,Unknown,0.0,10
2849,12492,14,2011-10-07,Completed,Unknown,0.0,10
2850,12528,14,2011-10-07,Completed,Unknown,0.0,14
2851,12524,14,2011-10-07,Completed,Unknown,0.0,23
2852,12781,9,2011-10-07,Completed,Unknown,0.0,9
2853,12684,13,2011-10-07,Completed,Unknown,0.0,10
2854,12519,14,2011-10-07,Completed,Unknown,0.0,16
2855,12477,14,2011-10-07,Completed,Unknown,0.0,24
2856,12420,8,2011-10-07,Completed,Unknown,0.0,29
2857,12540,32,2011-10-07,Completed,Unknown,0.0,21
2858,12394,10,2011-10-07,Completed,Unknown,0.0,5
2859,12740,13,2011-10-07,Completed,Unknown,0.0,27
2860,12427,14,2011-10-10,Completed,Unknown,0.0,14
2861,12607,36,2011-10-10,Completed,Unknown,0.0,101
2862,12431,4,2011-10-10,Completed,Unknown,0.0,16
2863,12682,13,2011-10-10,Completed,Unknown,0.0,15
2864,12682,13,2011-10-10,Completed,Unknown,0.0,7
2865,12708,14,2011-10-10,Returned,Unknown,0.0,3
2866,12731,13,2011-10-10,Returned,Unknown,0.0,1
2867,12772,28,2011-10-11,Completed,Unknown,0.0,54
2868,12474,14,2011-10-11,Completed,Unknown,0.0,29
2869,13919,10,2011-10-11,Completed,Unknown,0.0,11
2870,12362,4,2011-10-11,Completed,Unknown,0.0,14
2871,12536,13,2011-10-11,Completed,Unknown,0.0,259
2872,12719,13,2011-10-11,Returned,Unknown,0.0,3
2873,12371,34,2011-10-11,Completed,Unknown,0.0,62
2874,12530,14,2011-10-11,Completed,Unknown,0.0,19
2875,13520,34,2011-10-12,Completed,Unknown,0.0,20
2876,12518,14,2011-10-12,Completed,Unknown,0.0,24
2877,12602,13,2011-10-12,Completed,Unknown,0.0,12
2878,12633,14,2011-10-12,Completed,Unknown,0.0,14
2879,12664,12,2011-10-12,Completed,Unknown,0.0,2
2880,12553,13,2011-10-12,Completed,Unknown,0.0,22
2881,12679,13,2011-10-12,Completed,Unknown,0.0,1
2882,12569,14,2011-10-12,Completed,Unknown,0.0,4
2883,12667,12,2011-10-12,Completed,Unknown,0.0,32
2884,12471,14,2011-10-12,Returned,Unknown,0.0,1
2885,12444,26,2011-10-12,Completed,Unknown,0.0,16
2886,12457,34,2011-10-12,Returned,Unknown,0.0,1
2887,12607,36,2011-10-12,Returned,Unknown,0.0,101
2888,12691,13,2011-10-12,Completed,Unknown,0.0,8
2889,12583,13,2011-10-12,Completed,Unknown,0.0,5
2890,12709,14,2011-10-12,Completed,Unknown,0.0,17
2891,12631,12,2011-10-13,Completed,Unknown,0.0,30
2892,12584,18,2011-10-13,Completed,Unknown,0.0,14
2893,12766,28,2011-10-13,Completed,Unknown,0.0,61
2894,12359,8,2011-10-13,Completed,Unknown,0.0,100
2895,12446,29,2011-10-13,Completed,Unknown,0.0,57
2896,12613,14,2011-10-13,Completed,Unknown,0.0,78
2897,12498,14,2011-10-13,Completed,Unknown,0.0,12
2898,12876,4,2011-10-13,Completed,Unknown,0.0,50
2899,13816,14,2011-10-13,Returned,Unknown,0.0,4
2900,12612,14,2011-10-13,Returned,Unknown,0.0,2
2901,12709,14,2011-10-13,Returned,Unknown,0.0,4
2902,12685,13,2011-10-13,Completed,Unknown,0.0,11
2903,12562,13,2011-10-14,Completed,Unknown,0.0,27
2904,12583,13,2011-10-14,Returned,Unknown,0.0,1
2905,13814,14,2011-10-14,Returned,Unknown,0.0,1
2906,12380,4,2011-10-14,Completed,Unknown,0.0,22
2907,14937,7,2011-10-14,Completed,Unknown,0.0,20
2908,14937,7,2011-10-14,Completed,Unknown,0.0,1
2909,13810,14,2011-10-14,Completed,Unknown,0.0,19
2910,12477,14,2011-10-14,Completed,Unknown,0.0,32
2911,12744,31,2011-10-14,Completed,Unknown,0.0,32
2912,12454,32,2011-10-14,Completed,Unknown,0.0,15
2913,12783,28,2011-10-14,Completed,Unknown,0.0,33
2914,12679,13,2011-10-17,Returned,Unknown,0.0,1
2915,12475,14,2011-10-17,Completed,Unknown,0.0,35
2916,12474,14,2011-10-17,Completed,Unknown,0.0,35
2917,17404,33,2011-10-17,Completed,Unknown,0.0,30
2918,12473,14,2011-10-17,Completed,Unknown,0.0,98
2919,12463,4,2011-10-17,Completed,Unknown,0.0,21
2920,12794,28,2011-10-17,Completed,Unknown,0.0,25
2921,12526,14,2011-10-17,Completed,Unknown,0.0,28
2922,12454,32,2011-10-17,Returned,Unknown,0.0,15
2923,13919,10,2011-10-17,Returned,Unknown,0.0,5
2924,12540,32,2011-10-18,Completed,Unknown,0.0,40
2925,12679,13,2011-10-18,Returned,Unknown,0.0,1
2926,12679,13,2011-10-18,Returned,Unknown,0.0,1
2927,12662,14,2011-10-18,Completed,Unknown,0.0,30
2928,12360,2,2011-10-18,Completed,Unknown,0.0,53
2929,12759,24,2011-10-18,Completed,Unknown,0.0,28
2930,12611,18,2011-10-18,Completed,Unknown,0.0,65
2931,12720,14,2011-10-18,Completed,Unknown,0.0,9
2932,12621,14,2011-10-18,Completed,Unknown,0.0,21
2933,12720,14,2011-10-19,Returned,Unknown,0.0,1
2934,12685,13,2011-10-19,Completed,Unknown,0.0,18
2935,12757,28,2011-10-19,Completed,Unknown,0.0,2
2936,12370,8,2011-10-19,Completed,Unknown,0.0,28
2937,12500,14,2011-10-19,Completed,Unknown,0.0,4
2938,12500,14,2011-10-19,Completed,Unknown,0.0,1
2939,12472,14,2011-10-19,Completed,Unknown,0.0,79
2940,12596,32,2011-10-19,Completed,Unknown,0.0,11
2941,12731,13,2011-10-19,Completed,Unknown,0.0,16
2942,12522,14,2011-10-19,Completed,Unknown,0.0,5
2943,12572,14,2011-10-19,Completed,Unknown,0.0,35
2944,12556,32,2011-10-20,Completed,Unknown,0.0,54
2945,12474,14,2011-10-20,Completed,Unknown,0.0,44
2946,14646,24,2011-10-20,Completed,Unknown,0.0,20
2947,12683,13,2011-10-20,Completed,Unknown,0.0,38
2948,14646,24,2011-10-20,Completed,Unknown,0.0,1
2949,14646,24,2011-10-20,Completed,Unknown,0.0,125
2950,12569,14,2011-10-20,Completed,Unknown,0.0,4
2951,12642,14,2011-10-20,Completed,Unknown,0.0,10
2952,12407,4,2011-10-21,Completed,Unknown,0.0,12
2953,14646,24,2011-10-21,Completed,Unknown,0.0,16
2954,12646,36,2011-10-21,Completed,Unknown,0.0,24
2955,12500,14,2011-10-21,Completed,Unknown,0.0,11
2956,14646,24,2011-10-21,Completed,Unknown,0.0,13
2957,12712,14,2011-10-21,Completed,Unknown,0.0,9
2958,14646,24,2011-10-21,Completed,Unknown,0.0,7
2959,12403,10,2011-10-21,Completed,Unknown,0.0,4
2960,12572,14,2011-10-23,Returned,Unknown,0.0,2
2961,12463,4,2011-10-24,Returned,Unknown,0.0,2
2962,12474,14,2011-10-24,Returned,Unknown,0.0,3
2963,12380,4,2011-10-24,Returned,Unknown,0.0,1
2964,12546,32,2011-10-24,Completed,Unknown,0.0,23
2965,12594,18,2011-10-24,Completed,Unknown,0.0,24
2966,12476,14,2011-10-25,Completed,Unknown,0.0,23
2967,12476,14,2011-10-25,Completed,Unknown,0.0,10
2968,12398,34,2011-10-25,Completed,Unknown,0.0,84
2969,12610,18,2011-10-25,Completed,Unknown,0.0,24
2970,12569,14,2011-10-26,Completed,Unknown,0.0,2
2971,12569,14,2011-10-26,Completed,Unknown,0.0,3
2972,12456,34,2011-10-26,Completed,Unknown,0.0,38
2973,12812,19,2011-10-26,Completed,Unknown,0.0,15
2974,12584,18,2011-10-26,Returned,Unknown,0.0,4
2975,12448,32,2011-10-26,Completed,Unknown,0.0,21
2976,12798,19,2011-10-26,Completed,Unknown,0.0,1
2977,12362,4,2011-10-26,Completed,Unknown,0.0,32
2978,12471,14,2011-10-27,Returned,Unknown,0.0,8
2979,12626,14,2011-10-27,Completed,Unknown,0.0,12
2980,12437,13,2011-10-27,Completed,Unknown,0.0,10
2981,12709,14,2011-10-27,Completed,Unknown,0.0,9
2982,12523,13,2011-10-27,Completed,Unknown,0.0,14
2983,12630,12,2011-10-27,Completed,Unknown,0.0,34
2984,12681,13,2011-10-27,Completed,Unknown,0.0,22
2985,12681,13,2011-10-27,Completed,Unknown,0.0,1
2986,14646,24,2011-10-27,Completed,Unknown,0.0,25
2987,12430,26,2011-10-27,Completed,Unknown,0.0,10
2988,14646,24,2011-10-27,Completed,Unknown,0.0,2
2989,12433,26,2011-10-27,Completed,Unknown,0.0,58
2990,12362,4,2011-10-28,Completed,Unknown,0.0,26
2991,12709,14,2011-10-28,Returned,Unknown,0.0,1
2992,12657,13,2011-10-28,Completed,Unknown,0.0,1
2993,12705,14,2011-10-28,Completed,Unknown,0.0,41
2994,13812,14,2011-10-28,Completed,Unknown,0.0,7
2995,12678,13,2011-10-28,Completed,Unknown,0.0,1
2996,12432,26,2011-10-28,Completed,Unknown,0.0,2
2997,12678,13,2011-10-28,Completed,Unknown,0.0,60
2998,12432,26,2011-10-28,Completed,Unknown,0.0,30
2999,12494,13,2011-10-30,Completed,Unknown,0.0,14
3000,12483,33,2011-10-30,Completed,Unknown,0.0,15
3001,12597,32,2011-10-30,Completed,Unknown,0.0,115
3002,12584,18,2011-10-30,Completed,Unknown,0.0,12
3003,12364,4,2011-10-30,Completed,Unknown,0.0,21
3004,12581,14,2011-10-31,Completed,Unknown,0.0,14
3005,12720,14,2011-10-31,Completed,Unknown,0.0,2
3006,12571,13,2011-10-31,Completed,Unknown,0.0,20
3007,13813,14,2011-10-31,Completed,Unknown,0.0,19
3008,12488,13,2011-10-31,Completed,Unknown,0.0,7
3009,12588,12,2011-10-31,Completed,Unknown,0.0,9
3010,12347,16,2011-10-31,Completed,Unknown,0.0,47
3011,12522,14,2011-10-31,Completed,Unknown,0.0,5
3012,12552,18,2011-10-31,Completed,Unknown,0.0,19
3013,12417,4,2011-10-31,Completed,Unknown,0.0,23
3014,12523,13,2011-11-01,Returned,Unknown,0.0,1
3015,12674,13,2011-11-01,Completed,Unknown,0.0,23
3016,12682,13,2011-11-01,Completed,Unknown,0.0,20
3017,12491,13,2011-11-01,Completed,Unknown,0.0,24
3018,12779,27,2011-11-02,Completed,Unknown,0.0,45
3019,12594,18,2011-11-02,Completed,Unknown,0.0,1
3020,12490,13,2011-11-02,Completed,Unknown,0.0,21
3021,14646,24,2011-11-02,Completed,Unknown,0.0,30
3022,14646,24,2011-11-02,Completed,Unknown,0.0,1
3023,14646,24,2011-11-02,Completed,Unknown,0.0,39
3024,12415,1,2011-11-02,Returned,Unknown,0.0,1
3025,12474,14,2011-11-02,Returned,Unknown,0.0,1
3026,12415,1,2011-11-02,Completed,Unknown,0.0,1
3027,12654,14,2011-11-02,Completed,Unknown,0.0,10
3028,12674,13,2011-11-03,Returned,Unknown,0.0,5
3029,12683,13,2011-11-03,Returned,Unknown,0.0,6
3030,12471,14,2011-11-03,Completed,Unknown,0.0,28
3031,12437,13,2011-11-03,Completed,Unknown,0.0,39
3032,12808,28,2011-11-03,Completed,Unknown,0.0,12
3033,12615,13,2011-11-03,Completed,Unknown,0.0,24
3034,12415,1,2011-11-03,Completed,Unknown,0.0,4
3035,12437,13,2011-11-03,Completed,Unknown,0.0,9
3036,12569,14,2011-11-03,Completed,Unknown,0.0,4
3037,12352,26,2011-11-03,Completed,Unknown,0.0,14
3038,12544,32,2011-11-03,Completed,Unknown,0.0,18
3039,12484,32,2011-11-04,Completed,Unknown,0.0,55
3040,12577,13,2011-11-04,Returned,Unknown,0.0,1
3041,12500,14,2011-11-04,Returned,Unknown,0.0,2
3042,12431,1,2011-11-04,Completed,Unknown,0.0,1
3043,12704,12,2011-11-04,Completed,Unknown,0.0,9
3044,12362,4,2011-11-04,Completed,Unknown,0.0,15
3045,12397,4,2011-11-04,Completed,Unknown,0.0,55
3046,12664,12,2011-11-04,Completed,Unknown,0.0,3
3047,12577,13,2011-11-04,Completed,Unknown,0.0,57
3048,12576,27,2011-11-04,Completed,Unknown,0.0,26
3049,12577,13,2011-11-04,Completed,Unknown,0.0,19
3050,14936,7,2011-11-06,Completed,Unknown,0.0,61
3051,12357,34,2011-11-06,Completed,Unknown,0.0,131
3052,12628,14,2011-11-06,Completed,Unknown,0.0,10
3053,12381,26,2011-11-06,Completed,Unknown,0.0,15
3054,12638,33,2011-11-06,Completed,Unknown,0.0,38
3055,12645,14,2011-11-06,Completed,Unknown,0.0,13
3056,12619,14,2011-11-06,Completed,Unknown,0.0,13
3057,14936,7,2011-11-06,Completed,Unknown,0.0,3
3058,12708,14,2011-11-07,Completed,Unknown,0.0,15
3059,12783,28,2011-11-07,Completed,Unknown,0.0,12
3060,12597,32,2011-11-07,Returned,Unknown,0.0,8
3061,12472,14,2011-11-07,Completed,Unknown,0.0,9
3062,12408,4,2011-11-07,Completed,Unknown,0.0,22
3063,12472,14,2011-11-08,Returned,Unknown,0.0,6
3064,12656,13,2011-11-08,Returned,Unknown,0.0,1
3065,12540,32,2011-11-08,Completed,Unknown,0.0,23
3066,12395,4,2011-11-08,Completed,Unknown,0.0,14
3067,12395,4,2011-11-08,Completed,Unknown,0.0,12
3068,12471,14,2011-11-08,Returned,Unknown,0.0,7
3069,12613,14,2011-11-08,Returned,Unknown,0.0,10
3070,12483,33,2011-11-08,Returned,Unknown,0.0,2
3071,12583,13,2011-11-08,Completed,Unknown,0.0,23
3072,12721,13,2011-11-08,Completed,Unknown,0.0,34
3073,12504,14,2011-11-09,Completed,Unknown,0.0,5
3074,12472,14,2011-11-09,Returned,Unknown,0.0,1
3075,12681,13,2011-11-09,Completed,Unknown,0.0,37
3076,12532,13,2011-11-09,Completed,Unknown,0.0,15
3077,14646,24,2011-11-10,Completed,Unknown,0.0,1
3078,14646,24,2011-11-10,Completed,Unknown,0.0,53
3079,14646,24,2011-11-10,Completed,Unknown,0.0,10
3080,12541,32,2011-11-10,Completed,Unknown,0.0,23
3081,12682,13,2011-11-10,Completed,Unknown,0.0,13
3082,12659,13,2011-11-10,Completed,Unknown,0.0,4
3083,12544,32,2011-11-10,Returned,Unknown,0.0,1
3084,13817,14,2011-11-10,Completed,Unknown,0.0,14
3085,12619,14,2011-11-10,Returned,Unknown,0.0,2
3086,12682,13,2011-11-10,Completed,Unknown,0.0,12
3087,12599,13,2011-11-10,Completed,Unknown,0.0,13
3088,12617,13,2011-11-10,Completed,Unknown,0.0,39
3089,12670,13,2011-11-10,Completed,Unknown,0.0,19
3090,12508,13,2011-11-10,Completed,Unknown,0.0,47
3091,12538,32,2011-11-10,Completed,Unknown,0.0,21
3092,12417,4,2011-11-10,Returned,Unknown,0.0,1
3093,12708,14,2011-11-10,Completed,Unknown,0.0,1
3094,12518,14,2011-11-11,Completed,Unknown,0.0,29
3095,12600,14,2011-11-11,Completed,Unknown,0.0,8
3096,13810,14,2011-11-11,Completed,Unknown,0.0,13
3097,12384,34,2011-11-11,Completed,Unknown,0.0,12
3098,12697,33,2011-11-11,Completed,Unknown,0.0,11
3099,12757,28,2011-11-11,Completed,Unknown,0.0,7
3100,12589,13,2011-11-11,Completed,Unknown,0.0,24
3101,12517,14,2011-11-11,Returned,Unknown,0.0,2
3102,12712,14,2011-11-11,Completed,Unknown,0.0,8
3103,12598,13,2011-11-11,Completed,Unknown,0.0,13
3104,12685,13,2011-11-11,Completed,Unknown,0.0,21
3105,12517,14,2011-11-11,Completed,Unknown,0.0,72
3106,12480,14,2011-11-11,Completed,Unknown,0.0,39
3107,12691,13,2011-11-11,Completed,Unknown,0.0,1
3108,12726,13,2011-11-11,Completed,Unknown,0.0,35
3109,12865,2,2011-11-13,Completed,Unknown,0.0,37
3110,12508,13,2011-11-13,Completed,Unknown,0.0,17
3111,13816,14,2011-11-14,Returned,Unknown,0.0,1
3112,12610,18,2011-11-14,Returned,Unknown,0.0,3
3113,12584,18,2011-11-14,Returned,Unknown,0.0,6
3114,12476,14,2011-11-14,Returned,Unknown,0.0,2
3115,12374,2,2011-11-14,Completed,Unknown,0.0,32
3116,17404,33,2011-11-14,Completed,Unknown,0.0,11
3117,12490,13,2011-11-14,Completed,Unknown,0.0,18
3118,12553,13,2011-11-14,Completed,Unknown,0.0,22
3119,12757,28,2011-11-14,Completed,Unknown,0.0,1
3120,12762,28,2011-11-14,Completed,Unknown,0.0,20
3121,12642,14,2011-11-14,Completed,Unknown,0.0,11
3122,12476,14,2011-11-14,Completed,Unknown,0.0,9
3123,12428,12,2011-11-14,Completed,Unknown,0.0,14
3124,12689,13,2011-11-14,Completed,Unknown,0.0,37
3125,12640,13,2011-11-15,Completed,Unknown,0.0,8
3126,12569,14,2011-11-15,Completed,Unknown,0.0,6
3127,12415,1,2011-11-15,Completed,Unknown,0.0,26
3128,12684,13,2011-11-15,Completed,Unknown,0.0,29
3129,12676,33,2011-11-15,Completed,Unknown,0.0,7
3130,12474,14,2011-11-15,Completed,Unknown,0.0,40
3131,12415,1,2011-11-15,Completed,Unknown,0.0,1
3132,12720,14,2011-11-16,Completed,Unknown,0.0,24
3133,14646,24,2011-11-16,Completed,Unknown,0.0,2
3134,12640,13,2011-11-16,Completed,Unknown,0.0,1
3135,12731,13,2011-11-16,Completed,Unknown,0.0,22
3136,13815,14,2011-11-16,Completed,Unknown,0.0,35
3137,12569,14,2011-11-16,Completed,Unknown,0.0,4
3138,12569,14,2011-11-16,Completed,Unknown,0.0,1
3139,12626,14,2011-11-16,Completed,Unknown,0.0,12
3140,12500,14,2011-11-16,Completed,Unknown,0.0,4
3141,12662,14,2011-11-16,Completed,Unknown,0.0,22
3142,12662,14,2011-11-16,Completed,Unknown,0.0,6
3143,13816,14,2011-11-16,Completed,Unknown,0.0,10
3144,12621,14,2011-11-16,Completed,Unknown,0.0,16
3145,12712,14,2011-11-17,Returned,Unknown,0.0,1
3146,12670,13,2011-11-17,Returned,Unknown,0.0,2
3147,14931,7,2011-11-17,Completed,Unknown,0.0,8
3148,17828,23,2011-11-17,Completed,Unknown,0.0,11
3149,12481,14,2011-11-17,Completed,Unknown,0.0,11
3150,12474,14,2011-11-17,Returned,Unknown,0.0,2
3151,12681,13,2011-11-17,Completed,Unknown,0.0,15
3152,12356,28,2011-11-17,Completed,Unknown,0.0,2
3153,12449,4,2011-11-17,Completed,Unknown,0.0,58
3154,12681,13,2011-11-17,Completed,Unknown,0.0,31
3155,12464,4,2011-11-17,Completed,Unknown,0.0,2
3156,12704,12,2011-11-17,Completed,Unknown,0.0,4
3157,12704,12,2011-11-17,Completed,Unknown,0.0,3
3158,13815,14,2011-11-17,Completed,Unknown,0.0,4
3159,12445,32,2011-11-17,Completed,Unknown,0.0,3
3160,12539,32,2011-11-17,Completed,Unknown,0.0,43
3161,12562,13,2011-11-17,Completed,Unknown,0.0,18
3162,12567,13,2011-11-17,Completed,Unknown,0.0,80
3163,12753,19,2011-11-17,Completed,Unknown,0.0,31
3164,12477,14,2011-11-17,Completed,Unknown,0.0,45
3165,12471,14,2011-11-17,Completed,Unknown,0.0,31
3166,12610,18,2011-11-17,Completed,Unknown,0.0,8
3167,12647,14,2011-11-17,Completed,Unknown,0.0,6
3168,12406,10,2011-11-17,Completed,Unknown,0.0,56
3169,12427,14,2011-11-18,Completed,Unknown,0.0,5
3170,12603,14,2011-11-18,Completed,Unknown,0.0,1
3171,14277,13,2011-11-18,Completed,Unknown,0.0,23
3172,12451,34,2011-11-18,Completed,Unknown,0.0,44
3173,12779,27,2011-11-18,Returned,Unknown,0.0,3
3174,12618,18,2011-11-18,Completed,Unknown,0.0,10
3175,12380,4,2011-11-18,Completed,Unknown,0.0,16
3176,12391,8,2011-11-18,Completed,Unknown,0.0,92
3177,12682,13,2011-11-18,Completed,Unknown,0.0,9
3178,12498,14,2011-11-18,Completed,Unknown,0.0,7
3179,12498,14,2011-11-18,Completed,Unknown,0.0,2
3180,12444,26,2011-11-18,Completed,Unknown,0.0,33
3181,12578,18,2011-11-18,Completed,Unknown,0.0,43
3182,14646,24,2011-11-18,Completed,Unknown,0.0,1
3183,12437,13,2011-11-18,Completed,Unknown,0.0,9
3184,12504,14,2011-11-18,Returned,Unknown,0.0,3
3185,12697,33,2011-11-18,Returned,Unknown,0.0,1
3186,12781,9,2011-11-18,Returned,Unknown,0.0,2
3187,12523,13,2011-11-20,Completed,Unknown,0.0,13
3188,12702,14,2011-11-20,Completed,Unknown,0.0,11
3189,12540,32,2011-11-20,Completed,Unknown,0.0,26
3190,12778,24,2011-11-20,Completed,Unknown,0.0,7
3191,12597,32,2011-11-20,Completed,Unknown,0.0,11
3192,12598,13,2011-11-20,Completed,Unknown,0.0,26
3193,12395,4,2011-11-20,Completed,Unknown,0.0,14
3194,12628,14,2011-11-21,Returned,Unknown,0.0,2
3195,12504,14,2011-11-21,Returned,Unknown,0.0,3
3196,12462,32,2011-11-21,Completed,Unknown,0.0,21
3197,12349,18,2011-11-21,Completed,Unknown,0.0,72
3198,12658,14,2011-11-21,Completed,Unknown,0.0,35
3199,12795,28,2011-11-21,Completed,Unknown,0.0,13
3200,12583,13,2011-11-21,Completed,Unknown,0.0,15
3201,12504,14,2011-11-21,Completed,Unknown,0.0,3
3202,12483,33,2011-11-22,Completed,Unknown,0.0,5
3203,12471,14,2011-11-22,Returned,Unknown,0.0,3
3204,12465,4,2011-11-22,Completed,Unknown,0.0,20
3205,12586,18,2011-11-22,Completed,Unknown,0.0,11
3206,12474,14,2011-11-22,Completed,Unknown,0.0,22
3207,14646,24,2011-11-22,Completed,Unknown,0.0,4
3208,12775,24,2011-11-22,Completed,Unknown,0.0,13
3209,12705,14,2011-11-22,Completed,Unknown,0.0,36
3210,12490,13,2011-11-22,Completed,Unknown,0.0,12
3211,12656,13,2011-11-22,Completed,Unknown,0.0,27
3212,12584,18,2011-11-22,Completed,Unknown,0.0,13
3213,12619,14,2011-11-23,Completed,Unknown,0.0,16
3214,12569,14,2011-11-23,Completed,Unknown,0.0,6
3215,12723,13,2011-11-23,Completed,Unknown,0.0,3
3216,12723,13,2011-11-23,Completed,Unknown,0.0,25
3217,14335,14,2011-11-23,Completed,Unknown,0.0,19
3218,14646,24,2011-11-23,Completed,Unknown,0.0,11
3219,14646,24,2011-11-23,Completed,Unknown,0.0,1
3220,14912,18,2011-11-23,Completed,Unknown,0.0,13
3221,12452,34,2011-11-23,Completed,Unknown,0.0,20
3222,12664,12,2011-11-23,Completed,Unknown,0.0,1
3223,17828,23,2011-11-23,Returned,Unknown,0.0,5
3224,14646,24,2011-11-23,Completed,Unknown,0.0,42
3225,12557,32,2011-11-23,Completed,Unknown,0.0,4
3226,12421,32,2011-11-24,Completed,Unknown,0.0,8
3227,12757,28,2011-11-24,Completed,Unknown,0.0,15
3228,12494,13,2011-11-24,Completed,Unknown,0.0,10
3229,12471,14,2011-11-24,Completed,Unknown,0.0,11
3230,12388,1,2011-11-24,Completed,Unknown,0.0,8
3231,14277,13,2011-11-24,Completed,Unknown,0.0,123
3232,12471,14,2011-11-24,Completed,Unknown,0.0,12
3233,12476,14,2011-11-24,Completed,Unknown,0.0,57
3234,12784,28,2011-11-24,Completed,Unknown,0.0,53
3235,12705,14,2011-11-24,Completed,Unknown,0.0,10
3236,12720,14,2011-11-24,Completed,Unknown,0.0,15
3237,12720,14,2011-11-24,Completed,Unknown,0.0,6
3238,12709,14,2011-11-24,Completed,Unknown,0.0,18
3239,14277,13,2011-11-24,Returned,Unknown,0.0,3
3240,12395,4,2011-11-24,Returned,Unknown,0.0,1
3241,12681,13,2011-11-25,Completed,Unknown,0.0,14
3242,12438,26,2011-11-25,Completed,Unknown,0.0,48
3243,12682,13,2011-11-25,Completed,Unknown,0.0,4
3244,12620,13,2011-11-25,Completed,Unknown,0.0,34
3245,12531,14,2011-11-25,Completed,Unknown,0.0,17
3246,12674,13,2011-11-28,Returned,Unknown,0.0,1
3247,12362,4,2011-11-28,Returned,Unknown,0.0,3
3248,12668,14,2011-11-28,Completed,Unknown,0.0,37
3249,12657,13,2011-11-28,Returned,Unknown,0.0,8
3250,12479,14,2011-11-28,Completed,Unknown,0.0,30
3251,12660,13,2011-11-28,Completed,Unknown,0.0,12
3252,12657,13,2011-11-28,Completed,Unknown,0.0,8
3253,12657,13,2011-11-28,Completed,Unknown,0.0,8
3254,12427,14,2011-11-28,Returned,Unknown,0.0,1
3255,12451,34,2011-11-29,Completed,Unknown,0.0,14
3256,12654,14,2011-11-29,Completed,Unknown,0.0,4
3257,12727,13,2011-11-29,Completed,Unknown,0.0,22
3258,12627,14,2011-11-29,Completed,Unknown,0.0,28
3259,12471,14,2011-11-29,Completed,Unknown,0.0,11
3260,12471,14,2011-11-29,Completed,Unknown,0.0,6
3261,12464,4,2011-11-29,Completed,Unknown,0.0,4
3262,17097,32,2011-11-29,Completed,Unknown,0.0,31
3263,12375,12,2011-11-29,Completed,Unknown,0.0,5
3264,12670,13,2011-11-29,Completed,Unknown,0.0,13
3265,12494,13,2011-11-30,Returned,Unknown,0.0,1
3266,12553,13,2011-11-30,Returned,Unknown,0.0,2
3267,14936,7,2011-11-30,Returned,Unknown,0.0,2
3268,12682,13,2011-11-30,Completed,Unknown,0.0,18
3269,12433,26,2011-11-30,Completed,Unknown,0.0,68
3270,12787,24,2011-11-30,Completed,Unknown,0.0,3
3271,12488,13,2011-11-30,Completed,Unknown,0.0,26
3272,12630,12,2011-11-30,Completed,Unknown,0.0,28
3273,12598,13,2011-11-30,Completed,Unknown,0.0,11
3274,12429,10,2011-11-30,Completed,Unknown,0.0,27
3275,12437,13,2011-11-30,Completed,Unknown,0.0,13
3276,12714,13,2011-11-30,Completed,Unknown,0.0,67
3277,12524,14,2011-11-30,Completed,Unknown,0.0,3
3278,12528,14,2011-11-30,Completed,Unknown,0.0,11
3279,12584,18,2011-11-30,Returned,Unknown,0.0,5
3280,12584,18,2011-11-30,Returned,Unknown,0.0,1
